youth_id,age,youth_county,youth_need_tags,resource_id,resource_name,resource_category,resource_county,eligibility_age_min,eligibility_age_max,matched_need_tags,match_score,default_priority,referral_method,website
YP-0001,18,Kent,GED;career;case_management;credentials;education;employment;financial_literacy;general_support;homelessness;housing;independent_living;job_training;life_skills;paid_work;postsecondary;transition_support;young_adults,R003,West End Neighborhood House Life Lines,Housing & Case Management,Statewide,16,23,case_management;education;employment;financial_literacy;housing;life_skills,63,High,Referral or program inquiry,https://westendnh.org/programs/life-lines/
YP-0001,18,Kent,GED;career;case_management;credentials;education;employment;financial_literacy;general_support;homelessness;housing;independent_living;job_training;life_skills;paid_work;postsecondary;transition_support;young_adults,R001,DSCYF Independent Living Services,Independent Living,Statewide,14,21,housing;life_skills;transition_support,33,High,Caseworker/DFS referral,https://kids.delaware.gov/family-services/independent-living/
YP-0001,18,Kent,GED;career;case_management;credentials;education;employment;financial_literacy;general_support;homelessness;housing;independent_living;job_training;life_skills;paid_work;postsecondary;transition_support;young_adults,R007,Delaware 211,Resource Navigation,Statewide,0,99,education;general_support;housing,33,High,"Call 211, text zip code to 898-211, or use website",https://delaware211.org/
YP-0001,18,Kent,GED;career;case_management;credentials;education;employment;financial_literacy;general_support;homelessness;housing;independent_living;job_training;life_skills;paid_work;postsecondary;transition_support;young_adults,R005,People's Place Independent Living,Independent Living,Statewide,16,23,case_management;life_skills;transition_support,33,High,DFS referral or self-referral for 18-23,https://peoplesplace2.com/services/independent-living
YP-0001,18,Kent,GED;career;case_management;credentials;education;employment;financial_literacy;general_support;homelessness;housing;independent_living;job_training;life_skills;paid_work;postsecondary;transition_support;young_adults,R002,DSCYF ASSIST / Aftercare 18-21,Aftercare,Statewide,18,21,housing;independent_living,23,High,Caseworker/DFS referral,https://kids.delaware.gov/family-services/il-provider-resources/
YP-0002,17,New Castle,GED;career;credentials;education;employment;general_support;postsecondary;professional_skills;resume,R022,West End Education and Employment Department,Employment & Education,New Castle,16,24,GED;credentials;postsecondary,33,High,Program inquiry,https://westendnh.org/programs/academic-education/
YP-0002,17,New Castle,GED;career;credentials;education;employment;general_support;postsecondary;professional_skills;resume,R007,Delaware 211,Resource Navigation,Statewide,0,99,education;general_support,23,High,"Call 211, text zip code to 898-211, or use website",https://delaware211.org/
YP-0002,17,New Castle,GED;career;credentials;education;employment;general_support;postsecondary;professional_skills;resume,R003,West End Neighborhood House Life Lines,Housing & Case Management,Statewide,16,23,education;employment,23,High,Referral or program inquiry,https://westendnh.org/programs/life-lines/
YP-0002,17,New Castle,GED;career;credentials;education;employment;general_support;postsecondary;professional_skills;resume,R019,YMCA of Delaware Teen Workforce Development,Employment,Statewide,15,19,professional_skills;resume,23,High,Interest form / program enrollment,https://www.ymcade.org/teen-workforce-development/
YP-0002,17,New Castle,GED;career;credentials;education;employment;general_support;postsecondary;professional_skills;resume,R016,The Warehouse,Teen Center / Engagement,New Castle,13,24,education;employment,22,Medium,Membership / program enrollment,https://teenwarehouse.org/
YP-0003,14,Sussex,career;career_pathway;case_management;college;employment;general_support;homelessness;housing;job_training;paid_work;postsecondary,R007,Delaware 211,Resource Navigation,Statewide,0,99,general_support;housing,23,High,"Call 211, text zip code to 898-211, or use website",https://delaware211.org/
YP-0003,14,Sussex,career;career_pathway;case_management;college;employment;general_support;homelessness;housing;job_training;paid_work;postsecondary,R001,DSCYF Independent Living Services,Independent Living,Statewide,14,21,housing,13,High,Caseworker/DFS referral,https://kids.delaware.gov/family-services/independent-living/
YP-0003,14,Sussex,career;career_pathway;case_management;college;employment;general_support;homelessness;housing;job_training;paid_work;postsecondary,R025,Delaware Department of Labor - Vocational Rehabilitation Transition Services,Disability / Employment,Statewide,14,24,employment,13,High,DVR referral / school referral,https://labor.delaware.gov/divisions/dvr/transition-services/
YP-0003,14,Sussex,career;career_pathway;case_management;college;employment;general_support;homelessness;housing;job_training;paid_work;postsecondary,R018,Boys & Girls Clubs of Delaware - Education and Career,Education & Career,Statewide,6,18,career,12,Medium,Join local club / program inquiry,https://www.bgclubs.org/education-and-career
YP-0003,14,Sussex,career;career_pathway;case_management;college;employment;general_support;homelessness;housing;job_training;paid_work;postsecondary,R061,Delaware Parent Resources - Higher Education Guide,Education Navigation,Statewide,14,24,college,11,Low,Website navigation / caseworker support,https://delaware.gov/guides/parent-resources/
YP-0004,19,New Castle,academic_support;career_readiness;case_management;education;financial_literacy;general_support;independent_living;life_skills;transition_support;young_adults,R003,West End Neighborhood House Life Lines,Housing & Case Management,Statewide,16,23,case_management;education;financial_literacy;life_skills,43,High,Referral or program inquiry,https://westendnh.org/programs/life-lines/
YP-0004,19,New Castle,academic_support;career_readiness;case_management;education;financial_literacy;general_support;independent_living;life_skills;transition_support;young_adults,R005,People's Place Independent Living,Independent Living,Statewide,16,23,case_management;life_skills;transition_support,33,High,DFS referral or self-referral for 18-23,https://peoplesplace2.com/services/independent-living
YP-0004,19,New Castle,academic_support;career_readiness;case_management;education;financial_literacy;general_support;independent_living;life_skills;transition_support;young_adults,R001,DSCYF Independent Living Services,Independent Living,Statewide,14,21,life_skills;transition_support,23,High,Caseworker/DFS referral,https://kids.delaware.gov/family-services/independent-living/
YP-0004,19,New Castle,academic_support;career_readiness;case_management;education;financial_literacy;general_support;independent_living;life_skills;transition_support;young_adults,R007,Delaware 211,Resource Navigation,Statewide,0,99,education;general_support,23,High,"Call 211, text zip code to 898-211, or use website",https://delaware211.org/
YP-0004,19,New Castle,academic_support;career_readiness;case_management;education;financial_literacy;general_support;independent_living;life_skills;transition_support;young_adults,R002,DSCYF ASSIST / Aftercare 18-21,Aftercare,Statewide,18,21,independent_living,13,High,Caseworker/DFS referral,https://kids.delaware.gov/family-services/il-provider-resources/
YP-0005,13,New Castle,academic_support;career;career_readiness;case_management;community;education;employment;financial_literacy;general_support;homelessness;housing;independent_living;life_skills;mentorship;positive_adult;professional_skills;resume;transition_support,R016,The Warehouse,Teen Center / Engagement,New Castle,13,24,community;education;employment;mentorship,42,Medium,Membership / program enrollment,https://teenwarehouse.org/
YP-0005,13,New Castle,academic_support;career;career_readiness;case_management;community;education;employment;financial_literacy;general_support;homelessness;housing;independent_living;life_skills;mentorship;positive_adult;professional_skills;resume;transition_support,R007,Delaware 211,Resource Navigation,Statewide,0,99,education;general_support;housing,33,High,"Call 211, text zip code to 898-211, or use website",https://delaware211.org/
YP-0005,13,New Castle,academic_support;career;career_readiness;case_management;community;education;employment;financial_literacy;general_support;homelessness;housing;independent_living;life_skills;mentorship;positive_adult;professional_skills;resume;transition_support,R017,Big Brothers Big Sisters of Delaware,Mentorship,Statewide,6,18,mentorship;positive_adult,23,High,Enroll youth / mentor match inquiry,https://bbbsde.org/
YP-0005,13,New Castle,academic_support;career;career_readiness;case_management;community;education;employment;financial_literacy;general_support;homelessness;housing;independent_living;life_skills;mentorship;positive_adult;professional_skills;resume;transition_support,R018,Boys & Girls Clubs of Delaware - Education and Career,Education & Career,Statewide,6,18,academic_support;career,22,Medium,Join local club / program inquiry,https://www.bgclubs.org/education-and-career
YP-0005,13,New Castle,academic_support;career;career_readiness;case_management;community;education;employment;financial_literacy;general_support;homelessness;housing;independent_living;life_skills;mentorship;positive_adult;professional_skills;resume;transition_support,R046,Junior Achievement of Delaware,Financial Literacy & Career,Statewide,5,18,career_readiness;financial_literacy,22,Medium,School/community program inquiry,https://delaware.ja.org/
YP-0006,16,New Castle,GED;career;case_management;credentials;education;employment;financial_literacy;general_support;homelessness;housing;independent_living;job_training;life_skills;paid_work;postsecondary;transition_support,R003,West End Neighborhood House Life Lines,Housing & Case Management,Statewide,16,23,case_management;education;employment;financial_literacy;housing;life_skills,63,High,Referral or program inquiry,https://westendnh.org/programs/life-lines/
YP-0006,16,New Castle,GED;career;case_management;credentials;education;employment;financial_literacy;general_support;homelessness;housing;independent_living;job_training;life_skills;paid_work;postsecondary;transition_support,R022,West End Education and Employment Department,Employment & Education,New Castle,16,24,GED;credentials;paid_work;postsecondary,43,High,Program inquiry,https://westendnh.org/programs/academic-education/
YP-0006,16,New Castle,GED;career;case_management;credentials;education;employment;financial_literacy;general_support;homelessness;housing;independent_living;job_training;life_skills;paid_work;postsecondary;transition_support,R001,DSCYF Independent Living Services,Independent Living,Statewide,14,21,housing;life_skills;transition_support,33,High,Caseworker/DFS referral,https://kids.delaware.gov/family-services/independent-living/
YP-0006,16,New Castle,GED;career;case_management;credentials;education;employment;financial_literacy;general_support;homelessness;housing;independent_living;job_training;life_skills;paid_work;postsecondary;transition_support,R007,Delaware 211,Resource Navigation,Statewide,0,99,education;general_support;housing,33,High,"Call 211, text zip code to 898-211, or use website",https://delaware211.org/
YP-0006,16,New Castle,GED;career;case_management;credentials;education;employment;financial_literacy;general_support;homelessness;housing;independent_living;job_training;life_skills;paid_work;postsecondary;transition_support,R005,People's Place Independent Living,Independent Living,Statewide,16,23,case_management;life_skills;transition_support,33,High,DFS referral or self-referral for 18-23,https://peoplesplace2.com/services/independent-living
YP-0007,13,New Castle,GED;career;case_management;community;credentials;education;employment;financial_literacy;general_support;homelessness;housing;independent_living;job_training;life_skills;mentorship;paid_work;positive_adult;postsecondary;transition_support,R016,The Warehouse,Teen Center / Engagement,New Castle,13,24,community;education;employment;mentorship,42,Medium,Membership / program enrollment,https://teenwarehouse.org/
YP-0007,13,New Castle,GED;career;case_management;community;credentials;education;employment;financial_literacy;general_support;homelessness;housing;independent_living;job_training;life_skills;mentorship;paid_work;positive_adult;postsecondary;transition_support,R007,Delaware 211,Resource Navigation,Statewide,0,99,education;general_support;housing,33,High,"Call 211, text zip code to 898-211, or use website",https://delaware211.org/
YP-0007,13,New Castle,GED;career;case_management;community;credentials;education;employment;financial_literacy;general_support;homelessness;housing;independent_living;job_training;life_skills;mentorship;paid_work;positive_adult;postsecondary;transition_support,R017,Big Brothers Big Sisters of Delaware,Mentorship,Statewide,6,18,mentorship;positive_adult,23,High,Enroll youth / mentor match inquiry,https://bbbsde.org/
YP-0007,13,New Castle,GED;career;case_management;community;credentials;education;employment;financial_literacy;general_support;homelessness;housing;independent_living;job_training;life_skills;mentorship;paid_work;positive_adult;postsecondary;transition_support,R018,Boys & Girls Clubs of Delaware - Education and Career,Education & Career,Statewide,6,18,career,12,Medium,Join local club / program inquiry,https://www.bgclubs.org/education-and-career
YP-0007,13,New Castle,GED;career;case_management;community;credentials;education;employment;financial_literacy;general_support;homelessness;housing;independent_living;job_training;life_skills;mentorship;paid_work;positive_adult;postsecondary;transition_support,R055,Delaware LGBTQ+ Resources and Organizations,LGBTQ+ Support,Statewide,0,99,education,12,Medium,Resource navigation,https://history.delaware.gov/lgbtq-history/local-lgbtq-resources-and-organizations/
YP-0008,15,Kent,career;career_pathway;education;employment;general_support;job_training;paid_work;postsecondary,R007,Delaware 211,Resource Navigation,Statewide,0,99,education;general_support,23,High,"Call 211, text zip code to 898-211, or use website",https://delaware211.org/
YP-0008,15,Kent,career;career_pathway;education;employment;general_support;job_training;paid_work;postsecondary,R025,Delaware Department of Labor - Vocational Rehabilitation Transition Services,Disability / Employment,Statewide,14,24,employment,13,High,DVR referral / school referral,https://labor.delaware.gov/divisions/dvr/transition-services/
YP-0008,15,Kent,career;career_pathway;education;employment;general_support;job_training;paid_work;postsecondary,R018,Boys & Girls Clubs of Delaware - Education and Career,Education & Career,Statewide,6,18,career,12,Medium,Join local club / program inquiry,https://www.bgclubs.org/education-and-career
YP-0008,15,Kent,career;career_pathway;education;employment;general_support;job_training;paid_work;postsecondary,R055,Delaware LGBTQ+ Resources and Organizations,LGBTQ+ Support,Statewide,0,99,education,12,Medium,Resource navigation,https://history.delaware.gov/lgbtq-history/local-lgbtq-resources-and-organizations/
YP-0008,15,Kent,career;career_pathway;education;employment;general_support;job_training;paid_work;postsecondary,R042,Mental Health Association in Delaware,Mental Health,Statewide,0,99,education,12,Medium,Program inquiry / referral,https://www.mhainde.org/
YP-0009,18,New Castle,career;career_pathway;case_management;college;employment;general_support;homelessness;housing;independent_living;job_training;paid_work;postsecondary;young_adults,R022,West End Education and Employment Department,Employment & Education,New Castle,16,24,career_pathway;paid_work;postsecondary,33,High,Program inquiry,https://westendnh.org/programs/academic-education/
YP-0009,18,New Castle,career;career_pathway;case_management;college;employment;general_support;homelessness;housing;independent_living;job_training;paid_work;postsecondary;young_adults,R003,West End Neighborhood House Life Lines,Housing & Case Management,Statewide,16,23,case_management;employment;housing,33,High,Referral or program inquiry,https://westendnh.org/programs/life-lines/
YP-0009,18,New Castle,career;career_pathway;case_management;college;employment;general_support;homelessness;housing;independent_living;job_training;paid_work;postsecondary;young_adults,R002,DSCYF ASSIST / Aftercare 18-21,Aftercare,Statewide,18,21,housing;independent_living,23,High,Caseworker/DFS referral,https://kids.delaware.gov/family-services/il-provider-resources/
YP-0009,18,New Castle,career;career_pathway;case_management;college;employment;general_support;homelessness;housing;independent_living;job_training;paid_work;postsecondary;young_adults,R007,Delaware 211,Resource Navigation,Statewide,0,99,general_support;housing,23,High,"Call 211, text zip code to 898-211, or use website",https://delaware211.org/
YP-0009,18,New Castle,career;career_pathway;case_management;college;employment;general_support;homelessness;housing;independent_living;job_training;paid_work;postsecondary;young_adults,R004,West End Life Lines Transitional Housing,Housing,Statewide,18,23,case_management;homelessness,23,High,Referral / eligibility screening,https://westendnh.org/programs/life-lines-programs/
YP-0010,18,Sussex,career;career_pathway;case_management;college;community;employment;financial_literacy;general_support;homelessness;housing;independent_living;life_skills;mentorship;positive_adult;postsecondary;professional_skills;resume;transition_support;young_adults,R003,West End Neighborhood House Life Lines,Housing & Case Management,Statewide,16,23,case_management;employment;financial_literacy;housing;life_skills,53,High,Referral or program inquiry,https://westendnh.org/programs/life-lines/
YP-0010,18,Sussex,career;career_pathway;case_management;college;community;employment;financial_literacy;general_support;homelessness;housing;independent_living;life_skills;mentorship;positive_adult;postsecondary;professional_skills;resume;transition_support;young_adults,R001,DSCYF Independent Living Services,Independent Living,Statewide,14,21,housing;life_skills;mentorship;transition_support,43,High,Caseworker/DFS referral,https://kids.delaware.gov/family-services/independent-living/
YP-0010,18,Sussex,career;career_pathway;case_management;college;community;employment;financial_literacy;general_support;homelessness;housing;independent_living;life_skills;mentorship;positive_adult;postsecondary;professional_skills;resume;transition_support;young_adults,R005,People's Place Independent Living,Independent Living,Statewide,16,23,case_management;life_skills;transition_support,33,High,DFS referral or self-referral for 18-23,https://peoplesplace2.com/services/independent-living
YP-0010,18,Sussex,career;career_pathway;case_management;college;community;employment;financial_literacy;general_support;homelessness;housing;independent_living;life_skills;mentorship;positive_adult;postsecondary;professional_skills;resume;transition_support;young_adults,R017,Big Brothers Big Sisters of Delaware,Mentorship,Statewide,6,18,mentorship;positive_adult,23,High,Enroll youth / mentor match inquiry,https://bbbsde.org/
YP-0010,18,Sussex,career;career_pathway;case_management;college;community;employment;financial_literacy;general_support;homelessness;housing;independent_living;life_skills;mentorship;positive_adult;postsecondary;professional_skills;resume;transition_support;young_adults,R002,DSCYF ASSIST / Aftercare 18-21,Aftercare,Statewide,18,21,housing;independent_living,23,High,Caseworker/DFS referral,https://kids.delaware.gov/family-services/il-provider-resources/
YP-0011,19,New Castle,academic_support;career_readiness;community;education;general_support;independent_living;mentorship;positive_adult;young_adults,R016,The Warehouse,Teen Center / Engagement,New Castle,13,24,community;education;mentorship,32,Medium,Membership / program enrollment,https://teenwarehouse.org/
YP-0011,19,New Castle,academic_support;career_readiness;community;education;general_support;independent_living;mentorship;positive_adult;young_adults,R007,Delaware 211,Resource Navigation,Statewide,0,99,education;general_support,23,High,"Call 211, text zip code to 898-211, or use website",https://delaware211.org/
YP-0011,19,New Castle,academic_support;career_readiness;community;education;general_support;independent_living;mentorship;positive_adult;young_adults,R002,DSCYF ASSIST / Aftercare 18-21,Aftercare,Statewide,18,21,independent_living,13,High,Caseworker/DFS referral,https://kids.delaware.gov/family-services/il-provider-resources/
YP-0011,19,New Castle,academic_support;career_readiness;community;education;general_support;independent_living;mentorship;positive_adult;young_adults,R001,DSCYF Independent Living Services,Independent Living,Statewide,14,21,mentorship,13,High,Caseworker/DFS referral,https://kids.delaware.gov/family-services/independent-living/
YP-0011,19,New Castle,academic_support;career_readiness;community;education;general_support;independent_living;mentorship;positive_adult;young_adults,R003,West End Neighborhood House Life Lines,Housing & Case Management,Statewide,16,23,education,13,High,Referral or program inquiry,https://westendnh.org/programs/life-lines/
YP-0012,18,Kent,career;career_pathway;case_management;education;employment;general_support;homelessness;housing;independent_living;job_training;paid_work;postsecondary;young_adults,R003,West End Neighborhood House Life Lines,Housing & Case Management,Statewide,16,23,case_management;education;employment;housing,43,High,Referral or program inquiry,https://westendnh.org/programs/life-lines/
YP-0012,18,Kent,career;career_pathway;case_management;education;employment;general_support;homelessness;housing;independent_living;job_training;paid_work;postsecondary;young_adults,R007,Delaware 211,Resource Navigation,Statewide,0,99,education;general_support;housing,33,High,"Call 211, text zip code to 898-211, or use website",https://delaware211.org/
YP-0012,18,Kent,career;career_pathway;case_management;education;employment;general_support;homelessness;housing;independent_living;job_training;paid_work;postsecondary;young_adults,R002,DSCYF ASSIST / Aftercare 18-21,Aftercare,Statewide,18,21,housing;independent_living,23,High,Caseworker/DFS referral,https://kids.delaware.gov/family-services/il-provider-resources/
YP-0012,18,Kent,career;career_pathway;case_management;education;employment;general_support;homelessness;housing;independent_living;job_training;paid_work;postsecondary;young_adults,R004,West End Life Lines Transitional Housing,Housing,Statewide,18,23,case_management;homelessness,23,High,Referral / eligibility screening,https://westendnh.org/programs/life-lines-programs/
YP-0012,18,Kent,career;career_pathway;case_management;education;employment;general_support;homelessness;housing;independent_living;job_training;paid_work;postsecondary;young_adults,R048,Community Legal Aid Society Inc. (CLASI),Legal Aid,Statewide,18,99,housing,13,High,Legal intake / eligibility screening,https://www.declasi.org/
YP-0013,17,Sussex,academic_support;career_readiness;case_management;education;general_support;homelessness;housing,R007,Delaware 211,Resource Navigation,Statewide,0,99,education;general_support;housing,33,High,"Call 211, text zip code to 898-211, or use website",https://delaware211.org/
YP-0013,17,Sussex,academic_support;career_readiness;case_management;education;general_support;homelessness;housing,R003,West End Neighborhood House Life Lines,Housing & Case Management,Statewide,16,23,case_management;education;housing,33,High,Referral or program inquiry,https://westendnh.org/programs/life-lines/
YP-0013,17,Sussex,academic_support;career_readiness;case_management;education;general_support;homelessness;housing,R001,DSCYF Independent Living Services,Independent Living,Statewide,14,21,housing,13,High,Caseworker/DFS referral,https://kids.delaware.gov/family-services/independent-living/
YP-0013,17,Sussex,academic_support;career_readiness;case_management;education;general_support;homelessness;housing,R005,People's Place Independent Living,Independent Living,Statewide,16,23,case_management,13,High,DFS referral or self-referral for 18-23,https://peoplesplace2.com/services/independent-living
YP-0013,17,Sussex,academic_support;career_readiness;case_management;education;general_support;homelessness;housing,R018,Boys & Girls Clubs of Delaware - Education and Career,Education & Career,Statewide,6,18,academic_support,12,Medium,Join local club / program inquiry,https://www.bgclubs.org/education-and-career
YP-0014,17,Kent,career;career_pathway;case_management;education;employment;financial_literacy;general_support;homelessness;housing;job_training;life_skills;paid_work;postsecondary;transition_support,R003,West End Neighborhood House Life Lines,Housing & Case Management,Statewide,16,23,case_management;education;employment;financial_literacy;housing;life_skills,63,High,Referral or program inquiry,https://westendnh.org/programs/life-lines/
YP-0014,17,Kent,career;career_pathway;case_management;education;employment;financial_literacy;general_support;homelessness;housing;job_training;life_skills;paid_work;postsecondary;transition_support,R001,DSCYF Independent Living Services,Independent Living,Statewide,14,21,housing;life_skills;transition_support,33,High,Caseworker/DFS referral,https://kids.delaware.gov/family-services/independent-living/
YP-0014,17,Kent,career;career_pathway;case_management;education;employment;financial_literacy;general_support;homelessness;housing;job_training;life_skills;paid_work;postsecondary;transition_support,R007,Delaware 211,Resource Navigation,Statewide,0,99,education;general_support;housing,33,High,"Call 211, text zip code to 898-211, or use website",https://delaware211.org/
YP-0014,17,Kent,career;career_pathway;case_management;education;employment;financial_literacy;general_support;homelessness;housing;job_training;life_skills;paid_work;postsecondary;transition_support,R005,People's Place Independent Living,Independent Living,Statewide,16,23,case_management;life_skills;transition_support,33,High,DFS referral or self-referral for 18-23,https://peoplesplace2.com/services/independent-living
YP-0014,17,Kent,career;career_pathway;case_management;education;employment;financial_literacy;general_support;homelessness;housing;job_training;life_skills;paid_work;postsecondary;transition_support,R025,Delaware Department of Labor - Vocational Rehabilitation Transition Services,Disability / Employment,Statewide,14,24,employment,13,High,DVR referral / school referral,https://labor.delaware.gov/divisions/dvr/transition-services/
YP-0015,17,Sussex,GED;career;case_management;credentials;education;employment;general_support;homelessness;housing;independent_living;job_training;paid_work;postsecondary,R003,West End Neighborhood House Life Lines,Housing & Case Management,Statewide,16,23,case_management;education;employment;housing,43,High,Referral or program inquiry,https://westendnh.org/programs/life-lines/
YP-0015,17,Sussex,GED;career;case_management;credentials;education;employment;general_support;homelessness;housing;independent_living;job_training;paid_work;postsecondary,R007,Delaware 211,Resource Navigation,Statewide,0,99,education;general_support;housing,33,High,"Call 211, text zip code to 898-211, or use website",https://delaware211.org/
YP-0015,17,Sussex,GED;career;case_management;credentials;education;employment;general_support;homelessness;housing;independent_living;job_training;paid_work;postsecondary,R001,DSCYF Independent Living Services,Independent Living,Statewide,14,21,housing,13,High,Caseworker/DFS referral,https://kids.delaware.gov/family-services/independent-living/
YP-0015,17,Sussex,GED;career;case_management;credentials;education;employment;general_support;homelessness;housing;independent_living;job_training;paid_work;postsecondary,R025,Delaware Department of Labor - Vocational Rehabilitation Transition Services,Disability / Employment,Statewide,14,24,employment,13,High,DVR referral / school referral,https://labor.delaware.gov/divisions/dvr/transition-services/
YP-0015,17,Sussex,GED;career;case_management;credentials;education;employment;general_support;homelessness;housing;independent_living;job_training;paid_work;postsecondary,R005,People's Place Independent Living,Independent Living,Statewide,16,23,case_management,13,High,DFS referral or self-referral for 18-23,https://peoplesplace2.com/services/independent-living
YP-0016,13,New Castle,career;career_pathway;case_management;college;employment;general_support;homelessness;housing;independent_living;postsecondary;professional_skills;resume,R007,Delaware 211,Resource Navigation,Statewide,0,99,general_support;housing,23,High,"Call 211, text zip code to 898-211, or use website",https://delaware211.org/
YP-0016,13,New Castle,career;career_pathway;case_management;college;employment;general_support;homelessness;housing;independent_living;postsecondary;professional_skills;resume,R018,Boys & Girls Clubs of Delaware - Education and Career,Education & Career,Statewide,6,18,career,12,Medium,Join local club / program inquiry,https://www.bgclubs.org/education-and-career
YP-0016,13,New Castle,career;career_pathway;case_management;college;employment;general_support;homelessness;housing;independent_living;postsecondary;professional_skills;resume,R016,The Warehouse,Teen Center / Engagement,New Castle,13,24,employment,12,Medium,Membership / program enrollment,https://teenwarehouse.org/
YP-0017,15,New Castle,career;career_pathway;case_management;community;education;employment;financial_literacy;general_support;homelessness;housing;job_training;life_skills;mentorship;paid_work;positive_adult;postsecondary;transition_support,R001,DSCYF Independent Living Services,Independent Living,Statewide,14,21,housing;life_skills;mentorship;transition_support,43,High,Caseworker/DFS referral,https://kids.delaware.gov/family-services/independent-living/
YP-0017,15,New Castle,career;career_pathway;case_management;community;education;employment;financial_literacy;general_support;homelessness;housing;job_training;life_skills;mentorship;paid_work;positive_adult;postsecondary;transition_support,R016,The Warehouse,Teen Center / Engagement,New Castle,13,24,community;education;employment;mentorship,42,Medium,Membership / program enrollment,https://teenwarehouse.org/
YP-0017,15,New Castle,career;career_pathway;case_management;community;education;employment;financial_literacy;general_support;homelessness;housing;job_training;life_skills;mentorship;paid_work;positive_adult;postsecondary;transition_support,R007,Delaware 211,Resource Navigation,Statewide,0,99,education;general_support;housing,33,High,"Call 211, text zip code to 898-211, or use website",https://delaware211.org/
YP-0017,15,New Castle,career;career_pathway;case_management;community;education;employment;financial_literacy;general_support;homelessness;housing;job_training;life_skills;mentorship;paid_work;positive_adult;postsecondary;transition_support,R017,Big Brothers Big Sisters of Delaware,Mentorship,Statewide,6,18,mentorship;positive_adult,23,High,Enroll youth / mentor match inquiry,https://bbbsde.org/
YP-0017,15,New Castle,career;career_pathway;case_management;community;education;employment;financial_literacy;general_support;homelessness;housing;job_training;life_skills;mentorship;paid_work;positive_adult;postsecondary;transition_support,R025,Delaware Department of Labor - Vocational Rehabilitation Transition Services,Disability / Employment,Statewide,14,24,employment,13,High,DVR referral / school referral,https://labor.delaware.gov/divisions/dvr/transition-services/
YP-0018,14,New Castle,career_pathway;case_management;college;financial_literacy;general_support;homelessness;housing;independent_living;life_skills;postsecondary;transition_support,R001,DSCYF Independent Living Services,Independent Living,Statewide,14,21,housing;life_skills;transition_support,33,High,Caseworker/DFS referral,https://kids.delaware.gov/family-services/independent-living/
YP-0018,14,New Castle,career_pathway;case_management;college;financial_literacy;general_support;homelessness;housing;independent_living;life_skills;postsecondary;transition_support,R007,Delaware 211,Resource Navigation,Statewide,0,99,general_support;housing,23,High,"Call 211, text zip code to 898-211, or use website",https://delaware211.org/
YP-0018,14,New Castle,career_pathway;case_management;college;financial_literacy;general_support;homelessness;housing;independent_living;life_skills;postsecondary;transition_support,R027,Independent Resources Inc. Youth Transition Life Skills Program,Disability / Life Skills,Statewide,14,28,life_skills,12,Medium,Program inquiry / referral,https://www.iri-delaware.org/iri/25-transition-life-skills-program/
YP-0018,14,New Castle,career_pathway;case_management;college;financial_literacy;general_support;homelessness;housing;independent_living;life_skills;postsecondary;transition_support,R046,Junior Achievement of Delaware,Financial Literacy & Career,Statewide,5,18,financial_literacy,12,Medium,School/community program inquiry,https://delaware.ja.org/
YP-0018,14,New Castle,career_pathway;case_management;college;financial_literacy;general_support;homelessness;housing;independent_living;life_skills;postsecondary;transition_support,R061,Delaware Parent Resources - Higher Education Guide,Education Navigation,Statewide,14,24,college,11,Low,Website navigation / caseworker support,https://delaware.gov/guides/parent-resources/
YP-0019,15,New Castle,academic_support;career;career_readiness;case_management;education;employment;general_support;homelessness;housing;independent_living;job_training;paid_work,R007,Delaware 211,Resource Navigation,Statewide,0,99,education;general_support;housing,33,High,"Call 211, text zip code to 898-211, or use website",https://delaware211.org/
YP-0019,15,New Castle,academic_support;career;career_readiness;case_management;education;employment;general_support;homelessness;housing;independent_living;job_training;paid_work,R018,Boys & Girls Clubs of Delaware - Education and Career,Education & Career,Statewide,6,18,academic_support;career,22,Medium,Join local club / program inquiry,https://www.bgclubs.org/education-and-career
YP-0019,15,New Castle,academic_support;career;career_readiness;case_management;education;employment;general_support;homelessness;housing;independent_living;job_training;paid_work,R016,The Warehouse,Teen Center / Engagement,New Castle,13,24,education;employment,22,Medium,Membership / program enrollment,https://teenwarehouse.org/
YP-0019,15,New Castle,academic_support;career;career_readiness;case_management;education;employment;general_support;homelessness;housing;independent_living;job_training;paid_work,R001,DSCYF Independent Living Services,Independent Living,Statewide,14,21,housing,13,High,Caseworker/DFS referral,https://kids.delaware.gov/family-services/independent-living/
YP-0019,15,New Castle,academic_support;career;career_readiness;case_management;education;employment;general_support;homelessness;housing;independent_living;job_training;paid_work,R025,Delaware Department of Labor - Vocational Rehabilitation Transition Services,Disability / Employment,Statewide,14,24,employment,13,High,DVR referral / school referral,https://labor.delaware.gov/divisions/dvr/transition-services/
YP-0020,13,New Castle,academic_support;career_readiness;case_management;education;general_support;homelessness;housing;independent_living,R007,Delaware 211,Resource Navigation,Statewide,0,99,education;general_support;housing,33,High,"Call 211, text zip code to 898-211, or use website",https://delaware211.org/
YP-0020,13,New Castle,academic_support;career_readiness;case_management;education;general_support;homelessness;housing;independent_living,R018,Boys & Girls Clubs of Delaware - Education and Career,Education & Career,Statewide,6,18,academic_support,12,Medium,Join local club / program inquiry,https://www.bgclubs.org/education-and-career
YP-0020,13,New Castle,academic_support;career_readiness;case_management;education;general_support;homelessness;housing;independent_living,R055,Delaware LGBTQ+ Resources and Organizations,LGBTQ+ Support,Statewide,0,99,education,12,Medium,Resource navigation,https://history.delaware.gov/lgbtq-history/local-lgbtq-resources-and-organizations/
YP-0020,13,New Castle,academic_support;career_readiness;case_management;education;general_support;homelessness;housing;independent_living,R046,Junior Achievement of Delaware,Financial Literacy & Career,Statewide,5,18,career_readiness,12,Medium,School/community program inquiry,https://delaware.ja.org/
YP-0020,13,New Castle,academic_support;career_readiness;case_management;education;general_support;homelessness;housing;independent_living,R042,Mental Health Association in Delaware,Mental Health,Statewide,0,99,education,12,Medium,Program inquiry / referral,https://www.mhainde.org/
YP-0021,13,New Castle,GED;career;case_management;community;credentials;education;employment;financial_literacy;general_support;homelessness;housing;independent_living;life_skills;mentorship;positive_adult;postsecondary;professional_skills;resume;transition_support,R016,The Warehouse,Teen Center / Engagement,New Castle,13,24,community;education;employment;mentorship,42,Medium,Membership / program enrollment,https://teenwarehouse.org/
YP-0021,13,New Castle,GED;career;case_management;community;credentials;education;employment;financial_literacy;general_support;homelessness;housing;independent_living;life_skills;mentorship;positive_adult;postsecondary;professional_skills;resume;transition_support,R007,Delaware 211,Resource Navigation,Statewide,0,99,education;general_support;housing,33,High,"Call 211, text zip code to 898-211, or use website",https://delaware211.org/
YP-0021,13,New Castle,GED;career;case_management;community;credentials;education;employment;financial_literacy;general_support;homelessness;housing;independent_living;life_skills;mentorship;positive_adult;postsecondary;professional_skills;resume;transition_support,R017,Big Brothers Big Sisters of Delaware,Mentorship,Statewide,6,18,mentorship;positive_adult,23,High,Enroll youth / mentor match inquiry,https://bbbsde.org/
YP-0021,13,New Castle,GED;career;case_management;community;credentials;education;employment;financial_literacy;general_support;homelessness;housing;independent_living;life_skills;mentorship;positive_adult;postsecondary;professional_skills;resume;transition_support,R018,Boys & Girls Clubs of Delaware - Education and Career,Education & Career,Statewide,6,18,career,12,Medium,Join local club / program inquiry,https://www.bgclubs.org/education-and-career
YP-0021,13,New Castle,GED;career;case_management;community;credentials;education;employment;financial_literacy;general_support;homelessness;housing;independent_living;life_skills;mentorship;positive_adult;postsecondary;professional_skills;resume;transition_support,R055,Delaware LGBTQ+ Resources and Organizations,LGBTQ+ Support,Statewide,0,99,education,12,Medium,Resource navigation,https://history.delaware.gov/lgbtq-history/local-lgbtq-resources-and-organizations/
YP-0022,16,Kent,career;career_pathway;college;employment;general_support;job_training;paid_work;postsecondary,R007,Delaware 211,Resource Navigation,Statewide,0,99,general_support,13,High,"Call 211, text zip code to 898-211, or use website",https://delaware211.org/
YP-0022,16,Kent,career;career_pathway;college;employment;general_support;job_training;paid_work;postsecondary,R025,Delaware Department of Labor - Vocational Rehabilitation Transition Services,Disability / Employment,Statewide,14,24,employment,13,High,DVR referral / school referral,https://labor.delaware.gov/divisions/dvr/transition-services/
YP-0022,16,Kent,career;career_pathway;college;employment;general_support;job_training;paid_work;postsecondary,R003,West End Neighborhood House Life Lines,Housing & Case Management,Statewide,16,23,employment,13,High,Referral or program inquiry,https://westendnh.org/programs/life-lines/
YP-0022,16,Kent,career;career_pathway;college;employment;general_support;job_training;paid_work;postsecondary,R018,Boys & Girls Clubs of Delaware - Education and Career,Education & Career,Statewide,6,18,career,12,Medium,Join local club / program inquiry,https://www.bgclubs.org/education-and-career
YP-0022,16,Kent,career;career_pathway;college;employment;general_support;job_training;paid_work;postsecondary,R061,Delaware Parent Resources - Higher Education Guide,Education Navigation,Statewide,14,24,college,11,Low,Website navigation / caseworker support,https://delaware.gov/guides/parent-resources/
YP-0023,18,New Castle,academic_support;career_readiness;education;general_support;independent_living;young_adults,R007,Delaware 211,Resource Navigation,Statewide,0,99,education;general_support,23,High,"Call 211, text zip code to 898-211, or use website",https://delaware211.org/
YP-0023,18,New Castle,academic_support;career_readiness;education;general_support;independent_living;young_adults,R002,DSCYF ASSIST / Aftercare 18-21,Aftercare,Statewide,18,21,independent_living,13,High,Caseworker/DFS referral,https://kids.delaware.gov/family-services/il-provider-resources/
YP-0023,18,New Castle,academic_support;career_readiness;education;general_support;independent_living;young_adults,R003,West End Neighborhood House Life Lines,Housing & Case Management,Statewide,16,23,education,13,High,Referral or program inquiry,https://westendnh.org/programs/life-lines/
YP-0023,18,New Castle,academic_support;career_readiness;education;general_support;independent_living;young_adults,R018,Boys & Girls Clubs of Delaware - Education and Career,Education & Career,Statewide,6,18,academic_support,12,Medium,Join local club / program inquiry,https://www.bgclubs.org/education-and-career
YP-0023,18,New Castle,academic_support;career_readiness;education;general_support;independent_living;young_adults,R055,Delaware LGBTQ+ Resources and Organizations,LGBTQ+ Support,Statewide,0,99,education,12,Medium,Resource navigation,https://history.delaware.gov/lgbtq-history/local-lgbtq-resources-and-organizations/
YP-0024,13,New Castle,academic_support;career;career_readiness;education;employment;general_support;job_training;paid_work,R007,Delaware 211,Resource Navigation,Statewide,0,99,education;general_support,23,High,"Call 211, text zip code to 898-211, or use website",https://delaware211.org/
YP-0024,13,New Castle,academic_support;career;career_readiness;education;employment;general_support;job_training;paid_work,R018,Boys & Girls Clubs of Delaware - Education and Career,Education & Career,Statewide,6,18,academic_support;career,22,Medium,Join local club / program inquiry,https://www.bgclubs.org/education-and-career
YP-0024,13,New Castle,academic_support;career;career_readiness;education;employment;general_support;job_training;paid_work,R016,The Warehouse,Teen Center / Engagement,New Castle,13,24,education;employment,22,Medium,Membership / program enrollment,https://teenwarehouse.org/
YP-0024,13,New Castle,academic_support;career;career_readiness;education;employment;general_support;job_training;paid_work,R055,Delaware LGBTQ+ Resources and Organizations,LGBTQ+ Support,Statewide,0,99,education,12,Medium,Resource navigation,https://history.delaware.gov/lgbtq-history/local-lgbtq-resources-and-organizations/
YP-0024,13,New Castle,academic_support;career;career_readiness;education;employment;general_support;job_training;paid_work,R046,Junior Achievement of Delaware,Financial Literacy & Career,Statewide,5,18,career_readiness,12,Medium,School/community program inquiry,https://delaware.ja.org/
YP-0025,18,New Castle,career;career_pathway;case_management;college;employment;general_support;homelessness;housing;independent_living;job_training;paid_work;postsecondary;young_adults,R022,West End Education and Employment Department,Employment & Education,New Castle,16,24,career_pathway;paid_work;postsecondary,33,High,Program inquiry,https://westendnh.org/programs/academic-education/
YP-0025,18,New Castle,career;career_pathway;case_management;college;employment;general_support;homelessness;housing;independent_living;job_training;paid_work;postsecondary;young_adults,R003,West End Neighborhood House Life Lines,Housing & Case Management,Statewide,16,23,case_management;employment;housing,33,High,Referral or program inquiry,https://westendnh.org/programs/life-lines/
YP-0025,18,New Castle,career;career_pathway;case_management;college;employment;general_support;homelessness;housing;independent_living;job_training;paid_work;postsecondary;young_adults,R002,DSCYF ASSIST / Aftercare 18-21,Aftercare,Statewide,18,21,housing;independent_living,23,High,Caseworker/DFS referral,https://kids.delaware.gov/family-services/il-provider-resources/
YP-0025,18,New Castle,career;career_pathway;case_management;college;employment;general_support;homelessness;housing;independent_living;job_training;paid_work;postsecondary;young_adults,R007,Delaware 211,Resource Navigation,Statewide,0,99,general_support;housing,23,High,"Call 211, text zip code to 898-211, or use website",https://delaware211.org/
YP-0025,18,New Castle,career;career_pathway;case_management;college;employment;general_support;homelessness;housing;independent_living;job_training;paid_work;postsecondary;young_adults,R004,West End Life Lines Transitional Housing,Housing,Statewide,18,23,case_management;homelessness,23,High,Referral / eligibility screening,https://westendnh.org/programs/life-lines-programs/
YP-0026,18,New Castle,career;career_pathway;community;education;employment;general_support;independent_living;job_training;mentorship;paid_work;positive_adult;postsecondary;young_adults,R016,The Warehouse,Teen Center / Engagement,New Castle,13,24,community;education;employment;mentorship,42,Medium,Membership / program enrollment,https://teenwarehouse.org/
YP-0026,18,New Castle,career;career_pathway;community;education;employment;general_support;independent_living;job_training;mentorship;paid_work;positive_adult;postsecondary;young_adults,R022,West End Education and Employment Department,Employment & Education,New Castle,16,24,career_pathway;paid_work;postsecondary,33,High,Program inquiry,https://westendnh.org/programs/academic-education/
YP-0026,18,New Castle,career;career_pathway;community;education;employment;general_support;independent_living;job_training;mentorship;paid_work;positive_adult;postsecondary;young_adults,R017,Big Brothers Big Sisters of Delaware,Mentorship,Statewide,6,18,mentorship;positive_adult,23,High,Enroll youth / mentor match inquiry,https://bbbsde.org/
YP-0026,18,New Castle,career;career_pathway;community;education;employment;general_support;independent_living;job_training;mentorship;paid_work;positive_adult;postsecondary;young_adults,R007,Delaware 211,Resource Navigation,Statewide,0,99,education;general_support,23,High,"Call 211, text zip code to 898-211, or use website",https://delaware211.org/
YP-0026,18,New Castle,career;career_pathway;community;education;employment;general_support;independent_living;job_training;mentorship;paid_work;positive_adult;postsecondary;young_adults,R003,West End Neighborhood House Life Lines,Housing & Case Management,Statewide,16,23,education;employment,23,High,Referral or program inquiry,https://westendnh.org/programs/life-lines/
YP-0027,16,Sussex,career;career_pathway;education;employment;general_support;job_training;paid_work;postsecondary,R007,Delaware 211,Resource Navigation,Statewide,0,99,education;general_support,23,High,"Call 211, text zip code to 898-211, or use website",https://delaware211.org/
YP-0027,16,Sussex,career;career_pathway;education;employment;general_support;job_training;paid_work;postsecondary,R003,West End Neighborhood House Life Lines,Housing & Case Management,Statewide,16,23,education;employment,23,High,Referral or program inquiry,https://westendnh.org/programs/life-lines/
YP-0027,16,Sussex,career;career_pathway;education;employment;general_support;job_training;paid_work;postsecondary,R025,Delaware Department of Labor - Vocational Rehabilitation Transition Services,Disability / Employment,Statewide,14,24,employment,13,High,DVR referral / school referral,https://labor.delaware.gov/divisions/dvr/transition-services/
YP-0027,16,Sussex,career;career_pathway;education;employment;general_support;job_training;paid_work;postsecondary,R018,Boys & Girls Clubs of Delaware - Education and Career,Education & Career,Statewide,6,18,career,12,Medium,Join local club / program inquiry,https://www.bgclubs.org/education-and-career
YP-0027,16,Sussex,career;career_pathway;education;employment;general_support;job_training;paid_work;postsecondary,R055,Delaware LGBTQ+ Resources and Organizations,LGBTQ+ Support,Statewide,0,99,education,12,Medium,Resource navigation,https://history.delaware.gov/lgbtq-history/local-lgbtq-resources-and-organizations/
YP-0028,13,Sussex,career;career_pathway;case_management;college;employment;financial_literacy;general_support;homelessness;housing;independent_living;job_training;life_skills;paid_work;postsecondary;transition_support,R007,Delaware 211,Resource Navigation,Statewide,0,99,general_support;housing,23,High,"Call 211, text zip code to 898-211, or use website",https://delaware211.org/
YP-0028,13,Sussex,career;career_pathway;case_management;college;employment;financial_literacy;general_support;homelessness;housing;independent_living;job_training;life_skills;paid_work;postsecondary;transition_support,R018,Boys & Girls Clubs of Delaware - Education and Career,Education & Career,Statewide,6,18,career,12,Medium,Join local club / program inquiry,https://www.bgclubs.org/education-and-career
YP-0028,13,Sussex,career;career_pathway;case_management;college;employment;financial_literacy;general_support;homelessness;housing;independent_living;job_training;life_skills;paid_work;postsecondary;transition_support,R046,Junior Achievement of Delaware,Financial Literacy & Career,Statewide,5,18,financial_literacy,12,Medium,School/community program inquiry,https://delaware.ja.org/
YP-0029,14,Sussex,academic_support;career;career_readiness;education;employment;general_support;job_training;paid_work,R007,Delaware 211,Resource Navigation,Statewide,0,99,education;general_support,23,High,"Call 211, text zip code to 898-211, or use website",https://delaware211.org/
YP-0029,14,Sussex,academic_support;career;career_readiness;education;employment;general_support;job_training;paid_work,R018,Boys & Girls Clubs of Delaware - Education and Career,Education & Career,Statewide,6,18,academic_support;career,22,Medium,Join local club / program inquiry,https://www.bgclubs.org/education-and-career
YP-0029,14,Sussex,academic_support;career;career_readiness;education;employment;general_support;job_training;paid_work,R025,Delaware Department of Labor - Vocational Rehabilitation Transition Services,Disability / Employment,Statewide,14,24,employment,13,High,DVR referral / school referral,https://labor.delaware.gov/divisions/dvr/transition-services/
YP-0029,14,Sussex,academic_support;career;career_readiness;education;employment;general_support;job_training;paid_work,R055,Delaware LGBTQ+ Resources and Organizations,LGBTQ+ Support,Statewide,0,99,education,12,Medium,Resource navigation,https://history.delaware.gov/lgbtq-history/local-lgbtq-resources-and-organizations/
YP-0029,14,Sussex,academic_support;career;career_readiness;education;employment;general_support;job_training;paid_work,R024,Jobs for Delaware Graduates,Education & Employment,Statewide,14,21,career_readiness,12,Medium,School/program referral,https://jobsdegrads.org/
YP-0030,13,Sussex,career;career_pathway;case_management;education;employment;financial_literacy;general_support;homelessness;housing;independent_living;life_skills;postsecondary;professional_skills;resume;transition_support,R007,Delaware 211,Resource Navigation,Statewide,0,99,education;general_support;housing,33,High,"Call 211, text zip code to 898-211, or use website",https://delaware211.org/
YP-0030,13,Sussex,career;career_pathway;case_management;education;employment;financial_literacy;general_support;homelessness;housing;independent_living;life_skills;postsecondary;professional_skills;resume;transition_support,R018,Boys & Girls Clubs of Delaware - Education and Career,Education & Career,Statewide,6,18,career,12,Medium,Join local club / program inquiry,https://www.bgclubs.org/education-and-career
YP-0030,13,Sussex,career;career_pathway;case_management;education;employment;financial_literacy;general_support;homelessness;housing;independent_living;life_skills;postsecondary;professional_skills;resume;transition_support,R055,Delaware LGBTQ+ Resources and Organizations,LGBTQ+ Support,Statewide,0,99,education,12,Medium,Resource navigation,https://history.delaware.gov/lgbtq-history/local-lgbtq-resources-and-organizations/
YP-0030,13,Sussex,career;career_pathway;case_management;education;employment;financial_literacy;general_support;homelessness;housing;independent_living;life_skills;postsecondary;professional_skills;resume;transition_support,R046,Junior Achievement of Delaware,Financial Literacy & Career,Statewide,5,18,financial_literacy,12,Medium,School/community program inquiry,https://delaware.ja.org/
YP-0030,13,Sussex,career;career_pathway;case_management;education;employment;financial_literacy;general_support;homelessness;housing;independent_living;life_skills;postsecondary;professional_skills;resume;transition_support,R042,Mental Health Association in Delaware,Mental Health,Statewide,0,99,education,12,Medium,Program inquiry / referral,https://www.mhainde.org/
YP-0031,13,New Castle,academic_support;career;career_readiness;education;employment;general_support;job_training;paid_work,R007,Delaware 211,Resource Navigation,Statewide,0,99,education;general_support,23,High,"Call 211, text zip code to 898-211, or use website",https://delaware211.org/
YP-0031,13,New Castle,academic_support;career;career_readiness;education;employment;general_support;job_training;paid_work,R018,Boys & Girls Clubs of Delaware - Education and Career,Education & Career,Statewide,6,18,academic_support;career,22,Medium,Join local club / program inquiry,https://www.bgclubs.org/education-and-career
YP-0031,13,New Castle,academic_support;career;career_readiness;education;employment;general_support;job_training;paid_work,R016,The Warehouse,Teen Center / Engagement,New Castle,13,24,education;employment,22,Medium,Membership / program enrollment,https://teenwarehouse.org/
YP-0031,13,New Castle,academic_support;career;career_readiness;education;employment;general_support;job_training;paid_work,R055,Delaware LGBTQ+ Resources and Organizations,LGBTQ+ Support,Statewide,0,99,education,12,Medium,Resource navigation,https://history.delaware.gov/lgbtq-history/local-lgbtq-resources-and-organizations/
YP-0031,13,New Castle,academic_support;career;career_readiness;education;employment;general_support;job_training;paid_work,R046,Junior Achievement of Delaware,Financial Literacy & Career,Statewide,5,18,career_readiness,12,Medium,School/community program inquiry,https://delaware.ja.org/
YP-0032,13,Kent,career;career_pathway;case_management;education;employment;general_support;homelessness;housing;independent_living;job_training;paid_work;postsecondary,R007,Delaware 211,Resource Navigation,Statewide,0,99,education;general_support;housing,33,High,"Call 211, text zip code to 898-211, or use website",https://delaware211.org/
YP-0032,13,Kent,career;career_pathway;case_management;education;employment;general_support;homelessness;housing;independent_living;job_training;paid_work;postsecondary,R018,Boys & Girls Clubs of Delaware - Education and Career,Education & Career,Statewide,6,18,career,12,Medium,Join local club / program inquiry,https://www.bgclubs.org/education-and-career
YP-0032,13,Kent,career;career_pathway;case_management;education;employment;general_support;homelessness;housing;independent_living;job_training;paid_work;postsecondary,R055,Delaware LGBTQ+ Resources and Organizations,LGBTQ+ Support,Statewide,0,99,education,12,Medium,Resource navigation,https://history.delaware.gov/lgbtq-history/local-lgbtq-resources-and-organizations/
YP-0032,13,Kent,career;career_pathway;case_management;education;employment;general_support;homelessness;housing;independent_living;job_training;paid_work;postsecondary,R042,Mental Health Association in Delaware,Mental Health,Statewide,0,99,education,12,Medium,Program inquiry / referral,https://www.mhainde.org/
YP-0033,19,New Castle,career_pathway;college;general_support;independent_living;postsecondary;young_adults,R022,West End Education and Employment Department,Employment & Education,New Castle,16,24,career_pathway;postsecondary,23,High,Program inquiry,https://westendnh.org/programs/academic-education/
YP-0033,19,New Castle,career_pathway;college;general_support;independent_living;postsecondary;young_adults,R002,DSCYF ASSIST / Aftercare 18-21,Aftercare,Statewide,18,21,independent_living,13,High,Caseworker/DFS referral,https://kids.delaware.gov/family-services/il-provider-resources/
YP-0033,19,New Castle,career_pathway;college;general_support;independent_living;postsecondary;young_adults,R007,Delaware 211,Resource Navigation,Statewide,0,99,general_support,13,High,"Call 211, text zip code to 898-211, or use website",https://delaware211.org/
YP-0033,19,New Castle,career_pathway;college;general_support;independent_living;postsecondary;young_adults,R009,Foster Care Tuition Waiver Program,Education Funding,Statewide,18,26,college,13,High,Eligibility application / caseworker support,https://kids.delaware.gov/family-services/foster-care-tuition-waiver-program/
YP-0033,19,New Castle,career_pathway;college;general_support;independent_living;postsecondary;young_adults,R011,Delaware Courts Scholarships for Foster Care Alumni,Education Funding,Statewide,18,26,postsecondary,12,Medium,Application support,https://courts.delaware.gov/childadvocate/scholarships.aspx
YP-0034,17,New Castle,GED;credentials;education;general_support;postsecondary,R022,West End Education and Employment Department,Employment & Education,New Castle,16,24,GED;credentials;postsecondary,33,High,Program inquiry,https://westendnh.org/programs/academic-education/
YP-0034,17,New Castle,GED;credentials;education;general_support;postsecondary,R007,Delaware 211,Resource Navigation,Statewide,0,99,education;general_support,23,High,"Call 211, text zip code to 898-211, or use website",https://delaware211.org/
YP-0034,17,New Castle,GED;credentials;education;general_support;postsecondary,R003,West End Neighborhood House Life Lines,Housing & Case Management,Statewide,16,23,education,13,High,Referral or program inquiry,https://westendnh.org/programs/life-lines/
YP-0034,17,New Castle,GED;credentials;education;general_support;postsecondary,R021,Wilmington Housing Authority YouthBuild,Employment & Education,New Castle,16,24,GED,13,High,Program application,https://whadelaware.org/about-wha/employment-opportunities-and-training-programs/youthbuild
YP-0034,17,New Castle,GED;credentials;education;general_support;postsecondary,R055,Delaware LGBTQ+ Resources and Organizations,LGBTQ+ Support,Statewide,0,99,education,12,Medium,Resource navigation,https://history.delaware.gov/lgbtq-history/local-lgbtq-resources-and-organizations/
YP-0035,13,New Castle,career;career_pathway;case_management;college;employment;financial_literacy;general_support;job_training;life_skills;paid_work;postsecondary;transition_support,R007,Delaware 211,Resource Navigation,Statewide,0,99,general_support,13,High,"Call 211, text zip code to 898-211, or use website",https://delaware211.org/
YP-0035,13,New Castle,career;career_pathway;case_management;college;employment;financial_literacy;general_support;job_training;life_skills;paid_work;postsecondary;transition_support,R018,Boys & Girls Clubs of Delaware - Education and Career,Education & Career,Statewide,6,18,career,12,Medium,Join local club / program inquiry,https://www.bgclubs.org/education-and-career
YP-0035,13,New Castle,career;career_pathway;case_management;college;employment;financial_literacy;general_support;job_training;life_skills;paid_work;postsecondary;transition_support,R046,Junior Achievement of Delaware,Financial Literacy & Career,Statewide,5,18,financial_literacy,12,Medium,School/community program inquiry,https://delaware.ja.org/
YP-0035,13,New Castle,career;career_pathway;case_management;college;employment;financial_literacy;general_support;job_training;life_skills;paid_work;postsecondary;transition_support,R016,The Warehouse,Teen Center / Engagement,New Castle,13,24,employment,12,Medium,Membership / program enrollment,https://teenwarehouse.org/
YP-0036,17,New Castle,academic_support;career;career_readiness;case_management;education;employment;financial_literacy;general_support;life_skills;professional_skills;resume;transition_support,R003,West End Neighborhood House Life Lines,Housing & Case Management,Statewide,16,23,case_management;education;employment;financial_literacy;life_skills,53,High,Referral or program inquiry,https://westendnh.org/programs/life-lines/
YP-0036,17,New Castle,academic_support;career;career_readiness;case_management;education;employment;financial_literacy;general_support;life_skills;professional_skills;resume;transition_support,R005,People's Place Independent Living,Independent Living,Statewide,16,23,case_management;life_skills;transition_support,33,High,DFS referral or self-referral for 18-23,https://peoplesplace2.com/services/independent-living
YP-0036,17,New Castle,academic_support;career;career_readiness;case_management;education;employment;financial_literacy;general_support;life_skills;professional_skills;resume;transition_support,R001,DSCYF Independent Living Services,Independent Living,Statewide,14,21,life_skills;transition_support,23,High,Caseworker/DFS referral,https://kids.delaware.gov/family-services/independent-living/
YP-0036,17,New Castle,academic_support;career;career_readiness;case_management;education;employment;financial_literacy;general_support;life_skills;professional_skills;resume;transition_support,R007,Delaware 211,Resource Navigation,Statewide,0,99,education;general_support,23,High,"Call 211, text zip code to 898-211, or use website",https://delaware211.org/
YP-0036,17,New Castle,academic_support;career;career_readiness;case_management;education;employment;financial_literacy;general_support;life_skills;professional_skills;resume;transition_support,R019,YMCA of Delaware Teen Workforce Development,Employment,Statewide,15,19,professional_skills;resume,23,High,Interest form / program enrollment,https://www.ymcade.org/teen-workforce-development/
YP-0037,15,New Castle,academic_support;career;career_readiness;education;employment;general_support;job_training;paid_work,R007,Delaware 211,Resource Navigation,Statewide,0,99,education;general_support,23,High,"Call 211, text zip code to 898-211, or use website",https://delaware211.org/
YP-0037,15,New Castle,academic_support;career;career_readiness;education;employment;general_support;job_training;paid_work,R018,Boys & Girls Clubs of Delaware - Education and Career,Education & Career,Statewide,6,18,academic_support;career,22,Medium,Join local club / program inquiry,https://www.bgclubs.org/education-and-career
YP-0037,15,New Castle,academic_support;career;career_readiness;education;employment;general_support;job_training;paid_work,R016,The Warehouse,Teen Center / Engagement,New Castle,13,24,education;employment,22,Medium,Membership / program enrollment,https://teenwarehouse.org/
YP-0037,15,New Castle,academic_support;career;career_readiness;education;employment;general_support;job_training;paid_work,R025,Delaware Department of Labor - Vocational Rehabilitation Transition Services,Disability / Employment,Statewide,14,24,employment,13,High,DVR referral / school referral,https://labor.delaware.gov/divisions/dvr/transition-services/
YP-0037,15,New Castle,academic_support;career;career_readiness;education;employment;general_support;job_training;paid_work,R055,Delaware LGBTQ+ Resources and Organizations,LGBTQ+ Support,Statewide,0,99,education,12,Medium,Resource navigation,https://history.delaware.gov/lgbtq-history/local-lgbtq-resources-and-organizations/
YP-0038,15,New Castle,GED;career;case_management;credentials;education;employment;general_support;homelessness;housing;independent_living;job_training;paid_work;postsecondary,R007,Delaware 211,Resource Navigation,Statewide,0,99,education;general_support;housing,33,High,"Call 211, text zip code to 898-211, or use website",https://delaware211.org/
YP-0038,15,New Castle,GED;career;case_management;credentials;education;employment;general_support;homelessness;housing;independent_living;job_training;paid_work;postsecondary,R016,The Warehouse,Teen Center / Engagement,New Castle,13,24,education;employment,22,Medium,Membership / program enrollment,https://teenwarehouse.org/
YP-0038,15,New Castle,GED;career;case_management;credentials;education;employment;general_support;homelessness;housing;independent_living;job_training;paid_work;postsecondary,R001,DSCYF Independent Living Services,Independent Living,Statewide,14,21,housing,13,High,Caseworker/DFS referral,https://kids.delaware.gov/family-services/independent-living/
YP-0038,15,New Castle,GED;career;case_management;credentials;education;employment;general_support;homelessness;housing;independent_living;job_training;paid_work;postsecondary,R025,Delaware Department of Labor - Vocational Rehabilitation Transition Services,Disability / Employment,Statewide,14,24,employment,13,High,DVR referral / school referral,https://labor.delaware.gov/divisions/dvr/transition-services/
YP-0038,15,New Castle,GED;career;case_management;credentials;education;employment;general_support;homelessness;housing;independent_living;job_training;paid_work;postsecondary,R018,Boys & Girls Clubs of Delaware - Education and Career,Education & Career,Statewide,6,18,career,12,Medium,Join local club / program inquiry,https://www.bgclubs.org/education-and-career
YP-0039,15,New Castle,academic_support;career_readiness;case_management;community;education;general_support;homelessness;housing;independent_living;mentorship;positive_adult,R007,Delaware 211,Resource Navigation,Statewide,0,99,education;general_support;housing,33,High,"Call 211, text zip code to 898-211, or use website",https://delaware211.org/
YP-0039,15,New Castle,academic_support;career_readiness;case_management;community;education;general_support;homelessness;housing;independent_living;mentorship;positive_adult,R016,The Warehouse,Teen Center / Engagement,New Castle,13,24,community;education;mentorship,32,Medium,Membership / program enrollment,https://teenwarehouse.org/
YP-0039,15,New Castle,academic_support;career_readiness;case_management;community;education;general_support;homelessness;housing;independent_living;mentorship;positive_adult,R017,Big Brothers Big Sisters of Delaware,Mentorship,Statewide,6,18,mentorship;positive_adult,23,High,Enroll youth / mentor match inquiry,https://bbbsde.org/
YP-0039,15,New Castle,academic_support;career_readiness;case_management;community;education;general_support;homelessness;housing;independent_living;mentorship;positive_adult,R001,DSCYF Independent Living Services,Independent Living,Statewide,14,21,housing;mentorship,23,High,Caseworker/DFS referral,https://kids.delaware.gov/family-services/independent-living/
YP-0039,15,New Castle,academic_support;career_readiness;case_management;community;education;general_support;homelessness;housing;independent_living;mentorship;positive_adult,R018,Boys & Girls Clubs of Delaware - Education and Career,Education & Career,Statewide,6,18,academic_support,12,Medium,Join local club / program inquiry,https://www.bgclubs.org/education-and-career
YP-0040,17,Sussex,career;career_pathway;case_management;college;community;employment;financial_literacy;general_support;homelessness;housing;independent_living;job_training;life_skills;mentorship;paid_work;positive_adult;postsecondary;transition_support,R003,West End Neighborhood House Life Lines,Housing & Case Management,Statewide,16,23,case_management;employment;financial_literacy;housing;life_skills,53,High,Referral or program inquiry,https://westendnh.org/programs/life-lines/
YP-0040,17,Sussex,career;career_pathway;case_management;college;community;employment;financial_literacy;general_support;homelessness;housing;independent_living;job_training;life_skills;mentorship;paid_work;positive_adult;postsecondary;transition_support,R001,DSCYF Independent Living Services,Independent Living,Statewide,14,21,housing;life_skills;mentorship;transition_support,43,High,Caseworker/DFS referral,https://kids.delaware.gov/family-services/independent-living/
YP-0040,17,Sussex,career;career_pathway;case_management;college;community;employment;financial_literacy;general_support;homelessness;housing;independent_living;job_training;life_skills;mentorship;paid_work;positive_adult;postsecondary;transition_support,R005,People's Place Independent Living,Independent Living,Statewide,16,23,case_management;life_skills;transition_support,33,High,DFS referral or self-referral for 18-23,https://peoplesplace2.com/services/independent-living
YP-0040,17,Sussex,career;career_pathway;case_management;college;community;employment;financial_literacy;general_support;homelessness;housing;independent_living;job_training;life_skills;mentorship;paid_work;positive_adult;postsecondary;transition_support,R017,Big Brothers Big Sisters of Delaware,Mentorship,Statewide,6,18,mentorship;positive_adult,23,High,Enroll youth / mentor match inquiry,https://bbbsde.org/
YP-0040,17,Sussex,career;career_pathway;case_management;college;community;employment;financial_literacy;general_support;homelessness;housing;independent_living;job_training;life_skills;mentorship;paid_work;positive_adult;postsecondary;transition_support,R007,Delaware 211,Resource Navigation,Statewide,0,99,general_support;housing,23,High,"Call 211, text zip code to 898-211, or use website",https://delaware211.org/
YP-0041,15,New Castle,career;career_pathway;case_management;college;employment;general_support;homelessness;housing;independent_living;job_training;paid_work;postsecondary,R007,Delaware 211,Resource Navigation,Statewide,0,99,general_support;housing,23,High,"Call 211, text zip code to 898-211, or use website",https://delaware211.org/
YP-0041,15,New Castle,career;career_pathway;case_management;college;employment;general_support;homelessness;housing;independent_living;job_training;paid_work;postsecondary,R001,DSCYF Independent Living Services,Independent Living,Statewide,14,21,housing,13,High,Caseworker/DFS referral,https://kids.delaware.gov/family-services/independent-living/
YP-0041,15,New Castle,career;career_pathway;case_management;college;employment;general_support;homelessness;housing;independent_living;job_training;paid_work;postsecondary,R025,Delaware Department of Labor - Vocational Rehabilitation Transition Services,Disability / Employment,Statewide,14,24,employment,13,High,DVR referral / school referral,https://labor.delaware.gov/divisions/dvr/transition-services/
YP-0041,15,New Castle,career;career_pathway;case_management;college;employment;general_support;homelessness;housing;independent_living;job_training;paid_work;postsecondary,R018,Boys & Girls Clubs of Delaware - Education and Career,Education & Career,Statewide,6,18,career,12,Medium,Join local club / program inquiry,https://www.bgclubs.org/education-and-career
YP-0041,15,New Castle,career;career_pathway;case_management;college;employment;general_support;homelessness;housing;independent_living;job_training;paid_work;postsecondary,R020,New Castle County Youth Workforce Development Program,Employment,New Castle,14,21,paid_work,12,Medium,Application,https://www.newcastlede.gov/859/Youth-Workforce-Development-Program
YP-0042,15,New Castle,career;career_pathway;case_management;college;community;employment;financial_literacy;general_support;homelessness;housing;job_training;life_skills;mentorship;paid_work;positive_adult;postsecondary;transition_support,R001,DSCYF Independent Living Services,Independent Living,Statewide,14,21,housing;life_skills;mentorship;transition_support,43,High,Caseworker/DFS referral,https://kids.delaware.gov/family-services/independent-living/
YP-0042,15,New Castle,career;career_pathway;case_management;college;community;employment;financial_literacy;general_support;homelessness;housing;job_training;life_skills;mentorship;paid_work;positive_adult;postsecondary;transition_support,R016,The Warehouse,Teen Center / Engagement,New Castle,13,24,community;employment;mentorship,32,Medium,Membership / program enrollment,https://teenwarehouse.org/
YP-0042,15,New Castle,career;career_pathway;case_management;college;community;employment;financial_literacy;general_support;homelessness;housing;job_training;life_skills;mentorship;paid_work;positive_adult;postsecondary;transition_support,R017,Big Brothers Big Sisters of Delaware,Mentorship,Statewide,6,18,mentorship;positive_adult,23,High,Enroll youth / mentor match inquiry,https://bbbsde.org/
YP-0042,15,New Castle,career;career_pathway;case_management;college;community;employment;financial_literacy;general_support;homelessness;housing;job_training;life_skills;mentorship;paid_work;positive_adult;postsecondary;transition_support,R007,Delaware 211,Resource Navigation,Statewide,0,99,general_support;housing,23,High,"Call 211, text zip code to 898-211, or use website",https://delaware211.org/
YP-0042,15,New Castle,career;career_pathway;case_management;college;community;employment;financial_literacy;general_support;homelessness;housing;job_training;life_skills;mentorship;paid_work;positive_adult;postsecondary;transition_support,R025,Delaware Department of Labor - Vocational Rehabilitation Transition Services,Disability / Employment,Statewide,14,24,employment,13,High,DVR referral / school referral,https://labor.delaware.gov/divisions/dvr/transition-services/
YP-0043,19,New Castle,GED;career;credentials;education;employment;general_support;independent_living;job_training;paid_work;postsecondary;young_adults,R022,West End Education and Employment Department,Employment & Education,New Castle,16,24,GED;credentials;paid_work;postsecondary,43,High,Program inquiry,https://westendnh.org/programs/academic-education/
YP-0043,19,New Castle,GED;career;credentials;education;employment;general_support;independent_living;job_training;paid_work;postsecondary;young_adults,R007,Delaware 211,Resource Navigation,Statewide,0,99,education;general_support,23,High,"Call 211, text zip code to 898-211, or use website",https://delaware211.org/
YP-0043,19,New Castle,GED;career;credentials;education;employment;general_support;independent_living;job_training;paid_work;postsecondary;young_adults,R003,West End Neighborhood House Life Lines,Housing & Case Management,Statewide,16,23,education;employment,23,High,Referral or program inquiry,https://westendnh.org/programs/life-lines/
YP-0043,19,New Castle,GED;career;credentials;education;employment;general_support;independent_living;job_training;paid_work;postsecondary;young_adults,R021,Wilmington Housing Authority YouthBuild,Employment & Education,New Castle,16,24,GED;job_training,23,High,Program application,https://whadelaware.org/about-wha/employment-opportunities-and-training-programs/youthbuild
YP-0043,19,New Castle,GED;career;credentials;education;employment;general_support;independent_living;job_training;paid_work;postsecondary;young_adults,R023,The Challenge Program,Employment & Education,New Castle,16,24,GED;job_training,22,Medium,Program inquiry,https://www.challengeprogram.org/
YP-0044,15,Sussex,academic_support;career;career_readiness;case_management;education;employment;general_support;homelessness;housing;independent_living;professional_skills;resume,R007,Delaware 211,Resource Navigation,Statewide,0,99,education;general_support;housing,33,High,"Call 211, text zip code to 898-211, or use website",https://delaware211.org/
YP-0044,15,Sussex,academic_support;career;career_readiness;case_management;education;employment;general_support;homelessness;housing;independent_living;professional_skills;resume,R019,YMCA of Delaware Teen Workforce Development,Employment,Statewide,15,19,professional_skills;resume,23,High,Interest form / program enrollment,https://www.ymcade.org/teen-workforce-development/
YP-0044,15,Sussex,academic_support;career;career_readiness;case_management;education;employment;general_support;homelessness;housing;independent_living;professional_skills;resume,R018,Boys & Girls Clubs of Delaware - Education and Career,Education & Career,Statewide,6,18,academic_support;career,22,Medium,Join local club / program inquiry,https://www.bgclubs.org/education-and-career
YP-0044,15,Sussex,academic_support;career;career_readiness;case_management;education;employment;general_support;homelessness;housing;independent_living;professional_skills;resume,R001,DSCYF Independent Living Services,Independent Living,Statewide,14,21,housing,13,High,Caseworker/DFS referral,https://kids.delaware.gov/family-services/independent-living/
YP-0044,15,Sussex,academic_support;career;career_readiness;case_management;education;employment;general_support;homelessness;housing;independent_living;professional_skills;resume,R025,Delaware Department of Labor - Vocational Rehabilitation Transition Services,Disability / Employment,Statewide,14,24,employment,13,High,DVR referral / school referral,https://labor.delaware.gov/divisions/dvr/transition-services/
YP-0045,18,New Castle,academic_support;career;career_readiness;case_management;education;employment;general_support;homelessness;housing;independent_living;professional_skills;resume;young_adults,R003,West End Neighborhood House Life Lines,Housing & Case Management,Statewide,16,23,case_management;education;employment;housing,43,High,Referral or program inquiry,https://westendnh.org/programs/life-lines/
YP-0045,18,New Castle,academic_support;career;career_readiness;case_management;education;employment;general_support;homelessness;housing;independent_living;professional_skills;resume;young_adults,R007,Delaware 211,Resource Navigation,Statewide,0,99,education;general_support;housing,33,High,"Call 211, text zip code to 898-211, or use website",https://delaware211.org/
YP-0045,18,New Castle,academic_support;career;career_readiness;case_management;education;employment;general_support;homelessness;housing;independent_living;professional_skills;resume;young_adults,R002,DSCYF ASSIST / Aftercare 18-21,Aftercare,Statewide,18,21,housing;independent_living,23,High,Caseworker/DFS referral,https://kids.delaware.gov/family-services/il-provider-resources/
YP-0045,18,New Castle,academic_support;career;career_readiness;case_management;education;employment;general_support;homelessness;housing;independent_living;professional_skills;resume;young_adults,R004,West End Life Lines Transitional Housing,Housing,Statewide,18,23,case_management;homelessness,23,High,Referral / eligibility screening,https://westendnh.org/programs/life-lines-programs/
YP-0045,18,New Castle,academic_support;career;career_readiness;case_management;education;employment;general_support;homelessness;housing;independent_living;professional_skills;resume;young_adults,R019,YMCA of Delaware Teen Workforce Development,Employment,Statewide,15,19,professional_skills;resume,23,High,Interest form / program enrollment,https://www.ymcade.org/teen-workforce-development/
YP-0046,15,New Castle,GED;credentials;education;general_support;postsecondary,R007,Delaware 211,Resource Navigation,Statewide,0,99,education;general_support,23,High,"Call 211, text zip code to 898-211, or use website",https://delaware211.org/
YP-0046,15,New Castle,GED;credentials;education;general_support;postsecondary,R055,Delaware LGBTQ+ Resources and Organizations,LGBTQ+ Support,Statewide,0,99,education,12,Medium,Resource navigation,https://history.delaware.gov/lgbtq-history/local-lgbtq-resources-and-organizations/
YP-0046,15,New Castle,GED;credentials;education;general_support;postsecondary,R042,Mental Health Association in Delaware,Mental Health,Statewide,0,99,education,12,Medium,Program inquiry / referral,https://www.mhainde.org/
YP-0046,15,New Castle,GED;credentials;education;general_support;postsecondary,R016,The Warehouse,Teen Center / Engagement,New Castle,13,24,education,12,Medium,Membership / program enrollment,https://teenwarehouse.org/
YP-0047,19,Sussex,career;career_pathway;case_management;community;education;employment;general_support;homelessness;housing;independent_living;internship;mentorship;positive_adult;postsecondary;professional_skills;young_adults,R003,West End Neighborhood House Life Lines,Housing & Case Management,Statewide,16,23,case_management;education;employment;housing,43,High,Referral or program inquiry,https://westendnh.org/programs/life-lines/
YP-0047,19,Sussex,career;career_pathway;case_management;community;education;employment;general_support;homelessness;housing;independent_living;internship;mentorship;positive_adult;postsecondary;professional_skills;young_adults,R007,Delaware 211,Resource Navigation,Statewide,0,99,education;general_support;housing,33,High,"Call 211, text zip code to 898-211, or use website",https://delaware211.org/
YP-0047,19,Sussex,career;career_pathway;case_management;community;education;employment;general_support;homelessness;housing;independent_living;internship;mentorship;positive_adult;postsecondary;professional_skills;young_adults,R002,DSCYF ASSIST / Aftercare 18-21,Aftercare,Statewide,18,21,housing;independent_living,23,High,Caseworker/DFS referral,https://kids.delaware.gov/family-services/il-provider-resources/
YP-0047,19,Sussex,career;career_pathway;case_management;community;education;employment;general_support;homelessness;housing;independent_living;internship;mentorship;positive_adult;postsecondary;professional_skills;young_adults,R001,DSCYF Independent Living Services,Independent Living,Statewide,14,21,housing;mentorship,23,High,Caseworker/DFS referral,https://kids.delaware.gov/family-services/independent-living/
YP-0047,19,Sussex,career;career_pathway;case_management;community;education;employment;general_support;homelessness;housing;independent_living;internship;mentorship;positive_adult;postsecondary;professional_skills;young_adults,R004,West End Life Lines Transitional Housing,Housing,Statewide,18,23,case_management;homelessness,23,High,Referral / eligibility screening,https://westendnh.org/programs/life-lines-programs/
YP-0048,19,New Castle,academic_support;career;career_readiness;community;education;employment;general_support;independent_living;internship;mentorship;positive_adult;professional_skills;young_adults,R016,The Warehouse,Teen Center / Engagement,New Castle,13,24,community;education;employment;mentorship,42,Medium,Membership / program enrollment,https://teenwarehouse.org/
YP-0048,19,New Castle,academic_support;career;career_readiness;community;education;employment;general_support;independent_living;internship;mentorship;positive_adult;professional_skills;young_adults,R007,Delaware 211,Resource Navigation,Statewide,0,99,education;general_support,23,High,"Call 211, text zip code to 898-211, or use website",https://delaware211.org/
YP-0048,19,New Castle,academic_support;career;career_readiness;community;education;employment;general_support;independent_living;internship;mentorship;positive_adult;professional_skills;young_adults,R003,West End Neighborhood House Life Lines,Housing & Case Management,Statewide,16,23,education;employment,23,High,Referral or program inquiry,https://westendnh.org/programs/life-lines/
YP-0048,19,New Castle,academic_support;career;career_readiness;community;education;employment;general_support;independent_living;internship;mentorship;positive_adult;professional_skills;young_adults,R019,YMCA of Delaware Teen Workforce Development,Employment,Statewide,15,19,internship;professional_skills,23,High,Interest form / program enrollment,https://www.ymcade.org/teen-workforce-development/
YP-0048,19,New Castle,academic_support;career;career_readiness;community;education;employment;general_support;independent_living;internship;mentorship;positive_adult;professional_skills;young_adults,R002,DSCYF ASSIST / Aftercare 18-21,Aftercare,Statewide,18,21,independent_living,13,High,Caseworker/DFS referral,https://kids.delaware.gov/family-services/il-provider-resources/
YP-0049,18,New Castle,career_pathway;college;community;general_support;independent_living;mentorship;positive_adult;postsecondary;young_adults,R017,Big Brothers Big Sisters of Delaware,Mentorship,Statewide,6,18,mentorship;positive_adult,23,High,Enroll youth / mentor match inquiry,https://bbbsde.org/
YP-0049,18,New Castle,career_pathway;college;community;general_support;independent_living;mentorship;positive_adult;postsecondary;young_adults,R022,West End Education and Employment Department,Employment & Education,New Castle,16,24,career_pathway;postsecondary,23,High,Program inquiry,https://westendnh.org/programs/academic-education/
YP-0049,18,New Castle,career_pathway;college;community;general_support;independent_living;mentorship;positive_adult;postsecondary;young_adults,R016,The Warehouse,Teen Center / Engagement,New Castle,13,24,community;mentorship,22,Medium,Membership / program enrollment,https://teenwarehouse.org/
YP-0049,18,New Castle,career_pathway;college;community;general_support;independent_living;mentorship;positive_adult;postsecondary;young_adults,R002,DSCYF ASSIST / Aftercare 18-21,Aftercare,Statewide,18,21,independent_living,13,High,Caseworker/DFS referral,https://kids.delaware.gov/family-services/il-provider-resources/
YP-0049,18,New Castle,career_pathway;college;community;general_support;independent_living;mentorship;positive_adult;postsecondary;young_adults,R001,DSCYF Independent Living Services,Independent Living,Statewide,14,21,mentorship,13,High,Caseworker/DFS referral,https://kids.delaware.gov/family-services/independent-living/
YP-0050,16,New Castle,academic_support;career;career_readiness;case_management;education;employment;financial_literacy;general_support;homelessness;housing;independent_living;job_training;life_skills;paid_work;transition_support,R003,West End Neighborhood House Life Lines,Housing & Case Management,Statewide,16,23,case_management;education;employment;financial_literacy;housing;life_skills,63,High,Referral or program inquiry,https://westendnh.org/programs/life-lines/
YP-0050,16,New Castle,academic_support;career;career_readiness;case_management;education;employment;financial_literacy;general_support;homelessness;housing;independent_living;job_training;life_skills;paid_work;transition_support,R001,DSCYF Independent Living Services,Independent Living,Statewide,14,21,housing;life_skills;transition_support,33,High,Caseworker/DFS referral,https://kids.delaware.gov/family-services/independent-living/
YP-0050,16,New Castle,academic_support;career;career_readiness;case_management;education;employment;financial_literacy;general_support;homelessness;housing;independent_living;job_training;life_skills;paid_work;transition_support,R007,Delaware 211,Resource Navigation,Statewide,0,99,education;general_support;housing,33,High,"Call 211, text zip code to 898-211, or use website",https://delaware211.org/
YP-0050,16,New Castle,academic_support;career;career_readiness;case_management;education;employment;financial_literacy;general_support;homelessness;housing;independent_living;job_training;life_skills;paid_work;transition_support,R005,People's Place Independent Living,Independent Living,Statewide,16,23,case_management;life_skills;transition_support,33,High,DFS referral or self-referral for 18-23,https://peoplesplace2.com/services/independent-living
YP-0050,16,New Castle,academic_support;career;career_readiness;case_management;education;employment;financial_literacy;general_support;homelessness;housing;independent_living;job_training;life_skills;paid_work;transition_support,R018,Boys & Girls Clubs of Delaware - Education and Career,Education & Career,Statewide,6,18,academic_support;career,22,Medium,Join local club / program inquiry,https://www.bgclubs.org/education-and-career
YP-0051,13,Kent,career;career_pathway;case_management;college;community;employment;financial_literacy;general_support;homelessness;housing;job_training;life_skills;mentorship;paid_work;positive_adult;postsecondary;transition_support,R017,Big Brothers Big Sisters of Delaware,Mentorship,Statewide,6,18,mentorship;positive_adult,23,High,Enroll youth / mentor match inquiry,https://bbbsde.org/
YP-0051,13,Kent,career;career_pathway;case_management;college;community;employment;financial_literacy;general_support;homelessness;housing;job_training;life_skills;mentorship;paid_work;positive_adult;postsecondary;transition_support,R007,Delaware 211,Resource Navigation,Statewide,0,99,general_support;housing,23,High,"Call 211, text zip code to 898-211, or use website",https://delaware211.org/
YP-0051,13,Kent,career;career_pathway;case_management;college;community;employment;financial_literacy;general_support;homelessness;housing;job_training;life_skills;mentorship;paid_work;positive_adult;postsecondary;transition_support,R018,Boys & Girls Clubs of Delaware - Education and Career,Education & Career,Statewide,6,18,career,12,Medium,Join local club / program inquiry,https://www.bgclubs.org/education-and-career
YP-0051,13,Kent,career;career_pathway;case_management;college;community;employment;financial_literacy;general_support;homelessness;housing;job_training;life_skills;mentorship;paid_work;positive_adult;postsecondary;transition_support,R046,Junior Achievement of Delaware,Financial Literacy & Career,Statewide,5,18,financial_literacy,12,Medium,School/community program inquiry,https://delaware.ja.org/
YP-0052,16,New Castle,career;career_pathway;college;community;employment;general_support;internship;mentorship;positive_adult;postsecondary;professional_skills,R016,The Warehouse,Teen Center / Engagement,New Castle,13,24,community;employment;mentorship,32,Medium,Membership / program enrollment,https://teenwarehouse.org/
YP-0052,16,New Castle,career;career_pathway;college;community;employment;general_support;internship;mentorship;positive_adult;postsecondary;professional_skills,R017,Big Brothers Big Sisters of Delaware,Mentorship,Statewide,6,18,mentorship;positive_adult,23,High,Enroll youth / mentor match inquiry,https://bbbsde.org/
YP-0052,16,New Castle,career;career_pathway;college;community;employment;general_support;internship;mentorship;positive_adult;postsecondary;professional_skills,R022,West End Education and Employment Department,Employment & Education,New Castle,16,24,career_pathway;postsecondary,23,High,Program inquiry,https://westendnh.org/programs/academic-education/
YP-0052,16,New Castle,career;career_pathway;college;community;employment;general_support;internship;mentorship;positive_adult;postsecondary;professional_skills,R019,YMCA of Delaware Teen Workforce Development,Employment,Statewide,15,19,internship;professional_skills,23,High,Interest form / program enrollment,https://www.ymcade.org/teen-workforce-development/
YP-0052,16,New Castle,career;career_pathway;college;community;employment;general_support;internship;mentorship;positive_adult;postsecondary;professional_skills,R001,DSCYF Independent Living Services,Independent Living,Statewide,14,21,mentorship,13,High,Caseworker/DFS referral,https://kids.delaware.gov/family-services/independent-living/
YP-0053,17,Kent,academic_support;career;career_readiness;case_management;education;employment;financial_literacy;general_support;homelessness;housing;independent_living;job_training;life_skills;paid_work;transition_support,R003,West End Neighborhood House Life Lines,Housing & Case Management,Statewide,16,23,case_management;education;employment;financial_literacy;housing;life_skills,63,High,Referral or program inquiry,https://westendnh.org/programs/life-lines/
YP-0053,17,Kent,academic_support;career;career_readiness;case_management;education;employment;financial_literacy;general_support;homelessness;housing;independent_living;job_training;life_skills;paid_work;transition_support,R001,DSCYF Independent Living Services,Independent Living,Statewide,14,21,housing;life_skills;transition_support,33,High,Caseworker/DFS referral,https://kids.delaware.gov/family-services/independent-living/
YP-0053,17,Kent,academic_support;career;career_readiness;case_management;education;employment;financial_literacy;general_support;homelessness;housing;independent_living;job_training;life_skills;paid_work;transition_support,R007,Delaware 211,Resource Navigation,Statewide,0,99,education;general_support;housing,33,High,"Call 211, text zip code to 898-211, or use website",https://delaware211.org/
YP-0053,17,Kent,academic_support;career;career_readiness;case_management;education;employment;financial_literacy;general_support;homelessness;housing;independent_living;job_training;life_skills;paid_work;transition_support,R005,People's Place Independent Living,Independent Living,Statewide,16,23,case_management;life_skills;transition_support,33,High,DFS referral or self-referral for 18-23,https://peoplesplace2.com/services/independent-living
YP-0053,17,Kent,academic_support;career;career_readiness;case_management;education;employment;financial_literacy;general_support;homelessness;housing;independent_living;job_training;life_skills;paid_work;transition_support,R018,Boys & Girls Clubs of Delaware - Education and Career,Education & Career,Statewide,6,18,academic_support;career,22,Medium,Join local club / program inquiry,https://www.bgclubs.org/education-and-career
YP-0054,17,New Castle,GED;career;case_management;credentials;education;employment;financial_literacy;general_support;homelessness;housing;independent_living;job_training;life_skills;paid_work;postsecondary;transition_support,R003,West End Neighborhood House Life Lines,Housing & Case Management,Statewide,16,23,case_management;education;employment;financial_literacy;housing;life_skills,63,High,Referral or program inquiry,https://westendnh.org/programs/life-lines/
YP-0054,17,New Castle,GED;career;case_management;credentials;education;employment;financial_literacy;general_support;homelessness;housing;independent_living;job_training;life_skills;paid_work;postsecondary;transition_support,R022,West End Education and Employment Department,Employment & Education,New Castle,16,24,GED;credentials;paid_work;postsecondary,43,High,Program inquiry,https://westendnh.org/programs/academic-education/
YP-0054,17,New Castle,GED;career;case_management;credentials;education;employment;financial_literacy;general_support;homelessness;housing;independent_living;job_training;life_skills;paid_work;postsecondary;transition_support,R001,DSCYF Independent Living Services,Independent Living,Statewide,14,21,housing;life_skills;transition_support,33,High,Caseworker/DFS referral,https://kids.delaware.gov/family-services/independent-living/
YP-0054,17,New Castle,GED;career;case_management;credentials;education;employment;financial_literacy;general_support;homelessness;housing;independent_living;job_training;life_skills;paid_work;postsecondary;transition_support,R007,Delaware 211,Resource Navigation,Statewide,0,99,education;general_support;housing,33,High,"Call 211, text zip code to 898-211, or use website",https://delaware211.org/
YP-0054,17,New Castle,GED;career;case_management;credentials;education;employment;financial_literacy;general_support;homelessness;housing;independent_living;job_training;life_skills;paid_work;postsecondary;transition_support,R005,People's Place Independent Living,Independent Living,Statewide,16,23,case_management;life_skills;transition_support,33,High,DFS referral or self-referral for 18-23,https://peoplesplace2.com/services/independent-living
YP-0055,19,New Castle,career_pathway;case_management;college;community;general_support;homelessness;housing;independent_living;mentorship;positive_adult;postsecondary;young_adults,R002,DSCYF ASSIST / Aftercare 18-21,Aftercare,Statewide,18,21,housing;independent_living,23,High,Caseworker/DFS referral,https://kids.delaware.gov/family-services/il-provider-resources/
YP-0055,19,New Castle,career_pathway;case_management;college;community;general_support;homelessness;housing;independent_living;mentorship;positive_adult;postsecondary;young_adults,R001,DSCYF Independent Living Services,Independent Living,Statewide,14,21,housing;mentorship,23,High,Caseworker/DFS referral,https://kids.delaware.gov/family-services/independent-living/
YP-0055,19,New Castle,career_pathway;case_management;college;community;general_support;homelessness;housing;independent_living;mentorship;positive_adult;postsecondary;young_adults,R007,Delaware 211,Resource Navigation,Statewide,0,99,general_support;housing,23,High,"Call 211, text zip code to 898-211, or use website",https://delaware211.org/
YP-0055,19,New Castle,career_pathway;case_management;college;community;general_support;homelessness;housing;independent_living;mentorship;positive_adult;postsecondary;young_adults,R022,West End Education and Employment Department,Employment & Education,New Castle,16,24,career_pathway;postsecondary,23,High,Program inquiry,https://westendnh.org/programs/academic-education/
YP-0055,19,New Castle,career_pathway;case_management;college;community;general_support;homelessness;housing;independent_living;mentorship;positive_adult;postsecondary;young_adults,R004,West End Life Lines Transitional Housing,Housing,Statewide,18,23,case_management;homelessness,23,High,Referral / eligibility screening,https://westendnh.org/programs/life-lines-programs/
YP-0056,18,Kent,academic_support;career;career_readiness;case_management;education;employment;general_support;homelessness;housing;independent_living;professional_skills;resume;young_adults,R003,West End Neighborhood House Life Lines,Housing & Case Management,Statewide,16,23,case_management;education;employment;housing,43,High,Referral or program inquiry,https://westendnh.org/programs/life-lines/
YP-0056,18,Kent,academic_support;career;career_readiness;case_management;education;employment;general_support;homelessness;housing;independent_living;professional_skills;resume;young_adults,R007,Delaware 211,Resource Navigation,Statewide,0,99,education;general_support;housing,33,High,"Call 211, text zip code to 898-211, or use website",https://delaware211.org/
YP-0056,18,Kent,academic_support;career;career_readiness;case_management;education;employment;general_support;homelessness;housing;independent_living;professional_skills;resume;young_adults,R002,DSCYF ASSIST / Aftercare 18-21,Aftercare,Statewide,18,21,housing;independent_living,23,High,Caseworker/DFS referral,https://kids.delaware.gov/family-services/il-provider-resources/
YP-0056,18,Kent,academic_support;career;career_readiness;case_management;education;employment;general_support;homelessness;housing;independent_living;professional_skills;resume;young_adults,R004,West End Life Lines Transitional Housing,Housing,Statewide,18,23,case_management;homelessness,23,High,Referral / eligibility screening,https://westendnh.org/programs/life-lines-programs/
YP-0056,18,Kent,academic_support;career;career_readiness;case_management;education;employment;general_support;homelessness;housing;independent_living;professional_skills;resume;young_adults,R019,YMCA of Delaware Teen Workforce Development,Employment,Statewide,15,19,professional_skills;resume,23,High,Interest form / program enrollment,https://www.ymcade.org/teen-workforce-development/
YP-0057,15,Kent,career;career_pathway;case_management;education;employment;financial_literacy;general_support;homelessness;housing;independent_living;job_training;life_skills;paid_work;postsecondary;transition_support,R001,DSCYF Independent Living Services,Independent Living,Statewide,14,21,housing;life_skills;transition_support,33,High,Caseworker/DFS referral,https://kids.delaware.gov/family-services/independent-living/
YP-0057,15,Kent,career;career_pathway;case_management;education;employment;financial_literacy;general_support;homelessness;housing;independent_living;job_training;life_skills;paid_work;postsecondary;transition_support,R007,Delaware 211,Resource Navigation,Statewide,0,99,education;general_support;housing,33,High,"Call 211, text zip code to 898-211, or use website",https://delaware211.org/
YP-0057,15,Kent,career;career_pathway;case_management;education;employment;financial_literacy;general_support;homelessness;housing;independent_living;job_training;life_skills;paid_work;postsecondary;transition_support,R025,Delaware Department of Labor - Vocational Rehabilitation Transition Services,Disability / Employment,Statewide,14,24,employment,13,High,DVR referral / school referral,https://labor.delaware.gov/divisions/dvr/transition-services/
YP-0057,15,Kent,career;career_pathway;case_management;education;employment;financial_literacy;general_support;homelessness;housing;independent_living;job_training;life_skills;paid_work;postsecondary;transition_support,R018,Boys & Girls Clubs of Delaware - Education and Career,Education & Career,Statewide,6,18,career,12,Medium,Join local club / program inquiry,https://www.bgclubs.org/education-and-career
YP-0057,15,Kent,career;career_pathway;case_management;education;employment;financial_literacy;general_support;homelessness;housing;independent_living;job_training;life_skills;paid_work;postsecondary;transition_support,R055,Delaware LGBTQ+ Resources and Organizations,LGBTQ+ Support,Statewide,0,99,education,12,Medium,Resource navigation,https://history.delaware.gov/lgbtq-history/local-lgbtq-resources-and-organizations/
YP-0058,14,New Castle,career;career_pathway;college;community;employment;general_support;job_training;mentorship;paid_work;positive_adult;postsecondary,R016,The Warehouse,Teen Center / Engagement,New Castle,13,24,community;employment;mentorship,32,Medium,Membership / program enrollment,https://teenwarehouse.org/
YP-0058,14,New Castle,career;career_pathway;college;community;employment;general_support;job_training;mentorship;paid_work;positive_adult;postsecondary,R017,Big Brothers Big Sisters of Delaware,Mentorship,Statewide,6,18,mentorship;positive_adult,23,High,Enroll youth / mentor match inquiry,https://bbbsde.org/
YP-0058,14,New Castle,career;career_pathway;college;community;employment;general_support;job_training;mentorship;paid_work;positive_adult;postsecondary,R001,DSCYF Independent Living Services,Independent Living,Statewide,14,21,mentorship,13,High,Caseworker/DFS referral,https://kids.delaware.gov/family-services/independent-living/
YP-0058,14,New Castle,career;career_pathway;college;community;employment;general_support;job_training;mentorship;paid_work;positive_adult;postsecondary,R007,Delaware 211,Resource Navigation,Statewide,0,99,general_support,13,High,"Call 211, text zip code to 898-211, or use website",https://delaware211.org/
YP-0058,14,New Castle,career;career_pathway;college;community;employment;general_support;job_training;mentorship;paid_work;positive_adult;postsecondary,R025,Delaware Department of Labor - Vocational Rehabilitation Transition Services,Disability / Employment,Statewide,14,24,employment,13,High,DVR referral / school referral,https://labor.delaware.gov/divisions/dvr/transition-services/
YP-0059,17,Sussex,career_pathway;college;general_support;postsecondary,R007,Delaware 211,Resource Navigation,Statewide,0,99,general_support,13,High,"Call 211, text zip code to 898-211, or use website",https://delaware211.org/
YP-0059,17,Sussex,career_pathway;college;general_support;postsecondary,R061,Delaware Parent Resources - Higher Education Guide,Education Navigation,Statewide,14,24,college,11,Low,Website navigation / caseworker support,https://delaware.gov/guides/parent-resources/
YP-0059,17,Sussex,career_pathway;college;general_support;postsecondary,R012,Delaware Student Success - Military Pathway,Military / Career Exploration,Statewide,17,24,career_pathway,11,Low,Career exploration with trusted adult/caseworker,https://www.delawarestudentsuccess.org/military-pathway/
YP-0060,19,New Castle,career;career_pathway;case_management;college;employment;financial_literacy;general_support;independent_living;life_skills;postsecondary;professional_skills;resume;transition_support;young_adults,R003,West End Neighborhood House Life Lines,Housing & Case Management,Statewide,16,23,case_management;employment;financial_literacy;life_skills,43,High,Referral or program inquiry,https://westendnh.org/programs/life-lines/
YP-0060,19,New Castle,career;career_pathway;case_management;college;employment;financial_literacy;general_support;independent_living;life_skills;postsecondary;professional_skills;resume;transition_support;young_adults,R005,People's Place Independent Living,Independent Living,Statewide,16,23,case_management;life_skills;transition_support,33,High,DFS referral or self-referral for 18-23,https://peoplesplace2.com/services/independent-living
YP-0060,19,New Castle,career;career_pathway;case_management;college;employment;financial_literacy;general_support;independent_living;life_skills;postsecondary;professional_skills;resume;transition_support;young_adults,R001,DSCYF Independent Living Services,Independent Living,Statewide,14,21,life_skills;transition_support,23,High,Caseworker/DFS referral,https://kids.delaware.gov/family-services/independent-living/
YP-0060,19,New Castle,career;career_pathway;case_management;college;employment;financial_literacy;general_support;independent_living;life_skills;postsecondary;professional_skills;resume;transition_support;young_adults,R022,West End Education and Employment Department,Employment & Education,New Castle,16,24,career_pathway;postsecondary,23,High,Program inquiry,https://westendnh.org/programs/academic-education/
YP-0060,19,New Castle,career;career_pathway;case_management;college;employment;financial_literacy;general_support;independent_living;life_skills;postsecondary;professional_skills;resume;transition_support;young_adults,R019,YMCA of Delaware Teen Workforce Development,Employment,Statewide,15,19,professional_skills;resume,23,High,Interest form / program enrollment,https://www.ymcade.org/teen-workforce-development/
YP-0061,19,Sussex,academic_support;career_readiness;case_management;education;general_support;homelessness;housing;independent_living;young_adults,R007,Delaware 211,Resource Navigation,Statewide,0,99,education;general_support;housing,33,High,"Call 211, text zip code to 898-211, or use website",https://delaware211.org/
YP-0061,19,Sussex,academic_support;career_readiness;case_management;education;general_support;homelessness;housing;independent_living;young_adults,R003,West End Neighborhood House Life Lines,Housing & Case Management,Statewide,16,23,case_management;education;housing,33,High,Referral or program inquiry,https://westendnh.org/programs/life-lines/
YP-0061,19,Sussex,academic_support;career_readiness;case_management;education;general_support;homelessness;housing;independent_living;young_adults,R002,DSCYF ASSIST / Aftercare 18-21,Aftercare,Statewide,18,21,housing;independent_living,23,High,Caseworker/DFS referral,https://kids.delaware.gov/family-services/il-provider-resources/
YP-0061,19,Sussex,academic_support;career_readiness;case_management;education;general_support;homelessness;housing;independent_living;young_adults,R004,West End Life Lines Transitional Housing,Housing,Statewide,18,23,case_management;homelessness,23,High,Referral / eligibility screening,https://westendnh.org/programs/life-lines-programs/
YP-0061,19,Sussex,academic_support;career_readiness;case_management;education;general_support;homelessness;housing;independent_living;young_adults,R048,Community Legal Aid Society Inc. (CLASI),Legal Aid,Statewide,18,99,housing,13,High,Legal intake / eligibility screening,https://www.declasi.org/
YP-0062,17,New Castle,GED;career;case_management;credentials;education;employment;financial_literacy;general_support;homelessness;housing;independent_living;life_skills;postsecondary;professional_skills;resume;transition_support,R003,West End Neighborhood House Life Lines,Housing & Case Management,Statewide,16,23,case_management;education;employment;financial_literacy;housing;life_skills,63,High,Referral or program inquiry,https://westendnh.org/programs/life-lines/
YP-0062,17,New Castle,GED;career;case_management;credentials;education;employment;financial_literacy;general_support;homelessness;housing;independent_living;life_skills;postsecondary;professional_skills;resume;transition_support,R001,DSCYF Independent Living Services,Independent Living,Statewide,14,21,housing;life_skills;transition_support,33,High,Caseworker/DFS referral,https://kids.delaware.gov/family-services/independent-living/
YP-0062,17,New Castle,GED;career;case_management;credentials;education;employment;financial_literacy;general_support;homelessness;housing;independent_living;life_skills;postsecondary;professional_skills;resume;transition_support,R007,Delaware 211,Resource Navigation,Statewide,0,99,education;general_support;housing,33,High,"Call 211, text zip code to 898-211, or use website",https://delaware211.org/
YP-0062,17,New Castle,GED;career;case_management;credentials;education;employment;financial_literacy;general_support;homelessness;housing;independent_living;life_skills;postsecondary;professional_skills;resume;transition_support,R005,People's Place Independent Living,Independent Living,Statewide,16,23,case_management;life_skills;transition_support,33,High,DFS referral or self-referral for 18-23,https://peoplesplace2.com/services/independent-living
YP-0062,17,New Castle,GED;career;case_management;credentials;education;employment;financial_literacy;general_support;homelessness;housing;independent_living;life_skills;postsecondary;professional_skills;resume;transition_support,R022,West End Education and Employment Department,Employment & Education,New Castle,16,24,GED;credentials;postsecondary,33,High,Program inquiry,https://westendnh.org/programs/academic-education/
YP-0063,14,Kent,academic_support;career;career_readiness;case_management;community;education;employment;financial_literacy;general_support;job_training;life_skills;mentorship;paid_work;positive_adult;transition_support,R001,DSCYF Independent Living Services,Independent Living,Statewide,14,21,life_skills;mentorship;transition_support,33,High,Caseworker/DFS referral,https://kids.delaware.gov/family-services/independent-living/
YP-0063,14,Kent,academic_support;career;career_readiness;case_management;community;education;employment;financial_literacy;general_support;job_training;life_skills;mentorship;paid_work;positive_adult;transition_support,R017,Big Brothers Big Sisters of Delaware,Mentorship,Statewide,6,18,mentorship;positive_adult,23,High,Enroll youth / mentor match inquiry,https://bbbsde.org/
YP-0063,14,Kent,academic_support;career;career_readiness;case_management;community;education;employment;financial_literacy;general_support;job_training;life_skills;mentorship;paid_work;positive_adult;transition_support,R007,Delaware 211,Resource Navigation,Statewide,0,99,education;general_support,23,High,"Call 211, text zip code to 898-211, or use website",https://delaware211.org/
YP-0063,14,Kent,academic_support;career;career_readiness;case_management;community;education;employment;financial_literacy;general_support;job_training;life_skills;mentorship;paid_work;positive_adult;transition_support,R018,Boys & Girls Clubs of Delaware - Education and Career,Education & Career,Statewide,6,18,academic_support;career,22,Medium,Join local club / program inquiry,https://www.bgclubs.org/education-and-career
YP-0063,14,Kent,academic_support;career;career_readiness;case_management;community;education;employment;financial_literacy;general_support;job_training;life_skills;mentorship;paid_work;positive_adult;transition_support,R046,Junior Achievement of Delaware,Financial Literacy & Career,Statewide,5,18,career_readiness;financial_literacy,22,Medium,School/community program inquiry,https://delaware.ja.org/
YP-0064,14,Sussex,academic_support;career;career_readiness;case_management;education;employment;financial_literacy;general_support;homelessness;housing;independent_living;life_skills;professional_skills;resume;transition_support,R001,DSCYF Independent Living Services,Independent Living,Statewide,14,21,housing;life_skills;transition_support,33,High,Caseworker/DFS referral,https://kids.delaware.gov/family-services/independent-living/
YP-0064,14,Sussex,academic_support;career;career_readiness;case_management;education;employment;financial_literacy;general_support;homelessness;housing;independent_living;life_skills;professional_skills;resume;transition_support,R007,Delaware 211,Resource Navigation,Statewide,0,99,education;general_support;housing,33,High,"Call 211, text zip code to 898-211, or use website",https://delaware211.org/
YP-0064,14,Sussex,academic_support;career;career_readiness;case_management;education;employment;financial_literacy;general_support;homelessness;housing;independent_living;life_skills;professional_skills;resume;transition_support,R018,Boys & Girls Clubs of Delaware - Education and Career,Education & Career,Statewide,6,18,academic_support;career,22,Medium,Join local club / program inquiry,https://www.bgclubs.org/education-and-career
YP-0064,14,Sussex,academic_support;career;career_readiness;case_management;education;employment;financial_literacy;general_support;homelessness;housing;independent_living;life_skills;professional_skills;resume;transition_support,R046,Junior Achievement of Delaware,Financial Literacy & Career,Statewide,5,18,career_readiness;financial_literacy,22,Medium,School/community program inquiry,https://delaware.ja.org/
YP-0064,14,Sussex,academic_support;career;career_readiness;case_management;education;employment;financial_literacy;general_support;homelessness;housing;independent_living;life_skills;professional_skills;resume;transition_support,R025,Delaware Department of Labor - Vocational Rehabilitation Transition Services,Disability / Employment,Statewide,14,24,employment,13,High,DVR referral / school referral,https://labor.delaware.gov/divisions/dvr/transition-services/
YP-0065,16,Kent,academic_support;career;career_readiness;case_management;community;education;employment;financial_literacy;general_support;homelessness;housing;independent_living;life_skills;mentorship;positive_adult;professional_skills;resume;transition_support,R003,West End Neighborhood House Life Lines,Housing & Case Management,Statewide,16,23,case_management;education;employment;financial_literacy;housing;life_skills,63,High,Referral or program inquiry,https://westendnh.org/programs/life-lines/
YP-0065,16,Kent,academic_support;career;career_readiness;case_management;community;education;employment;financial_literacy;general_support;homelessness;housing;independent_living;life_skills;mentorship;positive_adult;professional_skills;resume;transition_support,R001,DSCYF Independent Living Services,Independent Living,Statewide,14,21,housing;life_skills;mentorship;transition_support,43,High,Caseworker/DFS referral,https://kids.delaware.gov/family-services/independent-living/
YP-0065,16,Kent,academic_support;career;career_readiness;case_management;community;education;employment;financial_literacy;general_support;homelessness;housing;independent_living;life_skills;mentorship;positive_adult;professional_skills;resume;transition_support,R007,Delaware 211,Resource Navigation,Statewide,0,99,education;general_support;housing,33,High,"Call 211, text zip code to 898-211, or use website",https://delaware211.org/
YP-0065,16,Kent,academic_support;career;career_readiness;case_management;community;education;employment;financial_literacy;general_support;homelessness;housing;independent_living;life_skills;mentorship;positive_adult;professional_skills;resume;transition_support,R005,People's Place Independent Living,Independent Living,Statewide,16,23,case_management;life_skills;transition_support,33,High,DFS referral or self-referral for 18-23,https://peoplesplace2.com/services/independent-living
YP-0065,16,Kent,academic_support;career;career_readiness;case_management;community;education;employment;financial_literacy;general_support;homelessness;housing;independent_living;life_skills;mentorship;positive_adult;professional_skills;resume;transition_support,R017,Big Brothers Big Sisters of Delaware,Mentorship,Statewide,6,18,mentorship;positive_adult,23,High,Enroll youth / mentor match inquiry,https://bbbsde.org/
YP-0066,16,New Castle,career;career_pathway;case_management;college;employment;financial_literacy;general_support;homelessness;housing;independent_living;life_skills;postsecondary;professional_skills;resume;transition_support,R003,West End Neighborhood House Life Lines,Housing & Case Management,Statewide,16,23,case_management;employment;financial_literacy;housing;life_skills,53,High,Referral or program inquiry,https://westendnh.org/programs/life-lines/
YP-0066,16,New Castle,career;career_pathway;case_management;college;employment;financial_literacy;general_support;homelessness;housing;independent_living;life_skills;postsecondary;professional_skills;resume;transition_support,R001,DSCYF Independent Living Services,Independent Living,Statewide,14,21,housing;life_skills;transition_support,33,High,Caseworker/DFS referral,https://kids.delaware.gov/family-services/independent-living/
YP-0066,16,New Castle,career;career_pathway;case_management;college;employment;financial_literacy;general_support;homelessness;housing;independent_living;life_skills;postsecondary;professional_skills;resume;transition_support,R005,People's Place Independent Living,Independent Living,Statewide,16,23,case_management;life_skills;transition_support,33,High,DFS referral or self-referral for 18-23,https://peoplesplace2.com/services/independent-living
YP-0066,16,New Castle,career;career_pathway;case_management;college;employment;financial_literacy;general_support;homelessness;housing;independent_living;life_skills;postsecondary;professional_skills;resume;transition_support,R007,Delaware 211,Resource Navigation,Statewide,0,99,general_support;housing,23,High,"Call 211, text zip code to 898-211, or use website",https://delaware211.org/
YP-0066,16,New Castle,career;career_pathway;case_management;college;employment;financial_literacy;general_support;homelessness;housing;independent_living;life_skills;postsecondary;professional_skills;resume;transition_support,R022,West End Education and Employment Department,Employment & Education,New Castle,16,24,career_pathway;postsecondary,23,High,Program inquiry,https://westendnh.org/programs/academic-education/
YP-0067,19,New Castle,career_pathway;case_management;community;education;general_support;homelessness;housing;independent_living;mentorship;positive_adult;postsecondary;young_adults,R007,Delaware 211,Resource Navigation,Statewide,0,99,education;general_support;housing,33,High,"Call 211, text zip code to 898-211, or use website",https://delaware211.org/
YP-0067,19,New Castle,career_pathway;case_management;community;education;general_support;homelessness;housing;independent_living;mentorship;positive_adult;postsecondary;young_adults,R003,West End Neighborhood House Life Lines,Housing & Case Management,Statewide,16,23,case_management;education;housing,33,High,Referral or program inquiry,https://westendnh.org/programs/life-lines/
YP-0067,19,New Castle,career_pathway;case_management;community;education;general_support;homelessness;housing;independent_living;mentorship;positive_adult;postsecondary;young_adults,R016,The Warehouse,Teen Center / Engagement,New Castle,13,24,community;education;mentorship,32,Medium,Membership / program enrollment,https://teenwarehouse.org/
YP-0067,19,New Castle,career_pathway;case_management;community;education;general_support;homelessness;housing;independent_living;mentorship;positive_adult;postsecondary;young_adults,R002,DSCYF ASSIST / Aftercare 18-21,Aftercare,Statewide,18,21,housing;independent_living,23,High,Caseworker/DFS referral,https://kids.delaware.gov/family-services/il-provider-resources/
YP-0067,19,New Castle,career_pathway;case_management;community;education;general_support;homelessness;housing;independent_living;mentorship;positive_adult;postsecondary;young_adults,R001,DSCYF Independent Living Services,Independent Living,Statewide,14,21,housing;mentorship,23,High,Caseworker/DFS referral,https://kids.delaware.gov/family-services/independent-living/
YP-0068,18,Sussex,academic_support;career;career_readiness;education;employment;general_support;independent_living;job_training;paid_work;young_adults,R007,Delaware 211,Resource Navigation,Statewide,0,99,education;general_support,23,High,"Call 211, text zip code to 898-211, or use website",https://delaware211.org/
YP-0068,18,Sussex,academic_support;career;career_readiness;education;employment;general_support;independent_living;job_training;paid_work;young_adults,R003,West End Neighborhood House Life Lines,Housing & Case Management,Statewide,16,23,education;employment,23,High,Referral or program inquiry,https://westendnh.org/programs/life-lines/
YP-0068,18,Sussex,academic_support;career;career_readiness;education;employment;general_support;independent_living;job_training;paid_work;young_adults,R018,Boys & Girls Clubs of Delaware - Education and Career,Education & Career,Statewide,6,18,academic_support;career,22,Medium,Join local club / program inquiry,https://www.bgclubs.org/education-and-career
YP-0068,18,Sussex,academic_support;career;career_readiness;education;employment;general_support;independent_living;job_training;paid_work;young_adults,R002,DSCYF ASSIST / Aftercare 18-21,Aftercare,Statewide,18,21,independent_living,13,High,Caseworker/DFS referral,https://kids.delaware.gov/family-services/il-provider-resources/
YP-0068,18,Sussex,academic_support;career;career_readiness;education;employment;general_support;independent_living;job_training;paid_work;young_adults,R025,Delaware Department of Labor - Vocational Rehabilitation Transition Services,Disability / Employment,Statewide,14,24,employment,13,High,DVR referral / school referral,https://labor.delaware.gov/divisions/dvr/transition-services/
YP-0069,13,New Castle,academic_support;career;career_readiness;case_management;education;employment;general_support;homelessness;housing;job_training;paid_work,R007,Delaware 211,Resource Navigation,Statewide,0,99,education;general_support;housing,33,High,"Call 211, text zip code to 898-211, or use website",https://delaware211.org/
YP-0069,13,New Castle,academic_support;career;career_readiness;case_management;education;employment;general_support;homelessness;housing;job_training;paid_work,R018,Boys & Girls Clubs of Delaware - Education and Career,Education & Career,Statewide,6,18,academic_support;career,22,Medium,Join local club / program inquiry,https://www.bgclubs.org/education-and-career
YP-0069,13,New Castle,academic_support;career;career_readiness;case_management;education;employment;general_support;homelessness;housing;job_training;paid_work,R016,The Warehouse,Teen Center / Engagement,New Castle,13,24,education;employment,22,Medium,Membership / program enrollment,https://teenwarehouse.org/
YP-0069,13,New Castle,academic_support;career;career_readiness;case_management;education;employment;general_support;homelessness;housing;job_training;paid_work,R055,Delaware LGBTQ+ Resources and Organizations,LGBTQ+ Support,Statewide,0,99,education,12,Medium,Resource navigation,https://history.delaware.gov/lgbtq-history/local-lgbtq-resources-and-organizations/
YP-0069,13,New Castle,academic_support;career;career_readiness;case_management;education;employment;general_support;homelessness;housing;job_training;paid_work,R046,Junior Achievement of Delaware,Financial Literacy & Career,Statewide,5,18,career_readiness,12,Medium,School/community program inquiry,https://delaware.ja.org/
YP-0070,17,Kent,career;career_pathway;case_management;education;employment;financial_literacy;general_support;life_skills;postsecondary;professional_skills;resume;transition_support,R003,West End Neighborhood House Life Lines,Housing & Case Management,Statewide,16,23,case_management;education;employment;financial_literacy;life_skills,53,High,Referral or program inquiry,https://westendnh.org/programs/life-lines/
YP-0070,17,Kent,career;career_pathway;case_management;education;employment;financial_literacy;general_support;life_skills;postsecondary;professional_skills;resume;transition_support,R005,People's Place Independent Living,Independent Living,Statewide,16,23,case_management;life_skills;transition_support,33,High,DFS referral or self-referral for 18-23,https://peoplesplace2.com/services/independent-living
YP-0070,17,Kent,career;career_pathway;case_management;education;employment;financial_literacy;general_support;life_skills;postsecondary;professional_skills;resume;transition_support,R001,DSCYF Independent Living Services,Independent Living,Statewide,14,21,life_skills;transition_support,23,High,Caseworker/DFS referral,https://kids.delaware.gov/family-services/independent-living/
YP-0070,17,Kent,career;career_pathway;case_management;education;employment;financial_literacy;general_support;life_skills;postsecondary;professional_skills;resume;transition_support,R007,Delaware 211,Resource Navigation,Statewide,0,99,education;general_support,23,High,"Call 211, text zip code to 898-211, or use website",https://delaware211.org/
YP-0070,17,Kent,career;career_pathway;case_management;education;employment;financial_literacy;general_support;life_skills;postsecondary;professional_skills;resume;transition_support,R019,YMCA of Delaware Teen Workforce Development,Employment,Statewide,15,19,professional_skills;resume,23,High,Interest form / program enrollment,https://www.ymcade.org/teen-workforce-development/
YP-0071,19,Sussex,career;career_pathway;case_management;college;employment;financial_literacy;general_support;independent_living;life_skills;postsecondary;professional_skills;resume;transition_support;young_adults,R003,West End Neighborhood House Life Lines,Housing & Case Management,Statewide,16,23,case_management;employment;financial_literacy;life_skills,43,High,Referral or program inquiry,https://westendnh.org/programs/life-lines/
YP-0071,19,Sussex,career;career_pathway;case_management;college;employment;financial_literacy;general_support;independent_living;life_skills;postsecondary;professional_skills;resume;transition_support;young_adults,R005,People's Place Independent Living,Independent Living,Statewide,16,23,case_management;life_skills;transition_support,33,High,DFS referral or self-referral for 18-23,https://peoplesplace2.com/services/independent-living
YP-0071,19,Sussex,career;career_pathway;case_management;college;employment;financial_literacy;general_support;independent_living;life_skills;postsecondary;professional_skills;resume;transition_support;young_adults,R001,DSCYF Independent Living Services,Independent Living,Statewide,14,21,life_skills;transition_support,23,High,Caseworker/DFS referral,https://kids.delaware.gov/family-services/independent-living/
YP-0071,19,Sussex,career;career_pathway;case_management;college;employment;financial_literacy;general_support;independent_living;life_skills;postsecondary;professional_skills;resume;transition_support;young_adults,R019,YMCA of Delaware Teen Workforce Development,Employment,Statewide,15,19,professional_skills;resume,23,High,Interest form / program enrollment,https://www.ymcade.org/teen-workforce-development/
YP-0071,19,Sussex,career;career_pathway;case_management;college;employment;financial_literacy;general_support;independent_living;life_skills;postsecondary;professional_skills;resume;transition_support;young_adults,R002,DSCYF ASSIST / Aftercare 18-21,Aftercare,Statewide,18,21,independent_living,13,High,Caseworker/DFS referral,https://kids.delaware.gov/family-services/il-provider-resources/
YP-0072,19,New Castle,career_pathway;case_management;community;education;general_support;homelessness;housing;independent_living;mentorship;positive_adult;postsecondary;young_adults,R007,Delaware 211,Resource Navigation,Statewide,0,99,education;general_support;housing,33,High,"Call 211, text zip code to 898-211, or use website",https://delaware211.org/
YP-0072,19,New Castle,career_pathway;case_management;community;education;general_support;homelessness;housing;independent_living;mentorship;positive_adult;postsecondary;young_adults,R003,West End Neighborhood House Life Lines,Housing & Case Management,Statewide,16,23,case_management;education;housing,33,High,Referral or program inquiry,https://westendnh.org/programs/life-lines/
YP-0072,19,New Castle,career_pathway;case_management;community;education;general_support;homelessness;housing;independent_living;mentorship;positive_adult;postsecondary;young_adults,R016,The Warehouse,Teen Center / Engagement,New Castle,13,24,community;education;mentorship,32,Medium,Membership / program enrollment,https://teenwarehouse.org/
YP-0072,19,New Castle,career_pathway;case_management;community;education;general_support;homelessness;housing;independent_living;mentorship;positive_adult;postsecondary;young_adults,R002,DSCYF ASSIST / Aftercare 18-21,Aftercare,Statewide,18,21,housing;independent_living,23,High,Caseworker/DFS referral,https://kids.delaware.gov/family-services/il-provider-resources/
YP-0072,19,New Castle,career_pathway;case_management;community;education;general_support;homelessness;housing;independent_living;mentorship;positive_adult;postsecondary;young_adults,R001,DSCYF Independent Living Services,Independent Living,Statewide,14,21,housing;mentorship,23,High,Caseworker/DFS referral,https://kids.delaware.gov/family-services/independent-living/
YP-0073,16,New Castle,GED;career;case_management;community;credentials;education;employment;financial_literacy;general_support;homelessness;housing;independent_living;job_training;life_skills;mentorship;paid_work;positive_adult;postsecondary;transition_support,R003,West End Neighborhood House Life Lines,Housing & Case Management,Statewide,16,23,case_management;education;employment;financial_literacy;housing;life_skills,63,High,Referral or program inquiry,https://westendnh.org/programs/life-lines/
YP-0073,16,New Castle,GED;career;case_management;community;credentials;education;employment;financial_literacy;general_support;homelessness;housing;independent_living;job_training;life_skills;mentorship;paid_work;positive_adult;postsecondary;transition_support,R001,DSCYF Independent Living Services,Independent Living,Statewide,14,21,housing;life_skills;mentorship;transition_support,43,High,Caseworker/DFS referral,https://kids.delaware.gov/family-services/independent-living/
YP-0073,16,New Castle,GED;career;case_management;community;credentials;education;employment;financial_literacy;general_support;homelessness;housing;independent_living;job_training;life_skills;mentorship;paid_work;positive_adult;postsecondary;transition_support,R022,West End Education and Employment Department,Employment & Education,New Castle,16,24,GED;credentials;paid_work;postsecondary,43,High,Program inquiry,https://westendnh.org/programs/academic-education/
YP-0073,16,New Castle,GED;career;case_management;community;credentials;education;employment;financial_literacy;general_support;homelessness;housing;independent_living;job_training;life_skills;mentorship;paid_work;positive_adult;postsecondary;transition_support,R016,The Warehouse,Teen Center / Engagement,New Castle,13,24,community;education;employment;mentorship,42,Medium,Membership / program enrollment,https://teenwarehouse.org/
YP-0073,16,New Castle,GED;career;case_management;community;credentials;education;employment;financial_literacy;general_support;homelessness;housing;independent_living;job_training;life_skills;mentorship;paid_work;positive_adult;postsecondary;transition_support,R007,Delaware 211,Resource Navigation,Statewide,0,99,education;general_support;housing,33,High,"Call 211, text zip code to 898-211, or use website",https://delaware211.org/
YP-0074,14,Kent,career;career_pathway;case_management;college;employment;financial_literacy;general_support;homelessness;housing;independent_living;job_training;life_skills;paid_work;postsecondary;transition_support,R001,DSCYF Independent Living Services,Independent Living,Statewide,14,21,housing;life_skills;transition_support,33,High,Caseworker/DFS referral,https://kids.delaware.gov/family-services/independent-living/
YP-0074,14,Kent,career;career_pathway;case_management;college;employment;financial_literacy;general_support;homelessness;housing;independent_living;job_training;life_skills;paid_work;postsecondary;transition_support,R007,Delaware 211,Resource Navigation,Statewide,0,99,general_support;housing,23,High,"Call 211, text zip code to 898-211, or use website",https://delaware211.org/
YP-0074,14,Kent,career;career_pathway;case_management;college;employment;financial_literacy;general_support;homelessness;housing;independent_living;job_training;life_skills;paid_work;postsecondary;transition_support,R025,Delaware Department of Labor - Vocational Rehabilitation Transition Services,Disability / Employment,Statewide,14,24,employment,13,High,DVR referral / school referral,https://labor.delaware.gov/divisions/dvr/transition-services/
YP-0074,14,Kent,career;career_pathway;case_management;college;employment;financial_literacy;general_support;homelessness;housing;independent_living;job_training;life_skills;paid_work;postsecondary;transition_support,R018,Boys & Girls Clubs of Delaware - Education and Career,Education & Career,Statewide,6,18,career,12,Medium,Join local club / program inquiry,https://www.bgclubs.org/education-and-career
YP-0074,14,Kent,career;career_pathway;case_management;college;employment;financial_literacy;general_support;homelessness;housing;independent_living;job_training;life_skills;paid_work;postsecondary;transition_support,R027,Independent Resources Inc. Youth Transition Life Skills Program,Disability / Life Skills,Statewide,14,28,life_skills,12,Medium,Program inquiry / referral,https://www.iri-delaware.org/iri/25-transition-life-skills-program/
YP-0075,14,Kent,career;career_pathway;education;employment;general_support;job_training;paid_work;postsecondary,R007,Delaware 211,Resource Navigation,Statewide,0,99,education;general_support,23,High,"Call 211, text zip code to 898-211, or use website",https://delaware211.org/
YP-0075,14,Kent,career;career_pathway;education;employment;general_support;job_training;paid_work;postsecondary,R025,Delaware Department of Labor - Vocational Rehabilitation Transition Services,Disability / Employment,Statewide,14,24,employment,13,High,DVR referral / school referral,https://labor.delaware.gov/divisions/dvr/transition-services/
YP-0075,14,Kent,career;career_pathway;education;employment;general_support;job_training;paid_work;postsecondary,R018,Boys & Girls Clubs of Delaware - Education and Career,Education & Career,Statewide,6,18,career,12,Medium,Join local club / program inquiry,https://www.bgclubs.org/education-and-career
YP-0075,14,Kent,career;career_pathway;education;employment;general_support;job_training;paid_work;postsecondary,R055,Delaware LGBTQ+ Resources and Organizations,LGBTQ+ Support,Statewide,0,99,education,12,Medium,Resource navigation,https://history.delaware.gov/lgbtq-history/local-lgbtq-resources-and-organizations/
YP-0075,14,Kent,career;career_pathway;education;employment;general_support;job_training;paid_work;postsecondary,R042,Mental Health Association in Delaware,Mental Health,Statewide,0,99,education,12,Medium,Program inquiry / referral,https://www.mhainde.org/
YP-0076,16,Kent,academic_support;career;career_readiness;case_management;education;employment;general_support;homelessness;housing;independent_living;professional_skills;resume,R003,West End Neighborhood House Life Lines,Housing & Case Management,Statewide,16,23,case_management;education;employment;housing,43,High,Referral or program inquiry,https://westendnh.org/programs/life-lines/
YP-0076,16,Kent,academic_support;career;career_readiness;case_management;education;employment;general_support;homelessness;housing;independent_living;professional_skills;resume,R007,Delaware 211,Resource Navigation,Statewide,0,99,education;general_support;housing,33,High,"Call 211, text zip code to 898-211, or use website",https://delaware211.org/
YP-0076,16,Kent,academic_support;career;career_readiness;case_management;education;employment;general_support;homelessness;housing;independent_living;professional_skills;resume,R019,YMCA of Delaware Teen Workforce Development,Employment,Statewide,15,19,professional_skills;resume,23,High,Interest form / program enrollment,https://www.ymcade.org/teen-workforce-development/
YP-0076,16,Kent,academic_support;career;career_readiness;case_management;education;employment;general_support;homelessness;housing;independent_living;professional_skills;resume,R018,Boys & Girls Clubs of Delaware - Education and Career,Education & Career,Statewide,6,18,academic_support;career,22,Medium,Join local club / program inquiry,https://www.bgclubs.org/education-and-career
YP-0076,16,Kent,academic_support;career;career_readiness;case_management;education;employment;general_support;homelessness;housing;independent_living;professional_skills;resume,R001,DSCYF Independent Living Services,Independent Living,Statewide,14,21,housing,13,High,Caseworker/DFS referral,https://kids.delaware.gov/family-services/independent-living/
YP-0077,13,Sussex,academic_support;career;career_readiness;community;education;employment;general_support;job_training;mentorship;paid_work;positive_adult,R017,Big Brothers Big Sisters of Delaware,Mentorship,Statewide,6,18,mentorship;positive_adult,23,High,Enroll youth / mentor match inquiry,https://bbbsde.org/
YP-0077,13,Sussex,academic_support;career;career_readiness;community;education;employment;general_support;job_training;mentorship;paid_work;positive_adult,R007,Delaware 211,Resource Navigation,Statewide,0,99,education;general_support,23,High,"Call 211, text zip code to 898-211, or use website",https://delaware211.org/
YP-0077,13,Sussex,academic_support;career;career_readiness;community;education;employment;general_support;job_training;mentorship;paid_work;positive_adult,R018,Boys & Girls Clubs of Delaware - Education and Career,Education & Career,Statewide,6,18,academic_support;career,22,Medium,Join local club / program inquiry,https://www.bgclubs.org/education-and-career
YP-0077,13,Sussex,academic_support;career;career_readiness;community;education;employment;general_support;job_training;mentorship;paid_work;positive_adult,R055,Delaware LGBTQ+ Resources and Organizations,LGBTQ+ Support,Statewide,0,99,education,12,Medium,Resource navigation,https://history.delaware.gov/lgbtq-history/local-lgbtq-resources-and-organizations/
YP-0077,13,Sussex,academic_support;career;career_readiness;community;education;employment;general_support;job_training;mentorship;paid_work;positive_adult,R046,Junior Achievement of Delaware,Financial Literacy & Career,Statewide,5,18,career_readiness,12,Medium,School/community program inquiry,https://delaware.ja.org/
YP-0078,14,New Castle,GED;career;credentials;education;employment;general_support;job_training;paid_work;postsecondary,R007,Delaware 211,Resource Navigation,Statewide,0,99,education;general_support,23,High,"Call 211, text zip code to 898-211, or use website",https://delaware211.org/
YP-0078,14,New Castle,GED;career;credentials;education;employment;general_support;job_training;paid_work;postsecondary,R016,The Warehouse,Teen Center / Engagement,New Castle,13,24,education;employment,22,Medium,Membership / program enrollment,https://teenwarehouse.org/
YP-0078,14,New Castle,GED;career;credentials;education;employment;general_support;job_training;paid_work;postsecondary,R025,Delaware Department of Labor - Vocational Rehabilitation Transition Services,Disability / Employment,Statewide,14,24,employment,13,High,DVR referral / school referral,https://labor.delaware.gov/divisions/dvr/transition-services/
YP-0078,14,New Castle,GED;career;credentials;education;employment;general_support;job_training;paid_work;postsecondary,R018,Boys & Girls Clubs of Delaware - Education and Career,Education & Career,Statewide,6,18,career,12,Medium,Join local club / program inquiry,https://www.bgclubs.org/education-and-career
YP-0078,14,New Castle,GED;career;credentials;education;employment;general_support;job_training;paid_work;postsecondary,R055,Delaware LGBTQ+ Resources and Organizations,LGBTQ+ Support,Statewide,0,99,education,12,Medium,Resource navigation,https://history.delaware.gov/lgbtq-history/local-lgbtq-resources-and-organizations/
YP-0079,18,Kent,academic_support;career_readiness;case_management;education;financial_literacy;general_support;independent_living;life_skills;transition_support;young_adults,R003,West End Neighborhood House Life Lines,Housing & Case Management,Statewide,16,23,case_management;education;financial_literacy;life_skills,43,High,Referral or program inquiry,https://westendnh.org/programs/life-lines/
YP-0079,18,Kent,academic_support;career_readiness;case_management;education;financial_literacy;general_support;independent_living;life_skills;transition_support;young_adults,R005,People's Place Independent Living,Independent Living,Statewide,16,23,case_management;life_skills;transition_support,33,High,DFS referral or self-referral for 18-23,https://peoplesplace2.com/services/independent-living
YP-0079,18,Kent,academic_support;career_readiness;case_management;education;financial_literacy;general_support;independent_living;life_skills;transition_support;young_adults,R001,DSCYF Independent Living Services,Independent Living,Statewide,14,21,life_skills;transition_support,23,High,Caseworker/DFS referral,https://kids.delaware.gov/family-services/independent-living/
YP-0079,18,Kent,academic_support;career_readiness;case_management;education;financial_literacy;general_support;independent_living;life_skills;transition_support;young_adults,R007,Delaware 211,Resource Navigation,Statewide,0,99,education;general_support,23,High,"Call 211, text zip code to 898-211, or use website",https://delaware211.org/
YP-0079,18,Kent,academic_support;career_readiness;case_management;education;financial_literacy;general_support;independent_living;life_skills;transition_support;young_adults,R046,Junior Achievement of Delaware,Financial Literacy & Career,Statewide,5,18,career_readiness;financial_literacy,22,Medium,School/community program inquiry,https://delaware.ja.org/
YP-0080,14,New Castle,academic_support;career;career_readiness;case_management;education;employment;financial_literacy;general_support;job_training;life_skills;paid_work;transition_support,R001,DSCYF Independent Living Services,Independent Living,Statewide,14,21,life_skills;transition_support,23,High,Caseworker/DFS referral,https://kids.delaware.gov/family-services/independent-living/
YP-0080,14,New Castle,academic_support;career;career_readiness;case_management;education;employment;financial_literacy;general_support;job_training;life_skills;paid_work;transition_support,R007,Delaware 211,Resource Navigation,Statewide,0,99,education;general_support,23,High,"Call 211, text zip code to 898-211, or use website",https://delaware211.org/
YP-0080,14,New Castle,academic_support;career;career_readiness;case_management;education;employment;financial_literacy;general_support;job_training;life_skills;paid_work;transition_support,R018,Boys & Girls Clubs of Delaware - Education and Career,Education & Career,Statewide,6,18,academic_support;career,22,Medium,Join local club / program inquiry,https://www.bgclubs.org/education-and-career
YP-0080,14,New Castle,academic_support;career;career_readiness;case_management;education;employment;financial_literacy;general_support;job_training;life_skills;paid_work;transition_support,R046,Junior Achievement of Delaware,Financial Literacy & Career,Statewide,5,18,career_readiness;financial_literacy,22,Medium,School/community program inquiry,https://delaware.ja.org/
YP-0080,14,New Castle,academic_support;career;career_readiness;case_management;education;employment;financial_literacy;general_support;job_training;life_skills;paid_work;transition_support,R016,The Warehouse,Teen Center / Engagement,New Castle,13,24,education;employment,22,Medium,Membership / program enrollment,https://teenwarehouse.org/
YP-0081,18,New Castle,academic_support;career;career_readiness;case_management;education;employment;general_support;homelessness;housing;independent_living;job_training;paid_work;young_adults,R003,West End Neighborhood House Life Lines,Housing & Case Management,Statewide,16,23,case_management;education;employment;housing,43,High,Referral or program inquiry,https://westendnh.org/programs/life-lines/
YP-0081,18,New Castle,academic_support;career;career_readiness;case_management;education;employment;general_support;homelessness;housing;independent_living;job_training;paid_work;young_adults,R007,Delaware 211,Resource Navigation,Statewide,0,99,education;general_support;housing,33,High,"Call 211, text zip code to 898-211, or use website",https://delaware211.org/
YP-0081,18,New Castle,academic_support;career;career_readiness;case_management;education;employment;general_support;homelessness;housing;independent_living;job_training;paid_work;young_adults,R002,DSCYF ASSIST / Aftercare 18-21,Aftercare,Statewide,18,21,housing;independent_living,23,High,Caseworker/DFS referral,https://kids.delaware.gov/family-services/il-provider-resources/
YP-0081,18,New Castle,academic_support;career;career_readiness;case_management;education;employment;general_support;homelessness;housing;independent_living;job_training;paid_work;young_adults,R004,West End Life Lines Transitional Housing,Housing,Statewide,18,23,case_management;homelessness,23,High,Referral / eligibility screening,https://westendnh.org/programs/life-lines-programs/
YP-0081,18,New Castle,academic_support;career;career_readiness;case_management;education;employment;general_support;homelessness;housing;independent_living;job_training;paid_work;young_adults,R018,Boys & Girls Clubs of Delaware - Education and Career,Education & Career,Statewide,6,18,academic_support;career,22,Medium,Join local club / program inquiry,https://www.bgclubs.org/education-and-career
YP-0082,18,New Castle,career_pathway;case_management;college;general_support;homelessness;housing;independent_living;postsecondary;young_adults,R002,DSCYF ASSIST / Aftercare 18-21,Aftercare,Statewide,18,21,housing;independent_living,23,High,Caseworker/DFS referral,https://kids.delaware.gov/family-services/il-provider-resources/
YP-0082,18,New Castle,career_pathway;case_management;college;general_support;homelessness;housing;independent_living;postsecondary;young_adults,R007,Delaware 211,Resource Navigation,Statewide,0,99,general_support;housing,23,High,"Call 211, text zip code to 898-211, or use website",https://delaware211.org/
YP-0082,18,New Castle,career_pathway;case_management;college;general_support;homelessness;housing;independent_living;postsecondary;young_adults,R022,West End Education and Employment Department,Employment & Education,New Castle,16,24,career_pathway;postsecondary,23,High,Program inquiry,https://westendnh.org/programs/academic-education/
YP-0082,18,New Castle,career_pathway;case_management;college;general_support;homelessness;housing;independent_living;postsecondary;young_adults,R004,West End Life Lines Transitional Housing,Housing,Statewide,18,23,case_management;homelessness,23,High,Referral / eligibility screening,https://westendnh.org/programs/life-lines-programs/
YP-0082,18,New Castle,career_pathway;case_management;college;general_support;homelessness;housing;independent_living;postsecondary;young_adults,R003,West End Neighborhood House Life Lines,Housing & Case Management,Statewide,16,23,case_management;housing,23,High,Referral or program inquiry,https://westendnh.org/programs/life-lines/
YP-0083,15,New Castle,GED;career;case_management;community;credentials;education;employment;financial_literacy;general_support;job_training;life_skills;mentorship;paid_work;positive_adult;postsecondary;transition_support,R016,The Warehouse,Teen Center / Engagement,New Castle,13,24,community;education;employment;mentorship,42,Medium,Membership / program enrollment,https://teenwarehouse.org/
YP-0083,15,New Castle,GED;career;case_management;community;credentials;education;employment;financial_literacy;general_support;job_training;life_skills;mentorship;paid_work;positive_adult;postsecondary;transition_support,R001,DSCYF Independent Living Services,Independent Living,Statewide,14,21,life_skills;mentorship;transition_support,33,High,Caseworker/DFS referral,https://kids.delaware.gov/family-services/independent-living/
YP-0083,15,New Castle,GED;career;case_management;community;credentials;education;employment;financial_literacy;general_support;job_training;life_skills;mentorship;paid_work;positive_adult;postsecondary;transition_support,R017,Big Brothers Big Sisters of Delaware,Mentorship,Statewide,6,18,mentorship;positive_adult,23,High,Enroll youth / mentor match inquiry,https://bbbsde.org/
YP-0083,15,New Castle,GED;career;case_management;community;credentials;education;employment;financial_literacy;general_support;job_training;life_skills;mentorship;paid_work;positive_adult;postsecondary;transition_support,R007,Delaware 211,Resource Navigation,Statewide,0,99,education;general_support,23,High,"Call 211, text zip code to 898-211, or use website",https://delaware211.org/
YP-0083,15,New Castle,GED;career;case_management;community;credentials;education;employment;financial_literacy;general_support;job_training;life_skills;mentorship;paid_work;positive_adult;postsecondary;transition_support,R025,Delaware Department of Labor - Vocational Rehabilitation Transition Services,Disability / Employment,Statewide,14,24,employment,13,High,DVR referral / school referral,https://labor.delaware.gov/divisions/dvr/transition-services/
YP-0084,15,Sussex,career_pathway;college;general_support;postsecondary,R007,Delaware 211,Resource Navigation,Statewide,0,99,general_support,13,High,"Call 211, text zip code to 898-211, or use website",https://delaware211.org/
YP-0084,15,Sussex,career_pathway;college;general_support;postsecondary,R061,Delaware Parent Resources - Higher Education Guide,Education Navigation,Statewide,14,24,college,11,Low,Website navigation / caseworker support,https://delaware.gov/guides/parent-resources/
YP-0085,15,Kent,career;career_pathway;college;employment;general_support;postsecondary;professional_skills;resume,R019,YMCA of Delaware Teen Workforce Development,Employment,Statewide,15,19,professional_skills;resume,23,High,Interest form / program enrollment,https://www.ymcade.org/teen-workforce-development/
YP-0085,15,Kent,career;career_pathway;college;employment;general_support;postsecondary;professional_skills;resume,R007,Delaware 211,Resource Navigation,Statewide,0,99,general_support,13,High,"Call 211, text zip code to 898-211, or use website",https://delaware211.org/
YP-0085,15,Kent,career;career_pathway;college;employment;general_support;postsecondary;professional_skills;resume,R025,Delaware Department of Labor - Vocational Rehabilitation Transition Services,Disability / Employment,Statewide,14,24,employment,13,High,DVR referral / school referral,https://labor.delaware.gov/divisions/dvr/transition-services/
YP-0085,15,Kent,career;career_pathway;college;employment;general_support;postsecondary;professional_skills;resume,R018,Boys & Girls Clubs of Delaware - Education and Career,Education & Career,Statewide,6,18,career,12,Medium,Join local club / program inquiry,https://www.bgclubs.org/education-and-career
YP-0085,15,Kent,career;career_pathway;college;employment;general_support;postsecondary;professional_skills;resume,R061,Delaware Parent Resources - Higher Education Guide,Education Navigation,Statewide,14,24,college,11,Low,Website navigation / caseworker support,https://delaware.gov/guides/parent-resources/
YP-0086,15,New Castle,academic_support;career;career_readiness;community;education;employment;general_support;mentorship;positive_adult;professional_skills;resume,R016,The Warehouse,Teen Center / Engagement,New Castle,13,24,community;education;employment;mentorship,42,Medium,Membership / program enrollment,https://teenwarehouse.org/
YP-0086,15,New Castle,academic_support;career;career_readiness;community;education;employment;general_support;mentorship;positive_adult;professional_skills;resume,R017,Big Brothers Big Sisters of Delaware,Mentorship,Statewide,6,18,mentorship;positive_adult,23,High,Enroll youth / mentor match inquiry,https://bbbsde.org/
YP-0086,15,New Castle,academic_support;career;career_readiness;community;education;employment;general_support;mentorship;positive_adult;professional_skills;resume,R007,Delaware 211,Resource Navigation,Statewide,0,99,education;general_support,23,High,"Call 211, text zip code to 898-211, or use website",https://delaware211.org/
YP-0086,15,New Castle,academic_support;career;career_readiness;community;education;employment;general_support;mentorship;positive_adult;professional_skills;resume,R019,YMCA of Delaware Teen Workforce Development,Employment,Statewide,15,19,professional_skills;resume,23,High,Interest form / program enrollment,https://www.ymcade.org/teen-workforce-development/
YP-0086,15,New Castle,academic_support;career;career_readiness;community;education;employment;general_support;mentorship;positive_adult;professional_skills;resume,R018,Boys & Girls Clubs of Delaware - Education and Career,Education & Career,Statewide,6,18,academic_support;career,22,Medium,Join local club / program inquiry,https://www.bgclubs.org/education-and-career
YP-0087,18,Sussex,career;career_pathway;case_management;education;employment;general_support;homelessness;housing;independent_living;job_training;paid_work;postsecondary;young_adults,R003,West End Neighborhood House Life Lines,Housing & Case Management,Statewide,16,23,case_management;education;employment;housing,43,High,Referral or program inquiry,https://westendnh.org/programs/life-lines/
YP-0087,18,Sussex,career;career_pathway;case_management;education;employment;general_support;homelessness;housing;independent_living;job_training;paid_work;postsecondary;young_adults,R007,Delaware 211,Resource Navigation,Statewide,0,99,education;general_support;housing,33,High,"Call 211, text zip code to 898-211, or use website",https://delaware211.org/
YP-0087,18,Sussex,career;career_pathway;case_management;education;employment;general_support;homelessness;housing;independent_living;job_training;paid_work;postsecondary;young_adults,R002,DSCYF ASSIST / Aftercare 18-21,Aftercare,Statewide,18,21,housing;independent_living,23,High,Caseworker/DFS referral,https://kids.delaware.gov/family-services/il-provider-resources/
YP-0087,18,Sussex,career;career_pathway;case_management;education;employment;general_support;homelessness;housing;independent_living;job_training;paid_work;postsecondary;young_adults,R004,West End Life Lines Transitional Housing,Housing,Statewide,18,23,case_management;homelessness,23,High,Referral / eligibility screening,https://westendnh.org/programs/life-lines-programs/
YP-0087,18,Sussex,career;career_pathway;case_management;education;employment;general_support;homelessness;housing;independent_living;job_training;paid_work;postsecondary;young_adults,R048,Community Legal Aid Society Inc. (CLASI),Legal Aid,Statewide,18,99,housing,13,High,Legal intake / eligibility screening,https://www.declasi.org/
YP-0088,15,New Castle,academic_support;career_readiness;case_management;education;general_support;homelessness;housing;independent_living,R007,Delaware 211,Resource Navigation,Statewide,0,99,education;general_support;housing,33,High,"Call 211, text zip code to 898-211, or use website",https://delaware211.org/
YP-0088,15,New Castle,academic_support;career_readiness;case_management;education;general_support;homelessness;housing;independent_living,R001,DSCYF Independent Living Services,Independent Living,Statewide,14,21,housing,13,High,Caseworker/DFS referral,https://kids.delaware.gov/family-services/independent-living/
YP-0088,15,New Castle,academic_support;career_readiness;case_management;education;general_support;homelessness;housing;independent_living,R018,Boys & Girls Clubs of Delaware - Education and Career,Education & Career,Statewide,6,18,academic_support,12,Medium,Join local club / program inquiry,https://www.bgclubs.org/education-and-career
YP-0088,15,New Castle,academic_support;career_readiness;case_management;education;general_support;homelessness;housing;independent_living,R055,Delaware LGBTQ+ Resources and Organizations,LGBTQ+ Support,Statewide,0,99,education,12,Medium,Resource navigation,https://history.delaware.gov/lgbtq-history/local-lgbtq-resources-and-organizations/
YP-0088,15,New Castle,academic_support;career_readiness;case_management;education;general_support;homelessness;housing;independent_living,R024,Jobs for Delaware Graduates,Education & Employment,Statewide,14,21,career_readiness,12,Medium,School/program referral,https://jobsdegrads.org/
YP-0089,14,New Castle,career;career_pathway;case_management;college;employment;general_support;homelessness;housing;independent_living;job_training;paid_work;postsecondary,R007,Delaware 211,Resource Navigation,Statewide,0,99,general_support;housing,23,High,"Call 211, text zip code to 898-211, or use website",https://delaware211.org/
YP-0089,14,New Castle,career;career_pathway;case_management;college;employment;general_support;homelessness;housing;independent_living;job_training;paid_work;postsecondary,R001,DSCYF Independent Living Services,Independent Living,Statewide,14,21,housing,13,High,Caseworker/DFS referral,https://kids.delaware.gov/family-services/independent-living/
YP-0089,14,New Castle,career;career_pathway;case_management;college;employment;general_support;homelessness;housing;independent_living;job_training;paid_work;postsecondary,R025,Delaware Department of Labor - Vocational Rehabilitation Transition Services,Disability / Employment,Statewide,14,24,employment,13,High,DVR referral / school referral,https://labor.delaware.gov/divisions/dvr/transition-services/
YP-0089,14,New Castle,career;career_pathway;case_management;college;employment;general_support;homelessness;housing;independent_living;job_training;paid_work;postsecondary,R018,Boys & Girls Clubs of Delaware - Education and Career,Education & Career,Statewide,6,18,career,12,Medium,Join local club / program inquiry,https://www.bgclubs.org/education-and-career
YP-0089,14,New Castle,career;career_pathway;case_management;college;employment;general_support;homelessness;housing;independent_living;job_training;paid_work;postsecondary,R020,New Castle County Youth Workforce Development Program,Employment,New Castle,14,21,paid_work,12,Medium,Application,https://www.newcastlede.gov/859/Youth-Workforce-Development-Program
YP-0090,19,New Castle,GED;career;community;credentials;education;employment;general_support;independent_living;job_training;mentorship;paid_work;positive_adult;postsecondary;young_adults,R022,West End Education and Employment Department,Employment & Education,New Castle,16,24,GED;credentials;paid_work;postsecondary,43,High,Program inquiry,https://westendnh.org/programs/academic-education/
YP-0090,19,New Castle,GED;career;community;credentials;education;employment;general_support;independent_living;job_training;mentorship;paid_work;positive_adult;postsecondary;young_adults,R016,The Warehouse,Teen Center / Engagement,New Castle,13,24,community;education;employment;mentorship,42,Medium,Membership / program enrollment,https://teenwarehouse.org/
YP-0090,19,New Castle,GED;career;community;credentials;education;employment;general_support;independent_living;job_training;mentorship;paid_work;positive_adult;postsecondary;young_adults,R007,Delaware 211,Resource Navigation,Statewide,0,99,education;general_support,23,High,"Call 211, text zip code to 898-211, or use website",https://delaware211.org/
YP-0090,19,New Castle,GED;career;community;credentials;education;employment;general_support;independent_living;job_training;mentorship;paid_work;positive_adult;postsecondary;young_adults,R003,West End Neighborhood House Life Lines,Housing & Case Management,Statewide,16,23,education;employment,23,High,Referral or program inquiry,https://westendnh.org/programs/life-lines/
YP-0090,19,New Castle,GED;career;community;credentials;education;employment;general_support;independent_living;job_training;mentorship;paid_work;positive_adult;postsecondary;young_adults,R021,Wilmington Housing Authority YouthBuild,Employment & Education,New Castle,16,24,GED;job_training,23,High,Program application,https://whadelaware.org/about-wha/employment-opportunities-and-training-programs/youthbuild
YP-0091,17,New Castle,career;career_pathway;case_management;college;employment;general_support;homelessness;housing;independent_living;job_training;paid_work;postsecondary,R022,West End Education and Employment Department,Employment & Education,New Castle,16,24,career_pathway;paid_work;postsecondary,33,High,Program inquiry,https://westendnh.org/programs/academic-education/
YP-0091,17,New Castle,career;career_pathway;case_management;college;employment;general_support;homelessness;housing;independent_living;job_training;paid_work;postsecondary,R003,West End Neighborhood House Life Lines,Housing & Case Management,Statewide,16,23,case_management;employment;housing,33,High,Referral or program inquiry,https://westendnh.org/programs/life-lines/
YP-0091,17,New Castle,career;career_pathway;case_management;college;employment;general_support;homelessness;housing;independent_living;job_training;paid_work;postsecondary,R007,Delaware 211,Resource Navigation,Statewide,0,99,general_support;housing,23,High,"Call 211, text zip code to 898-211, or use website",https://delaware211.org/
YP-0091,17,New Castle,career;career_pathway;case_management;college;employment;general_support;homelessness;housing;independent_living;job_training;paid_work;postsecondary,R001,DSCYF Independent Living Services,Independent Living,Statewide,14,21,housing,13,High,Caseworker/DFS referral,https://kids.delaware.gov/family-services/independent-living/
YP-0091,17,New Castle,career;career_pathway;case_management;college;employment;general_support;homelessness;housing;independent_living;job_training;paid_work;postsecondary,R025,Delaware Department of Labor - Vocational Rehabilitation Transition Services,Disability / Employment,Statewide,14,24,employment,13,High,DVR referral / school referral,https://labor.delaware.gov/divisions/dvr/transition-services/
YP-0092,15,Kent,academic_support;career;career_readiness;education;employment;general_support;job_training;paid_work,R007,Delaware 211,Resource Navigation,Statewide,0,99,education;general_support,23,High,"Call 211, text zip code to 898-211, or use website",https://delaware211.org/
YP-0092,15,Kent,academic_support;career;career_readiness;education;employment;general_support;job_training;paid_work,R018,Boys & Girls Clubs of Delaware - Education and Career,Education & Career,Statewide,6,18,academic_support;career,22,Medium,Join local club / program inquiry,https://www.bgclubs.org/education-and-career
YP-0092,15,Kent,academic_support;career;career_readiness;education;employment;general_support;job_training;paid_work,R025,Delaware Department of Labor - Vocational Rehabilitation Transition Services,Disability / Employment,Statewide,14,24,employment,13,High,DVR referral / school referral,https://labor.delaware.gov/divisions/dvr/transition-services/
YP-0092,15,Kent,academic_support;career;career_readiness;education;employment;general_support;job_training;paid_work,R055,Delaware LGBTQ+ Resources and Organizations,LGBTQ+ Support,Statewide,0,99,education,12,Medium,Resource navigation,https://history.delaware.gov/lgbtq-history/local-lgbtq-resources-and-organizations/
YP-0092,15,Kent,academic_support;career;career_readiness;education;employment;general_support;job_training;paid_work,R024,Jobs for Delaware Graduates,Education & Employment,Statewide,14,21,career_readiness,12,Medium,School/program referral,https://jobsdegrads.org/
YP-0093,14,New Castle,academic_support;career;career_readiness;case_management;education;employment;financial_literacy;general_support;life_skills;professional_skills;resume;transition_support,R001,DSCYF Independent Living Services,Independent Living,Statewide,14,21,life_skills;transition_support,23,High,Caseworker/DFS referral,https://kids.delaware.gov/family-services/independent-living/
YP-0093,14,New Castle,academic_support;career;career_readiness;case_management;education;employment;financial_literacy;general_support;life_skills;professional_skills;resume;transition_support,R007,Delaware 211,Resource Navigation,Statewide,0,99,education;general_support,23,High,"Call 211, text zip code to 898-211, or use website",https://delaware211.org/
YP-0093,14,New Castle,academic_support;career;career_readiness;case_management;education;employment;financial_literacy;general_support;life_skills;professional_skills;resume;transition_support,R018,Boys & Girls Clubs of Delaware - Education and Career,Education & Career,Statewide,6,18,academic_support;career,22,Medium,Join local club / program inquiry,https://www.bgclubs.org/education-and-career
YP-0093,14,New Castle,academic_support;career;career_readiness;case_management;education;employment;financial_literacy;general_support;life_skills;professional_skills;resume;transition_support,R046,Junior Achievement of Delaware,Financial Literacy & Career,Statewide,5,18,career_readiness;financial_literacy,22,Medium,School/community program inquiry,https://delaware.ja.org/
YP-0093,14,New Castle,academic_support;career;career_readiness;case_management;education;employment;financial_literacy;general_support;life_skills;professional_skills;resume;transition_support,R016,The Warehouse,Teen Center / Engagement,New Castle,13,24,education;employment,22,Medium,Membership / program enrollment,https://teenwarehouse.org/
YP-0094,13,New Castle,academic_support;career;career_readiness;case_management;education;employment;financial_literacy;general_support;job_training;life_skills;paid_work;transition_support,R007,Delaware 211,Resource Navigation,Statewide,0,99,education;general_support,23,High,"Call 211, text zip code to 898-211, or use website",https://delaware211.org/
YP-0094,13,New Castle,academic_support;career;career_readiness;case_management;education;employment;financial_literacy;general_support;job_training;life_skills;paid_work;transition_support,R018,Boys & Girls Clubs of Delaware - Education and Career,Education & Career,Statewide,6,18,academic_support;career,22,Medium,Join local club / program inquiry,https://www.bgclubs.org/education-and-career
YP-0094,13,New Castle,academic_support;career;career_readiness;case_management;education;employment;financial_literacy;general_support;job_training;life_skills;paid_work;transition_support,R046,Junior Achievement of Delaware,Financial Literacy & Career,Statewide,5,18,career_readiness;financial_literacy,22,Medium,School/community program inquiry,https://delaware.ja.org/
YP-0094,13,New Castle,academic_support;career;career_readiness;case_management;education;employment;financial_literacy;general_support;job_training;life_skills;paid_work;transition_support,R016,The Warehouse,Teen Center / Engagement,New Castle,13,24,education;employment,22,Medium,Membership / program enrollment,https://teenwarehouse.org/
YP-0094,13,New Castle,academic_support;career;career_readiness;case_management;education;employment;financial_literacy;general_support;job_training;life_skills;paid_work;transition_support,R055,Delaware LGBTQ+ Resources and Organizations,LGBTQ+ Support,Statewide,0,99,education,12,Medium,Resource navigation,https://history.delaware.gov/lgbtq-history/local-lgbtq-resources-and-organizations/
YP-0095,13,Sussex,career;career_pathway;case_management;college;employment;financial_literacy;general_support;homelessness;housing;independent_living;job_training;life_skills;paid_work;postsecondary;transition_support,R007,Delaware 211,Resource Navigation,Statewide,0,99,general_support;housing,23,High,"Call 211, text zip code to 898-211, or use website",https://delaware211.org/
YP-0095,13,Sussex,career;career_pathway;case_management;college;employment;financial_literacy;general_support;homelessness;housing;independent_living;job_training;life_skills;paid_work;postsecondary;transition_support,R018,Boys & Girls Clubs of Delaware - Education and Career,Education & Career,Statewide,6,18,career,12,Medium,Join local club / program inquiry,https://www.bgclubs.org/education-and-career
YP-0095,13,Sussex,career;career_pathway;case_management;college;employment;financial_literacy;general_support;homelessness;housing;independent_living;job_training;life_skills;paid_work;postsecondary;transition_support,R046,Junior Achievement of Delaware,Financial Literacy & Career,Statewide,5,18,financial_literacy,12,Medium,School/community program inquiry,https://delaware.ja.org/
YP-0096,17,Sussex,academic_support;career;career_readiness;case_management;education;employment;general_support;homelessness;housing;professional_skills;resume,R003,West End Neighborhood House Life Lines,Housing & Case Management,Statewide,16,23,case_management;education;employment;housing,43,High,Referral or program inquiry,https://westendnh.org/programs/life-lines/
YP-0096,17,Sussex,academic_support;career;career_readiness;case_management;education;employment;general_support;homelessness;housing;professional_skills;resume,R007,Delaware 211,Resource Navigation,Statewide,0,99,education;general_support;housing,33,High,"Call 211, text zip code to 898-211, or use website",https://delaware211.org/
YP-0096,17,Sussex,academic_support;career;career_readiness;case_management;education;employment;general_support;homelessness;housing;professional_skills;resume,R019,YMCA of Delaware Teen Workforce Development,Employment,Statewide,15,19,professional_skills;resume,23,High,Interest form / program enrollment,https://www.ymcade.org/teen-workforce-development/
YP-0096,17,Sussex,academic_support;career;career_readiness;case_management;education;employment;general_support;homelessness;housing;professional_skills;resume,R018,Boys & Girls Clubs of Delaware - Education and Career,Education & Career,Statewide,6,18,academic_support;career,22,Medium,Join local club / program inquiry,https://www.bgclubs.org/education-and-career
YP-0096,17,Sussex,academic_support;career;career_readiness;case_management;education;employment;general_support;homelessness;housing;professional_skills;resume,R001,DSCYF Independent Living Services,Independent Living,Statewide,14,21,housing,13,High,Caseworker/DFS referral,https://kids.delaware.gov/family-services/independent-living/
YP-0097,13,Sussex,GED;career;case_management;credentials;education;employment;general_support;homelessness;housing;job_training;paid_work;postsecondary,R007,Delaware 211,Resource Navigation,Statewide,0,99,education;general_support;housing,33,High,"Call 211, text zip code to 898-211, or use website",https://delaware211.org/
YP-0097,13,Sussex,GED;career;case_management;credentials;education;employment;general_support;homelessness;housing;job_training;paid_work;postsecondary,R018,Boys & Girls Clubs of Delaware - Education and Career,Education & Career,Statewide,6,18,career,12,Medium,Join local club / program inquiry,https://www.bgclubs.org/education-and-career
YP-0097,13,Sussex,GED;career;case_management;credentials;education;employment;general_support;homelessness;housing;job_training;paid_work;postsecondary,R055,Delaware LGBTQ+ Resources and Organizations,LGBTQ+ Support,Statewide,0,99,education,12,Medium,Resource navigation,https://history.delaware.gov/lgbtq-history/local-lgbtq-resources-and-organizations/
YP-0097,13,Sussex,GED;career;case_management;credentials;education;employment;general_support;homelessness;housing;job_training;paid_work;postsecondary,R042,Mental Health Association in Delaware,Mental Health,Statewide,0,99,education,12,Medium,Program inquiry / referral,https://www.mhainde.org/
YP-0098,15,Kent,GED;career;community;credentials;education;employment;general_support;internship;mentorship;positive_adult;postsecondary;professional_skills,R017,Big Brothers Big Sisters of Delaware,Mentorship,Statewide,6,18,mentorship;positive_adult,23,High,Enroll youth / mentor match inquiry,https://bbbsde.org/
YP-0098,15,Kent,GED;career;community;credentials;education;employment;general_support;internship;mentorship;positive_adult;postsecondary;professional_skills,R007,Delaware 211,Resource Navigation,Statewide,0,99,education;general_support,23,High,"Call 211, text zip code to 898-211, or use website",https://delaware211.org/
YP-0098,15,Kent,GED;career;community;credentials;education;employment;general_support;internship;mentorship;positive_adult;postsecondary;professional_skills,R019,YMCA of Delaware Teen Workforce Development,Employment,Statewide,15,19,internship;professional_skills,23,High,Interest form / program enrollment,https://www.ymcade.org/teen-workforce-development/
YP-0098,15,Kent,GED;career;community;credentials;education;employment;general_support;internship;mentorship;positive_adult;postsecondary;professional_skills,R001,DSCYF Independent Living Services,Independent Living,Statewide,14,21,mentorship,13,High,Caseworker/DFS referral,https://kids.delaware.gov/family-services/independent-living/
YP-0098,15,Kent,GED;career;community;credentials;education;employment;general_support;internship;mentorship;positive_adult;postsecondary;professional_skills,R025,Delaware Department of Labor - Vocational Rehabilitation Transition Services,Disability / Employment,Statewide,14,24,employment,13,High,DVR referral / school referral,https://labor.delaware.gov/divisions/dvr/transition-services/
YP-0099,19,New Castle,career;career_pathway;case_management;college;employment;financial_literacy;general_support;homelessness;housing;independent_living;life_skills;postsecondary;professional_skills;resume;transition_support;young_adults,R003,West End Neighborhood House Life Lines,Housing & Case Management,Statewide,16,23,case_management;employment;financial_literacy;housing;life_skills,53,High,Referral or program inquiry,https://westendnh.org/programs/life-lines/
YP-0099,19,New Castle,career;career_pathway;case_management;college;employment;financial_literacy;general_support;homelessness;housing;independent_living;life_skills;postsecondary;professional_skills;resume;transition_support;young_adults,R001,DSCYF Independent Living Services,Independent Living,Statewide,14,21,housing;life_skills;transition_support,33,High,Caseworker/DFS referral,https://kids.delaware.gov/family-services/independent-living/
YP-0099,19,New Castle,career;career_pathway;case_management;college;employment;financial_literacy;general_support;homelessness;housing;independent_living;life_skills;postsecondary;professional_skills;resume;transition_support;young_adults,R005,People's Place Independent Living,Independent Living,Statewide,16,23,case_management;life_skills;transition_support,33,High,DFS referral or self-referral for 18-23,https://peoplesplace2.com/services/independent-living
YP-0099,19,New Castle,career;career_pathway;case_management;college;employment;financial_literacy;general_support;homelessness;housing;independent_living;life_skills;postsecondary;professional_skills;resume;transition_support;young_adults,R002,DSCYF ASSIST / Aftercare 18-21,Aftercare,Statewide,18,21,housing;independent_living,23,High,Caseworker/DFS referral,https://kids.delaware.gov/family-services/il-provider-resources/
YP-0099,19,New Castle,career;career_pathway;case_management;college;employment;financial_literacy;general_support;homelessness;housing;independent_living;life_skills;postsecondary;professional_skills;resume;transition_support;young_adults,R007,Delaware 211,Resource Navigation,Statewide,0,99,general_support;housing,23,High,"Call 211, text zip code to 898-211, or use website",https://delaware211.org/
YP-0100,17,New Castle,GED;career;case_management;community;credentials;education;employment;general_support;homelessness;housing;independent_living;mentorship;positive_adult;postsecondary;professional_skills;resume,R003,West End Neighborhood House Life Lines,Housing & Case Management,Statewide,16,23,case_management;education;employment;housing,43,High,Referral or program inquiry,https://westendnh.org/programs/life-lines/
YP-0100,17,New Castle,GED;career;case_management;community;credentials;education;employment;general_support;homelessness;housing;independent_living;mentorship;positive_adult;postsecondary;professional_skills;resume,R016,The Warehouse,Teen Center / Engagement,New Castle,13,24,community;education;employment;mentorship,42,Medium,Membership / program enrollment,https://teenwarehouse.org/
YP-0100,17,New Castle,GED;career;case_management;community;credentials;education;employment;general_support;homelessness;housing;independent_living;mentorship;positive_adult;postsecondary;professional_skills;resume,R007,Delaware 211,Resource Navigation,Statewide,0,99,education;general_support;housing,33,High,"Call 211, text zip code to 898-211, or use website",https://delaware211.org/
YP-0100,17,New Castle,GED;career;case_management;community;credentials;education;employment;general_support;homelessness;housing;independent_living;mentorship;positive_adult;postsecondary;professional_skills;resume,R022,West End Education and Employment Department,Employment & Education,New Castle,16,24,GED;credentials;postsecondary,33,High,Program inquiry,https://westendnh.org/programs/academic-education/
YP-0100,17,New Castle,GED;career;case_management;community;credentials;education;employment;general_support;homelessness;housing;independent_living;mentorship;positive_adult;postsecondary;professional_skills;resume,R017,Big Brothers Big Sisters of Delaware,Mentorship,Statewide,6,18,mentorship;positive_adult,23,High,Enroll youth / mentor match inquiry,https://bbbsde.org/
YP-0101,13,Kent,academic_support;career;career_readiness;case_management;education;employment;general_support;homelessness;housing;independent_living;job_training;paid_work,R007,Delaware 211,Resource Navigation,Statewide,0,99,education;general_support;housing,33,High,"Call 211, text zip code to 898-211, or use website",https://delaware211.org/
YP-0101,13,Kent,academic_support;career;career_readiness;case_management;education;employment;general_support;homelessness;housing;independent_living;job_training;paid_work,R018,Boys & Girls Clubs of Delaware - Education and Career,Education & Career,Statewide,6,18,academic_support;career,22,Medium,Join local club / program inquiry,https://www.bgclubs.org/education-and-career
YP-0101,13,Kent,academic_support;career;career_readiness;case_management;education;employment;general_support;homelessness;housing;independent_living;job_training;paid_work,R055,Delaware LGBTQ+ Resources and Organizations,LGBTQ+ Support,Statewide,0,99,education,12,Medium,Resource navigation,https://history.delaware.gov/lgbtq-history/local-lgbtq-resources-and-organizations/
YP-0101,13,Kent,academic_support;career;career_readiness;case_management;education;employment;general_support;homelessness;housing;independent_living;job_training;paid_work,R046,Junior Achievement of Delaware,Financial Literacy & Career,Statewide,5,18,career_readiness,12,Medium,School/community program inquiry,https://delaware.ja.org/
YP-0101,13,Kent,academic_support;career;career_readiness;case_management;education;employment;general_support;homelessness;housing;independent_living;job_training;paid_work,R042,Mental Health Association in Delaware,Mental Health,Statewide,0,99,education,12,Medium,Program inquiry / referral,https://www.mhainde.org/
YP-0102,15,New Castle,GED;career;case_management;community;credentials;education;employment;general_support;homelessness;housing;independent_living;job_training;mentorship;paid_work;positive_adult;postsecondary,R016,The Warehouse,Teen Center / Engagement,New Castle,13,24,community;education;employment;mentorship,42,Medium,Membership / program enrollment,https://teenwarehouse.org/
YP-0102,15,New Castle,GED;career;case_management;community;credentials;education;employment;general_support;homelessness;housing;independent_living;job_training;mentorship;paid_work;positive_adult;postsecondary,R007,Delaware 211,Resource Navigation,Statewide,0,99,education;general_support;housing,33,High,"Call 211, text zip code to 898-211, or use website",https://delaware211.org/
YP-0102,15,New Castle,GED;career;case_management;community;credentials;education;employment;general_support;homelessness;housing;independent_living;job_training;mentorship;paid_work;positive_adult;postsecondary,R017,Big Brothers Big Sisters of Delaware,Mentorship,Statewide,6,18,mentorship;positive_adult,23,High,Enroll youth / mentor match inquiry,https://bbbsde.org/
YP-0102,15,New Castle,GED;career;case_management;community;credentials;education;employment;general_support;homelessness;housing;independent_living;job_training;mentorship;paid_work;positive_adult;postsecondary,R001,DSCYF Independent Living Services,Independent Living,Statewide,14,21,housing;mentorship,23,High,Caseworker/DFS referral,https://kids.delaware.gov/family-services/independent-living/
YP-0102,15,New Castle,GED;career;case_management;community;credentials;education;employment;general_support;homelessness;housing;independent_living;job_training;mentorship;paid_work;positive_adult;postsecondary,R025,Delaware Department of Labor - Vocational Rehabilitation Transition Services,Disability / Employment,Statewide,14,24,employment,13,High,DVR referral / school referral,https://labor.delaware.gov/divisions/dvr/transition-services/
YP-0103,15,Kent,career;career_pathway;case_management;college;employment;general_support;homelessness;housing;independent_living;job_training;paid_work;postsecondary,R007,Delaware 211,Resource Navigation,Statewide,0,99,general_support;housing,23,High,"Call 211, text zip code to 898-211, or use website",https://delaware211.org/
YP-0103,15,Kent,career;career_pathway;case_management;college;employment;general_support;homelessness;housing;independent_living;job_training;paid_work;postsecondary,R001,DSCYF Independent Living Services,Independent Living,Statewide,14,21,housing,13,High,Caseworker/DFS referral,https://kids.delaware.gov/family-services/independent-living/
YP-0103,15,Kent,career;career_pathway;case_management;college;employment;general_support;homelessness;housing;independent_living;job_training;paid_work;postsecondary,R025,Delaware Department of Labor - Vocational Rehabilitation Transition Services,Disability / Employment,Statewide,14,24,employment,13,High,DVR referral / school referral,https://labor.delaware.gov/divisions/dvr/transition-services/
YP-0103,15,Kent,career;career_pathway;case_management;college;employment;general_support;homelessness;housing;independent_living;job_training;paid_work;postsecondary,R018,Boys & Girls Clubs of Delaware - Education and Career,Education & Career,Statewide,6,18,career,12,Medium,Join local club / program inquiry,https://www.bgclubs.org/education-and-career
YP-0103,15,Kent,career;career_pathway;case_management;college;employment;general_support;homelessness;housing;independent_living;job_training;paid_work;postsecondary,R061,Delaware Parent Resources - Higher Education Guide,Education Navigation,Statewide,14,24,college,11,Low,Website navigation / caseworker support,https://delaware.gov/guides/parent-resources/
YP-0104,15,Sussex,academic_support;career;career_readiness;case_management;education;employment;financial_literacy;general_support;job_training;life_skills;paid_work;transition_support,R001,DSCYF Independent Living Services,Independent Living,Statewide,14,21,life_skills;transition_support,23,High,Caseworker/DFS referral,https://kids.delaware.gov/family-services/independent-living/
YP-0104,15,Sussex,academic_support;career;career_readiness;case_management;education;employment;financial_literacy;general_support;job_training;life_skills;paid_work;transition_support,R007,Delaware 211,Resource Navigation,Statewide,0,99,education;general_support,23,High,"Call 211, text zip code to 898-211, or use website",https://delaware211.org/
YP-0104,15,Sussex,academic_support;career;career_readiness;case_management;education;employment;financial_literacy;general_support;job_training;life_skills;paid_work;transition_support,R018,Boys & Girls Clubs of Delaware - Education and Career,Education & Career,Statewide,6,18,academic_support;career,22,Medium,Join local club / program inquiry,https://www.bgclubs.org/education-and-career
YP-0104,15,Sussex,academic_support;career;career_readiness;case_management;education;employment;financial_literacy;general_support;job_training;life_skills;paid_work;transition_support,R046,Junior Achievement of Delaware,Financial Literacy & Career,Statewide,5,18,career_readiness;financial_literacy,22,Medium,School/community program inquiry,https://delaware.ja.org/
YP-0104,15,Sussex,academic_support;career;career_readiness;case_management;education;employment;financial_literacy;general_support;job_training;life_skills;paid_work;transition_support,R025,Delaware Department of Labor - Vocational Rehabilitation Transition Services,Disability / Employment,Statewide,14,24,employment,13,High,DVR referral / school referral,https://labor.delaware.gov/divisions/dvr/transition-services/
YP-0105,16,New Castle,GED;career;credentials;education;employment;general_support;job_training;paid_work;postsecondary,R022,West End Education and Employment Department,Employment & Education,New Castle,16,24,GED;credentials;paid_work;postsecondary,43,High,Program inquiry,https://westendnh.org/programs/academic-education/
YP-0105,16,New Castle,GED;career;credentials;education;employment;general_support;job_training;paid_work;postsecondary,R007,Delaware 211,Resource Navigation,Statewide,0,99,education;general_support,23,High,"Call 211, text zip code to 898-211, or use website",https://delaware211.org/
YP-0105,16,New Castle,GED;career;credentials;education;employment;general_support;job_training;paid_work;postsecondary,R003,West End Neighborhood House Life Lines,Housing & Case Management,Statewide,16,23,education;employment,23,High,Referral or program inquiry,https://westendnh.org/programs/life-lines/
YP-0105,16,New Castle,GED;career;credentials;education;employment;general_support;job_training;paid_work;postsecondary,R021,Wilmington Housing Authority YouthBuild,Employment & Education,New Castle,16,24,GED;job_training,23,High,Program application,https://whadelaware.org/about-wha/employment-opportunities-and-training-programs/youthbuild
YP-0105,16,New Castle,GED;career;credentials;education;employment;general_support;job_training;paid_work;postsecondary,R023,The Challenge Program,Employment & Education,New Castle,16,24,GED;job_training,22,Medium,Program inquiry,https://www.challengeprogram.org/
YP-0106,13,New Castle,career;career_pathway;case_management;college;employment;general_support;homelessness;housing;job_training;paid_work;postsecondary,R007,Delaware 211,Resource Navigation,Statewide,0,99,general_support;housing,23,High,"Call 211, text zip code to 898-211, or use website",https://delaware211.org/
YP-0106,13,New Castle,career;career_pathway;case_management;college;employment;general_support;homelessness;housing;job_training;paid_work;postsecondary,R018,Boys & Girls Clubs of Delaware - Education and Career,Education & Career,Statewide,6,18,career,12,Medium,Join local club / program inquiry,https://www.bgclubs.org/education-and-career
YP-0106,13,New Castle,career;career_pathway;case_management;college;employment;general_support;homelessness;housing;job_training;paid_work;postsecondary,R016,The Warehouse,Teen Center / Engagement,New Castle,13,24,employment,12,Medium,Membership / program enrollment,https://teenwarehouse.org/
YP-0107,18,New Castle,career;career_pathway;case_management;college;community;employment;financial_literacy;general_support;homelessness;housing;independent_living;life_skills;mentorship;positive_adult;postsecondary;professional_skills;resume;transition_support;young_adults,R003,West End Neighborhood House Life Lines,Housing & Case Management,Statewide,16,23,case_management;employment;financial_literacy;housing;life_skills,53,High,Referral or program inquiry,https://westendnh.org/programs/life-lines/
YP-0107,18,New Castle,career;career_pathway;case_management;college;community;employment;financial_literacy;general_support;homelessness;housing;independent_living;life_skills;mentorship;positive_adult;postsecondary;professional_skills;resume;transition_support;young_adults,R001,DSCYF Independent Living Services,Independent Living,Statewide,14,21,housing;life_skills;mentorship;transition_support,43,High,Caseworker/DFS referral,https://kids.delaware.gov/family-services/independent-living/
YP-0107,18,New Castle,career;career_pathway;case_management;college;community;employment;financial_literacy;general_support;homelessness;housing;independent_living;life_skills;mentorship;positive_adult;postsecondary;professional_skills;resume;transition_support;young_adults,R005,People's Place Independent Living,Independent Living,Statewide,16,23,case_management;life_skills;transition_support,33,High,DFS referral or self-referral for 18-23,https://peoplesplace2.com/services/independent-living
YP-0107,18,New Castle,career;career_pathway;case_management;college;community;employment;financial_literacy;general_support;homelessness;housing;independent_living;life_skills;mentorship;positive_adult;postsecondary;professional_skills;resume;transition_support;young_adults,R016,The Warehouse,Teen Center / Engagement,New Castle,13,24,community;employment;mentorship,32,Medium,Membership / program enrollment,https://teenwarehouse.org/
YP-0107,18,New Castle,career;career_pathway;case_management;college;community;employment;financial_literacy;general_support;homelessness;housing;independent_living;life_skills;mentorship;positive_adult;postsecondary;professional_skills;resume;transition_support;young_adults,R017,Big Brothers Big Sisters of Delaware,Mentorship,Statewide,6,18,mentorship;positive_adult,23,High,Enroll youth / mentor match inquiry,https://bbbsde.org/
YP-0108,19,New Castle,academic_support;career_readiness;case_management;community;education;general_support;homelessness;housing;independent_living;mentorship;positive_adult;young_adults,R007,Delaware 211,Resource Navigation,Statewide,0,99,education;general_support;housing,33,High,"Call 211, text zip code to 898-211, or use website",https://delaware211.org/
YP-0108,19,New Castle,academic_support;career_readiness;case_management;community;education;general_support;homelessness;housing;independent_living;mentorship;positive_adult;young_adults,R003,West End Neighborhood House Life Lines,Housing & Case Management,Statewide,16,23,case_management;education;housing,33,High,Referral or program inquiry,https://westendnh.org/programs/life-lines/
YP-0108,19,New Castle,academic_support;career_readiness;case_management;community;education;general_support;homelessness;housing;independent_living;mentorship;positive_adult;young_adults,R016,The Warehouse,Teen Center / Engagement,New Castle,13,24,community;education;mentorship,32,Medium,Membership / program enrollment,https://teenwarehouse.org/
YP-0108,19,New Castle,academic_support;career_readiness;case_management;community;education;general_support;homelessness;housing;independent_living;mentorship;positive_adult;young_adults,R002,DSCYF ASSIST / Aftercare 18-21,Aftercare,Statewide,18,21,housing;independent_living,23,High,Caseworker/DFS referral,https://kids.delaware.gov/family-services/il-provider-resources/
YP-0108,19,New Castle,academic_support;career_readiness;case_management;community;education;general_support;homelessness;housing;independent_living;mentorship;positive_adult;young_adults,R001,DSCYF Independent Living Services,Independent Living,Statewide,14,21,housing;mentorship,23,High,Caseworker/DFS referral,https://kids.delaware.gov/family-services/independent-living/
YP-0109,19,Sussex,career;career_pathway;education;employment;general_support;independent_living;internship;postsecondary;professional_skills;young_adults,R007,Delaware 211,Resource Navigation,Statewide,0,99,education;general_support,23,High,"Call 211, text zip code to 898-211, or use website",https://delaware211.org/
YP-0109,19,Sussex,career;career_pathway;education;employment;general_support;independent_living;internship;postsecondary;professional_skills;young_adults,R003,West End Neighborhood House Life Lines,Housing & Case Management,Statewide,16,23,education;employment,23,High,Referral or program inquiry,https://westendnh.org/programs/life-lines/
YP-0109,19,Sussex,career;career_pathway;education;employment;general_support;independent_living;internship;postsecondary;professional_skills;young_adults,R019,YMCA of Delaware Teen Workforce Development,Employment,Statewide,15,19,internship;professional_skills,23,High,Interest form / program enrollment,https://www.ymcade.org/teen-workforce-development/
YP-0109,19,Sussex,career;career_pathway;education;employment;general_support;independent_living;internship;postsecondary;professional_skills;young_adults,R002,DSCYF ASSIST / Aftercare 18-21,Aftercare,Statewide,18,21,independent_living,13,High,Caseworker/DFS referral,https://kids.delaware.gov/family-services/il-provider-resources/
YP-0109,19,Sussex,career;career_pathway;education;employment;general_support;independent_living;internship;postsecondary;professional_skills;young_adults,R025,Delaware Department of Labor - Vocational Rehabilitation Transition Services,Disability / Employment,Statewide,14,24,employment,13,High,DVR referral / school referral,https://labor.delaware.gov/divisions/dvr/transition-services/
YP-0110,15,New Castle,career;career_pathway;case_management;community;education;employment;financial_literacy;general_support;job_training;life_skills;mentorship;paid_work;positive_adult;postsecondary;transition_support,R016,The Warehouse,Teen Center / Engagement,New Castle,13,24,community;education;employment;mentorship,42,Medium,Membership / program enrollment,https://teenwarehouse.org/
YP-0110,15,New Castle,career;career_pathway;case_management;community;education;employment;financial_literacy;general_support;job_training;life_skills;mentorship;paid_work;positive_adult;postsecondary;transition_support,R001,DSCYF Independent Living Services,Independent Living,Statewide,14,21,life_skills;mentorship;transition_support,33,High,Caseworker/DFS referral,https://kids.delaware.gov/family-services/independent-living/
YP-0110,15,New Castle,career;career_pathway;case_management;community;education;employment;financial_literacy;general_support;job_training;life_skills;mentorship;paid_work;positive_adult;postsecondary;transition_support,R017,Big Brothers Big Sisters of Delaware,Mentorship,Statewide,6,18,mentorship;positive_adult,23,High,Enroll youth / mentor match inquiry,https://bbbsde.org/
YP-0110,15,New Castle,career;career_pathway;case_management;community;education;employment;financial_literacy;general_support;job_training;life_skills;mentorship;paid_work;positive_adult;postsecondary;transition_support,R007,Delaware 211,Resource Navigation,Statewide,0,99,education;general_support,23,High,"Call 211, text zip code to 898-211, or use website",https://delaware211.org/
YP-0110,15,New Castle,career;career_pathway;case_management;community;education;employment;financial_literacy;general_support;job_training;life_skills;mentorship;paid_work;positive_adult;postsecondary;transition_support,R025,Delaware Department of Labor - Vocational Rehabilitation Transition Services,Disability / Employment,Statewide,14,24,employment,13,High,DVR referral / school referral,https://labor.delaware.gov/divisions/dvr/transition-services/
YP-0111,13,Sussex,academic_support;career;career_readiness;case_management;community;education;employment;financial_literacy;general_support;job_training;life_skills;mentorship;paid_work;positive_adult;transition_support,R017,Big Brothers Big Sisters of Delaware,Mentorship,Statewide,6,18,mentorship;positive_adult,23,High,Enroll youth / mentor match inquiry,https://bbbsde.org/
YP-0111,13,Sussex,academic_support;career;career_readiness;case_management;community;education;employment;financial_literacy;general_support;job_training;life_skills;mentorship;paid_work;positive_adult;transition_support,R007,Delaware 211,Resource Navigation,Statewide,0,99,education;general_support,23,High,"Call 211, text zip code to 898-211, or use website",https://delaware211.org/
YP-0111,13,Sussex,academic_support;career;career_readiness;case_management;community;education;employment;financial_literacy;general_support;job_training;life_skills;mentorship;paid_work;positive_adult;transition_support,R018,Boys & Girls Clubs of Delaware - Education and Career,Education & Career,Statewide,6,18,academic_support;career,22,Medium,Join local club / program inquiry,https://www.bgclubs.org/education-and-career
YP-0111,13,Sussex,academic_support;career;career_readiness;case_management;community;education;employment;financial_literacy;general_support;job_training;life_skills;mentorship;paid_work;positive_adult;transition_support,R046,Junior Achievement of Delaware,Financial Literacy & Career,Statewide,5,18,career_readiness;financial_literacy,22,Medium,School/community program inquiry,https://delaware.ja.org/
YP-0111,13,Sussex,academic_support;career;career_readiness;case_management;community;education;employment;financial_literacy;general_support;job_training;life_skills;mentorship;paid_work;positive_adult;transition_support,R055,Delaware LGBTQ+ Resources and Organizations,LGBTQ+ Support,Statewide,0,99,education,12,Medium,Resource navigation,https://history.delaware.gov/lgbtq-history/local-lgbtq-resources-and-organizations/
YP-0112,18,Kent,career;career_pathway;college;employment;general_support;independent_living;postsecondary;professional_skills;resume;young_adults,R019,YMCA of Delaware Teen Workforce Development,Employment,Statewide,15,19,professional_skills;resume,23,High,Interest form / program enrollment,https://www.ymcade.org/teen-workforce-development/
YP-0112,18,Kent,career;career_pathway;college;employment;general_support;independent_living;postsecondary;professional_skills;resume;young_adults,R002,DSCYF ASSIST / Aftercare 18-21,Aftercare,Statewide,18,21,independent_living,13,High,Caseworker/DFS referral,https://kids.delaware.gov/family-services/il-provider-resources/
YP-0112,18,Kent,career;career_pathway;college;employment;general_support;independent_living;postsecondary;professional_skills;resume;young_adults,R007,Delaware 211,Resource Navigation,Statewide,0,99,general_support,13,High,"Call 211, text zip code to 898-211, or use website",https://delaware211.org/
YP-0112,18,Kent,career;career_pathway;college;employment;general_support;independent_living;postsecondary;professional_skills;resume;young_adults,R025,Delaware Department of Labor - Vocational Rehabilitation Transition Services,Disability / Employment,Statewide,14,24,employment,13,High,DVR referral / school referral,https://labor.delaware.gov/divisions/dvr/transition-services/
YP-0112,18,Kent,career;career_pathway;college;employment;general_support;independent_living;postsecondary;professional_skills;resume;young_adults,R009,Foster Care Tuition Waiver Program,Education Funding,Statewide,18,26,college,13,High,Eligibility application / caseworker support,https://kids.delaware.gov/family-services/foster-care-tuition-waiver-program/
YP-0113,19,New Castle,GED;career;community;credentials;education;employment;general_support;independent_living;mentorship;positive_adult;postsecondary;professional_skills;resume;young_adults,R016,The Warehouse,Teen Center / Engagement,New Castle,13,24,community;education;employment;mentorship,42,Medium,Membership / program enrollment,https://teenwarehouse.org/
YP-0113,19,New Castle,GED;career;community;credentials;education;employment;general_support;independent_living;mentorship;positive_adult;postsecondary;professional_skills;resume;young_adults,R022,West End Education and Employment Department,Employment & Education,New Castle,16,24,GED;credentials;postsecondary,33,High,Program inquiry,https://westendnh.org/programs/academic-education/
YP-0113,19,New Castle,GED;career;community;credentials;education;employment;general_support;independent_living;mentorship;positive_adult;postsecondary;professional_skills;resume;young_adults,R007,Delaware 211,Resource Navigation,Statewide,0,99,education;general_support,23,High,"Call 211, text zip code to 898-211, or use website",https://delaware211.org/
YP-0113,19,New Castle,GED;career;community;credentials;education;employment;general_support;independent_living;mentorship;positive_adult;postsecondary;professional_skills;resume;young_adults,R003,West End Neighborhood House Life Lines,Housing & Case Management,Statewide,16,23,education;employment,23,High,Referral or program inquiry,https://westendnh.org/programs/life-lines/
YP-0113,19,New Castle,GED;career;community;credentials;education;employment;general_support;independent_living;mentorship;positive_adult;postsecondary;professional_skills;resume;young_adults,R019,YMCA of Delaware Teen Workforce Development,Employment,Statewide,15,19,professional_skills;resume,23,High,Interest form / program enrollment,https://www.ymcade.org/teen-workforce-development/
YP-0114,13,New Castle,career;career_pathway;case_management;college;employment;general_support;homelessness;housing;job_training;paid_work;postsecondary,R007,Delaware 211,Resource Navigation,Statewide,0,99,general_support;housing,23,High,"Call 211, text zip code to 898-211, or use website",https://delaware211.org/
YP-0114,13,New Castle,career;career_pathway;case_management;college;employment;general_support;homelessness;housing;job_training;paid_work;postsecondary,R018,Boys & Girls Clubs of Delaware - Education and Career,Education & Career,Statewide,6,18,career,12,Medium,Join local club / program inquiry,https://www.bgclubs.org/education-and-career
YP-0114,13,New Castle,career;career_pathway;case_management;college;employment;general_support;homelessness;housing;job_training;paid_work;postsecondary,R016,The Warehouse,Teen Center / Engagement,New Castle,13,24,employment,12,Medium,Membership / program enrollment,https://teenwarehouse.org/
YP-0115,14,New Castle,GED;career;community;credentials;education;employment;general_support;job_training;mentorship;paid_work;positive_adult;postsecondary,R016,The Warehouse,Teen Center / Engagement,New Castle,13,24,community;education;employment;mentorship,42,Medium,Membership / program enrollment,https://teenwarehouse.org/
YP-0115,14,New Castle,GED;career;community;credentials;education;employment;general_support;job_training;mentorship;paid_work;positive_adult;postsecondary,R017,Big Brothers Big Sisters of Delaware,Mentorship,Statewide,6,18,mentorship;positive_adult,23,High,Enroll youth / mentor match inquiry,https://bbbsde.org/
YP-0115,14,New Castle,GED;career;community;credentials;education;employment;general_support;job_training;mentorship;paid_work;positive_adult;postsecondary,R007,Delaware 211,Resource Navigation,Statewide,0,99,education;general_support,23,High,"Call 211, text zip code to 898-211, or use website",https://delaware211.org/
YP-0115,14,New Castle,GED;career;community;credentials;education;employment;general_support;job_training;mentorship;paid_work;positive_adult;postsecondary,R001,DSCYF Independent Living Services,Independent Living,Statewide,14,21,mentorship,13,High,Caseworker/DFS referral,https://kids.delaware.gov/family-services/independent-living/
YP-0115,14,New Castle,GED;career;community;credentials;education;employment;general_support;job_training;mentorship;paid_work;positive_adult;postsecondary,R025,Delaware Department of Labor - Vocational Rehabilitation Transition Services,Disability / Employment,Statewide,14,24,employment,13,High,DVR referral / school referral,https://labor.delaware.gov/divisions/dvr/transition-services/
YP-0116,18,New Castle,academic_support;career;career_readiness;education;employment;general_support;independent_living;professional_skills;resume;young_adults,R007,Delaware 211,Resource Navigation,Statewide,0,99,education;general_support,23,High,"Call 211, text zip code to 898-211, or use website",https://delaware211.org/
YP-0116,18,New Castle,academic_support;career;career_readiness;education;employment;general_support;independent_living;professional_skills;resume;young_adults,R003,West End Neighborhood House Life Lines,Housing & Case Management,Statewide,16,23,education;employment,23,High,Referral or program inquiry,https://westendnh.org/programs/life-lines/
YP-0116,18,New Castle,academic_support;career;career_readiness;education;employment;general_support;independent_living;professional_skills;resume;young_adults,R019,YMCA of Delaware Teen Workforce Development,Employment,Statewide,15,19,professional_skills;resume,23,High,Interest form / program enrollment,https://www.ymcade.org/teen-workforce-development/
YP-0116,18,New Castle,academic_support;career;career_readiness;education;employment;general_support;independent_living;professional_skills;resume;young_adults,R018,Boys & Girls Clubs of Delaware - Education and Career,Education & Career,Statewide,6,18,academic_support;career,22,Medium,Join local club / program inquiry,https://www.bgclubs.org/education-and-career
YP-0116,18,New Castle,academic_support;career;career_readiness;education;employment;general_support;independent_living;professional_skills;resume;young_adults,R016,The Warehouse,Teen Center / Engagement,New Castle,13,24,education;employment,22,Medium,Membership / program enrollment,https://teenwarehouse.org/
YP-0117,17,New Castle,career_pathway;case_management;college;financial_literacy;general_support;life_skills;postsecondary;transition_support,R005,People's Place Independent Living,Independent Living,Statewide,16,23,case_management;life_skills;transition_support,33,High,DFS referral or self-referral for 18-23,https://peoplesplace2.com/services/independent-living
YP-0117,17,New Castle,career_pathway;case_management;college;financial_literacy;general_support;life_skills;postsecondary;transition_support,R003,West End Neighborhood House Life Lines,Housing & Case Management,Statewide,16,23,case_management;financial_literacy;life_skills,33,High,Referral or program inquiry,https://westendnh.org/programs/life-lines/
YP-0117,17,New Castle,career_pathway;case_management;college;financial_literacy;general_support;life_skills;postsecondary;transition_support,R001,DSCYF Independent Living Services,Independent Living,Statewide,14,21,life_skills;transition_support,23,High,Caseworker/DFS referral,https://kids.delaware.gov/family-services/independent-living/
YP-0117,17,New Castle,career_pathway;case_management;college;financial_literacy;general_support;life_skills;postsecondary;transition_support,R022,West End Education and Employment Department,Employment & Education,New Castle,16,24,career_pathway;postsecondary,23,High,Program inquiry,https://westendnh.org/programs/academic-education/
YP-0117,17,New Castle,career_pathway;case_management;college;financial_literacy;general_support;life_skills;postsecondary;transition_support,R007,Delaware 211,Resource Navigation,Statewide,0,99,general_support,13,High,"Call 211, text zip code to 898-211, or use website",https://delaware211.org/
YP-0118,19,Sussex,career;career_pathway;case_management;college;community;employment;financial_literacy;general_support;independent_living;life_skills;mentorship;positive_adult;postsecondary;professional_skills;resume;transition_support;young_adults,R003,West End Neighborhood House Life Lines,Housing & Case Management,Statewide,16,23,case_management;employment;financial_literacy;life_skills,43,High,Referral or program inquiry,https://westendnh.org/programs/life-lines/
YP-0118,19,Sussex,career;career_pathway;case_management;college;community;employment;financial_literacy;general_support;independent_living;life_skills;mentorship;positive_adult;postsecondary;professional_skills;resume;transition_support;young_adults,R001,DSCYF Independent Living Services,Independent Living,Statewide,14,21,life_skills;mentorship;transition_support,33,High,Caseworker/DFS referral,https://kids.delaware.gov/family-services/independent-living/
YP-0118,19,Sussex,career;career_pathway;case_management;college;community;employment;financial_literacy;general_support;independent_living;life_skills;mentorship;positive_adult;postsecondary;professional_skills;resume;transition_support;young_adults,R005,People's Place Independent Living,Independent Living,Statewide,16,23,case_management;life_skills;transition_support,33,High,DFS referral or self-referral for 18-23,https://peoplesplace2.com/services/independent-living
YP-0118,19,Sussex,career;career_pathway;case_management;college;community;employment;financial_literacy;general_support;independent_living;life_skills;mentorship;positive_adult;postsecondary;professional_skills;resume;transition_support;young_adults,R019,YMCA of Delaware Teen Workforce Development,Employment,Statewide,15,19,professional_skills;resume,23,High,Interest form / program enrollment,https://www.ymcade.org/teen-workforce-development/
YP-0118,19,Sussex,career;career_pathway;case_management;college;community;employment;financial_literacy;general_support;independent_living;life_skills;mentorship;positive_adult;postsecondary;professional_skills;resume;transition_support;young_adults,R002,DSCYF ASSIST / Aftercare 18-21,Aftercare,Statewide,18,21,independent_living,13,High,Caseworker/DFS referral,https://kids.delaware.gov/family-services/il-provider-resources/
YP-0119,16,New Castle,academic_support;career;career_readiness;case_management;education;employment;financial_literacy;general_support;job_training;life_skills;paid_work;transition_support,R003,West End Neighborhood House Life Lines,Housing & Case Management,Statewide,16,23,case_management;education;employment;financial_literacy;life_skills,53,High,Referral or program inquiry,https://westendnh.org/programs/life-lines/
YP-0119,16,New Castle,academic_support;career;career_readiness;case_management;education;employment;financial_literacy;general_support;job_training;life_skills;paid_work;transition_support,R005,People's Place Independent Living,Independent Living,Statewide,16,23,case_management;life_skills;transition_support,33,High,DFS referral or self-referral for 18-23,https://peoplesplace2.com/services/independent-living
YP-0119,16,New Castle,academic_support;career;career_readiness;case_management;education;employment;financial_literacy;general_support;job_training;life_skills;paid_work;transition_support,R001,DSCYF Independent Living Services,Independent Living,Statewide,14,21,life_skills;transition_support,23,High,Caseworker/DFS referral,https://kids.delaware.gov/family-services/independent-living/
YP-0119,16,New Castle,academic_support;career;career_readiness;case_management;education;employment;financial_literacy;general_support;job_training;life_skills;paid_work;transition_support,R007,Delaware 211,Resource Navigation,Statewide,0,99,education;general_support,23,High,"Call 211, text zip code to 898-211, or use website",https://delaware211.org/
YP-0119,16,New Castle,academic_support;career;career_readiness;case_management;education;employment;financial_literacy;general_support;job_training;life_skills;paid_work;transition_support,R018,Boys & Girls Clubs of Delaware - Education and Career,Education & Career,Statewide,6,18,academic_support;career,22,Medium,Join local club / program inquiry,https://www.bgclubs.org/education-and-career
YP-0120,15,New Castle,academic_support;career;career_readiness;case_management;education;employment;financial_literacy;general_support;internship;life_skills;professional_skills;transition_support,R001,DSCYF Independent Living Services,Independent Living,Statewide,14,21,life_skills;transition_support,23,High,Caseworker/DFS referral,https://kids.delaware.gov/family-services/independent-living/
YP-0120,15,New Castle,academic_support;career;career_readiness;case_management;education;employment;financial_literacy;general_support;internship;life_skills;professional_skills;transition_support,R007,Delaware 211,Resource Navigation,Statewide,0,99,education;general_support,23,High,"Call 211, text zip code to 898-211, or use website",https://delaware211.org/
YP-0120,15,New Castle,academic_support;career;career_readiness;case_management;education;employment;financial_literacy;general_support;internship;life_skills;professional_skills;transition_support,R019,YMCA of Delaware Teen Workforce Development,Employment,Statewide,15,19,internship;professional_skills,23,High,Interest form / program enrollment,https://www.ymcade.org/teen-workforce-development/
YP-0120,15,New Castle,academic_support;career;career_readiness;case_management;education;employment;financial_literacy;general_support;internship;life_skills;professional_skills;transition_support,R018,Boys & Girls Clubs of Delaware - Education and Career,Education & Career,Statewide,6,18,academic_support;career,22,Medium,Join local club / program inquiry,https://www.bgclubs.org/education-and-career
YP-0120,15,New Castle,academic_support;career;career_readiness;case_management;education;employment;financial_literacy;general_support;internship;life_skills;professional_skills;transition_support,R046,Junior Achievement of Delaware,Financial Literacy & Career,Statewide,5,18,career_readiness;financial_literacy,22,Medium,School/community program inquiry,https://delaware.ja.org/
YP-0121,18,Kent,career_pathway;case_management;education;financial_literacy;general_support;homelessness;housing;independent_living;life_skills;postsecondary;transition_support;young_adults,R003,West End Neighborhood House Life Lines,Housing & Case Management,Statewide,16,23,case_management;education;financial_literacy;housing;life_skills,53,High,Referral or program inquiry,https://westendnh.org/programs/life-lines/
YP-0121,18,Kent,career_pathway;case_management;education;financial_literacy;general_support;homelessness;housing;independent_living;life_skills;postsecondary;transition_support;young_adults,R001,DSCYF Independent Living Services,Independent Living,Statewide,14,21,housing;life_skills;transition_support,33,High,Caseworker/DFS referral,https://kids.delaware.gov/family-services/independent-living/
YP-0121,18,Kent,career_pathway;case_management;education;financial_literacy;general_support;homelessness;housing;independent_living;life_skills;postsecondary;transition_support;young_adults,R007,Delaware 211,Resource Navigation,Statewide,0,99,education;general_support;housing,33,High,"Call 211, text zip code to 898-211, or use website",https://delaware211.org/
YP-0121,18,Kent,career_pathway;case_management;education;financial_literacy;general_support;homelessness;housing;independent_living;life_skills;postsecondary;transition_support;young_adults,R005,People's Place Independent Living,Independent Living,Statewide,16,23,case_management;life_skills;transition_support,33,High,DFS referral or self-referral for 18-23,https://peoplesplace2.com/services/independent-living
YP-0121,18,Kent,career_pathway;case_management;education;financial_literacy;general_support;homelessness;housing;independent_living;life_skills;postsecondary;transition_support;young_adults,R002,DSCYF ASSIST / Aftercare 18-21,Aftercare,Statewide,18,21,housing;independent_living,23,High,Caseworker/DFS referral,https://kids.delaware.gov/family-services/il-provider-resources/
YP-0122,14,Sussex,career;career_pathway;community;education;employment;general_support;internship;mentorship;positive_adult;postsecondary;professional_skills,R017,Big Brothers Big Sisters of Delaware,Mentorship,Statewide,6,18,mentorship;positive_adult,23,High,Enroll youth / mentor match inquiry,https://bbbsde.org/
YP-0122,14,Sussex,career;career_pathway;community;education;employment;general_support;internship;mentorship;positive_adult;postsecondary;professional_skills,R007,Delaware 211,Resource Navigation,Statewide,0,99,education;general_support,23,High,"Call 211, text zip code to 898-211, or use website",https://delaware211.org/
YP-0122,14,Sussex,career;career_pathway;community;education;employment;general_support;internship;mentorship;positive_adult;postsecondary;professional_skills,R001,DSCYF Independent Living Services,Independent Living,Statewide,14,21,mentorship,13,High,Caseworker/DFS referral,https://kids.delaware.gov/family-services/independent-living/
YP-0122,14,Sussex,career;career_pathway;community;education;employment;general_support;internship;mentorship;positive_adult;postsecondary;professional_skills,R025,Delaware Department of Labor - Vocational Rehabilitation Transition Services,Disability / Employment,Statewide,14,24,employment,13,High,DVR referral / school referral,https://labor.delaware.gov/divisions/dvr/transition-services/
YP-0122,14,Sussex,career;career_pathway;community;education;employment;general_support;internship;mentorship;positive_adult;postsecondary;professional_skills,R018,Boys & Girls Clubs of Delaware - Education and Career,Education & Career,Statewide,6,18,career,12,Medium,Join local club / program inquiry,https://www.bgclubs.org/education-and-career
YP-0123,16,Sussex,GED;career;community;credentials;education;employment;general_support;job_training;mentorship;paid_work;positive_adult;postsecondary,R017,Big Brothers Big Sisters of Delaware,Mentorship,Statewide,6,18,mentorship;positive_adult,23,High,Enroll youth / mentor match inquiry,https://bbbsde.org/
YP-0123,16,Sussex,GED;career;community;credentials;education;employment;general_support;job_training;mentorship;paid_work;positive_adult;postsecondary,R007,Delaware 211,Resource Navigation,Statewide,0,99,education;general_support,23,High,"Call 211, text zip code to 898-211, or use website",https://delaware211.org/
YP-0123,16,Sussex,GED;career;community;credentials;education;employment;general_support;job_training;mentorship;paid_work;positive_adult;postsecondary,R003,West End Neighborhood House Life Lines,Housing & Case Management,Statewide,16,23,education;employment,23,High,Referral or program inquiry,https://westendnh.org/programs/life-lines/
YP-0123,16,Sussex,GED;career;community;credentials;education;employment;general_support;job_training;mentorship;paid_work;positive_adult;postsecondary,R001,DSCYF Independent Living Services,Independent Living,Statewide,14,21,mentorship,13,High,Caseworker/DFS referral,https://kids.delaware.gov/family-services/independent-living/
YP-0123,16,Sussex,GED;career;community;credentials;education;employment;general_support;job_training;mentorship;paid_work;positive_adult;postsecondary,R025,Delaware Department of Labor - Vocational Rehabilitation Transition Services,Disability / Employment,Statewide,14,24,employment,13,High,DVR referral / school referral,https://labor.delaware.gov/divisions/dvr/transition-services/
YP-0124,13,Sussex,career;career_pathway;education;employment;general_support;postsecondary;professional_skills;resume,R007,Delaware 211,Resource Navigation,Statewide,0,99,education;general_support,23,High,"Call 211, text zip code to 898-211, or use website",https://delaware211.org/
YP-0124,13,Sussex,career;career_pathway;education;employment;general_support;postsecondary;professional_skills;resume,R018,Boys & Girls Clubs of Delaware - Education and Career,Education & Career,Statewide,6,18,career,12,Medium,Join local club / program inquiry,https://www.bgclubs.org/education-and-career
YP-0124,13,Sussex,career;career_pathway;education;employment;general_support;postsecondary;professional_skills;resume,R055,Delaware LGBTQ+ Resources and Organizations,LGBTQ+ Support,Statewide,0,99,education,12,Medium,Resource navigation,https://history.delaware.gov/lgbtq-history/local-lgbtq-resources-and-organizations/
YP-0124,13,Sussex,career;career_pathway;education;employment;general_support;postsecondary;professional_skills;resume,R042,Mental Health Association in Delaware,Mental Health,Statewide,0,99,education,12,Medium,Program inquiry / referral,https://www.mhainde.org/
YP-0125,19,New Castle,career;career_pathway;case_management;college;employment;financial_literacy;general_support;independent_living;internship;life_skills;postsecondary;professional_skills;transition_support;young_adults,R003,West End Neighborhood House Life Lines,Housing & Case Management,Statewide,16,23,case_management;employment;financial_literacy;life_skills,43,High,Referral or program inquiry,https://westendnh.org/programs/life-lines/
YP-0125,19,New Castle,career;career_pathway;case_management;college;employment;financial_literacy;general_support;independent_living;internship;life_skills;postsecondary;professional_skills;transition_support;young_adults,R005,People's Place Independent Living,Independent Living,Statewide,16,23,case_management;life_skills;transition_support,33,High,DFS referral or self-referral for 18-23,https://peoplesplace2.com/services/independent-living
YP-0125,19,New Castle,career;career_pathway;case_management;college;employment;financial_literacy;general_support;independent_living;internship;life_skills;postsecondary;professional_skills;transition_support;young_adults,R001,DSCYF Independent Living Services,Independent Living,Statewide,14,21,life_skills;transition_support,23,High,Caseworker/DFS referral,https://kids.delaware.gov/family-services/independent-living/
YP-0125,19,New Castle,career;career_pathway;case_management;college;employment;financial_literacy;general_support;independent_living;internship;life_skills;postsecondary;professional_skills;transition_support;young_adults,R022,West End Education and Employment Department,Employment & Education,New Castle,16,24,career_pathway;postsecondary,23,High,Program inquiry,https://westendnh.org/programs/academic-education/
YP-0125,19,New Castle,career;career_pathway;case_management;college;employment;financial_literacy;general_support;independent_living;internship;life_skills;postsecondary;professional_skills;transition_support;young_adults,R019,YMCA of Delaware Teen Workforce Development,Employment,Statewide,15,19,internship;professional_skills,23,High,Interest form / program enrollment,https://www.ymcade.org/teen-workforce-development/
YP-0126,17,Kent,GED;career;community;credentials;education;employment;general_support;mentorship;positive_adult;postsecondary;professional_skills;resume,R017,Big Brothers Big Sisters of Delaware,Mentorship,Statewide,6,18,mentorship;positive_adult,23,High,Enroll youth / mentor match inquiry,https://bbbsde.org/
YP-0126,17,Kent,GED;career;community;credentials;education;employment;general_support;mentorship;positive_adult;postsecondary;professional_skills;resume,R007,Delaware 211,Resource Navigation,Statewide,0,99,education;general_support,23,High,"Call 211, text zip code to 898-211, or use website",https://delaware211.org/
YP-0126,17,Kent,GED;career;community;credentials;education;employment;general_support;mentorship;positive_adult;postsecondary;professional_skills;resume,R003,West End Neighborhood House Life Lines,Housing & Case Management,Statewide,16,23,education;employment,23,High,Referral or program inquiry,https://westendnh.org/programs/life-lines/
YP-0126,17,Kent,GED;career;community;credentials;education;employment;general_support;mentorship;positive_adult;postsecondary;professional_skills;resume,R019,YMCA of Delaware Teen Workforce Development,Employment,Statewide,15,19,professional_skills;resume,23,High,Interest form / program enrollment,https://www.ymcade.org/teen-workforce-development/
YP-0126,17,Kent,GED;career;community;credentials;education;employment;general_support;mentorship;positive_adult;postsecondary;professional_skills;resume,R001,DSCYF Independent Living Services,Independent Living,Statewide,14,21,mentorship,13,High,Caseworker/DFS referral,https://kids.delaware.gov/family-services/independent-living/
YP-0127,16,Sussex,GED;career;case_management;credentials;education;employment;general_support;homelessness;housing;independent_living;postsecondary;professional_skills;resume,R003,West End Neighborhood House Life Lines,Housing & Case Management,Statewide,16,23,case_management;education;employment;housing,43,High,Referral or program inquiry,https://westendnh.org/programs/life-lines/
YP-0127,16,Sussex,GED;career;case_management;credentials;education;employment;general_support;homelessness;housing;independent_living;postsecondary;professional_skills;resume,R007,Delaware 211,Resource Navigation,Statewide,0,99,education;general_support;housing,33,High,"Call 211, text zip code to 898-211, or use website",https://delaware211.org/
YP-0127,16,Sussex,GED;career;case_management;credentials;education;employment;general_support;homelessness;housing;independent_living;postsecondary;professional_skills;resume,R019,YMCA of Delaware Teen Workforce Development,Employment,Statewide,15,19,professional_skills;resume,23,High,Interest form / program enrollment,https://www.ymcade.org/teen-workforce-development/
YP-0127,16,Sussex,GED;career;case_management;credentials;education;employment;general_support;homelessness;housing;independent_living;postsecondary;professional_skills;resume,R001,DSCYF Independent Living Services,Independent Living,Statewide,14,21,housing,13,High,Caseworker/DFS referral,https://kids.delaware.gov/family-services/independent-living/
YP-0127,16,Sussex,GED;career;case_management;credentials;education;employment;general_support;homelessness;housing;independent_living;postsecondary;professional_skills;resume,R025,Delaware Department of Labor - Vocational Rehabilitation Transition Services,Disability / Employment,Statewide,14,24,employment,13,High,DVR referral / school referral,https://labor.delaware.gov/divisions/dvr/transition-services/
YP-0128,13,New Castle,academic_support;career;career_readiness;case_management;education;employment;general_support;homelessness;housing;professional_skills;resume,R007,Delaware 211,Resource Navigation,Statewide,0,99,education;general_support;housing,33,High,"Call 211, text zip code to 898-211, or use website",https://delaware211.org/
YP-0128,13,New Castle,academic_support;career;career_readiness;case_management;education;employment;general_support;homelessness;housing;professional_skills;resume,R018,Boys & Girls Clubs of Delaware - Education and Career,Education & Career,Statewide,6,18,academic_support;career,22,Medium,Join local club / program inquiry,https://www.bgclubs.org/education-and-career
YP-0128,13,New Castle,academic_support;career;career_readiness;case_management;education;employment;general_support;homelessness;housing;professional_skills;resume,R016,The Warehouse,Teen Center / Engagement,New Castle,13,24,education;employment,22,Medium,Membership / program enrollment,https://teenwarehouse.org/
YP-0128,13,New Castle,academic_support;career;career_readiness;case_management;education;employment;general_support;homelessness;housing;professional_skills;resume,R055,Delaware LGBTQ+ Resources and Organizations,LGBTQ+ Support,Statewide,0,99,education,12,Medium,Resource navigation,https://history.delaware.gov/lgbtq-history/local-lgbtq-resources-and-organizations/
YP-0128,13,New Castle,academic_support;career;career_readiness;case_management;education;employment;general_support;homelessness;housing;professional_skills;resume,R046,Junior Achievement of Delaware,Financial Literacy & Career,Statewide,5,18,career_readiness,12,Medium,School/community program inquiry,https://delaware.ja.org/
YP-0129,18,New Castle,academic_support;career;career_readiness;community;education;employment;general_support;independent_living;job_training;mentorship;paid_work;positive_adult;young_adults,R016,The Warehouse,Teen Center / Engagement,New Castle,13,24,community;education;employment;mentorship,42,Medium,Membership / program enrollment,https://teenwarehouse.org/
YP-0129,18,New Castle,academic_support;career;career_readiness;community;education;employment;general_support;independent_living;job_training;mentorship;paid_work;positive_adult;young_adults,R017,Big Brothers Big Sisters of Delaware,Mentorship,Statewide,6,18,mentorship;positive_adult,23,High,Enroll youth / mentor match inquiry,https://bbbsde.org/
YP-0129,18,New Castle,academic_support;career;career_readiness;community;education;employment;general_support;independent_living;job_training;mentorship;paid_work;positive_adult;young_adults,R007,Delaware 211,Resource Navigation,Statewide,0,99,education;general_support,23,High,"Call 211, text zip code to 898-211, or use website",https://delaware211.org/
YP-0129,18,New Castle,academic_support;career;career_readiness;community;education;employment;general_support;independent_living;job_training;mentorship;paid_work;positive_adult;young_adults,R003,West End Neighborhood House Life Lines,Housing & Case Management,Statewide,16,23,education;employment,23,High,Referral or program inquiry,https://westendnh.org/programs/life-lines/
YP-0129,18,New Castle,academic_support;career;career_readiness;community;education;employment;general_support;independent_living;job_training;mentorship;paid_work;positive_adult;young_adults,R018,Boys & Girls Clubs of Delaware - Education and Career,Education & Career,Statewide,6,18,academic_support;career,22,Medium,Join local club / program inquiry,https://www.bgclubs.org/education-and-career
YP-0130,17,Sussex,academic_support;career;career_readiness;case_management;education;employment;financial_literacy;general_support;homelessness;housing;independent_living;job_training;life_skills;paid_work;transition_support,R003,West End Neighborhood House Life Lines,Housing & Case Management,Statewide,16,23,case_management;education;employment;financial_literacy;housing;life_skills,63,High,Referral or program inquiry,https://westendnh.org/programs/life-lines/
YP-0130,17,Sussex,academic_support;career;career_readiness;case_management;education;employment;financial_literacy;general_support;homelessness;housing;independent_living;job_training;life_skills;paid_work;transition_support,R001,DSCYF Independent Living Services,Independent Living,Statewide,14,21,housing;life_skills;transition_support,33,High,Caseworker/DFS referral,https://kids.delaware.gov/family-services/independent-living/
YP-0130,17,Sussex,academic_support;career;career_readiness;case_management;education;employment;financial_literacy;general_support;homelessness;housing;independent_living;job_training;life_skills;paid_work;transition_support,R007,Delaware 211,Resource Navigation,Statewide,0,99,education;general_support;housing,33,High,"Call 211, text zip code to 898-211, or use website",https://delaware211.org/
YP-0130,17,Sussex,academic_support;career;career_readiness;case_management;education;employment;financial_literacy;general_support;homelessness;housing;independent_living;job_training;life_skills;paid_work;transition_support,R005,People's Place Independent Living,Independent Living,Statewide,16,23,case_management;life_skills;transition_support,33,High,DFS referral or self-referral for 18-23,https://peoplesplace2.com/services/independent-living
YP-0130,17,Sussex,academic_support;career;career_readiness;case_management;education;employment;financial_literacy;general_support;homelessness;housing;independent_living;job_training;life_skills;paid_work;transition_support,R018,Boys & Girls Clubs of Delaware - Education and Career,Education & Career,Statewide,6,18,academic_support;career,22,Medium,Join local club / program inquiry,https://www.bgclubs.org/education-and-career
YP-0131,15,Sussex,career;career_pathway;college;community;employment;general_support;job_training;mentorship;paid_work;positive_adult;postsecondary,R017,Big Brothers Big Sisters of Delaware,Mentorship,Statewide,6,18,mentorship;positive_adult,23,High,Enroll youth / mentor match inquiry,https://bbbsde.org/
YP-0131,15,Sussex,career;career_pathway;college;community;employment;general_support;job_training;mentorship;paid_work;positive_adult;postsecondary,R001,DSCYF Independent Living Services,Independent Living,Statewide,14,21,mentorship,13,High,Caseworker/DFS referral,https://kids.delaware.gov/family-services/independent-living/
YP-0131,15,Sussex,career;career_pathway;college;community;employment;general_support;job_training;mentorship;paid_work;positive_adult;postsecondary,R007,Delaware 211,Resource Navigation,Statewide,0,99,general_support,13,High,"Call 211, text zip code to 898-211, or use website",https://delaware211.org/
YP-0131,15,Sussex,career;career_pathway;college;community;employment;general_support;job_training;mentorship;paid_work;positive_adult;postsecondary,R025,Delaware Department of Labor - Vocational Rehabilitation Transition Services,Disability / Employment,Statewide,14,24,employment,13,High,DVR referral / school referral,https://labor.delaware.gov/divisions/dvr/transition-services/
YP-0131,15,Sussex,career;career_pathway;college;community;employment;general_support;job_training;mentorship;paid_work;positive_adult;postsecondary,R018,Boys & Girls Clubs of Delaware - Education and Career,Education & Career,Statewide,6,18,career,12,Medium,Join local club / program inquiry,https://www.bgclubs.org/education-and-career
YP-0132,18,New Castle,academic_support;career;career_readiness;case_management;community;education;employment;financial_literacy;general_support;independent_living;life_skills;mentorship;positive_adult;professional_skills;resume;transition_support;young_adults,R003,West End Neighborhood House Life Lines,Housing & Case Management,Statewide,16,23,case_management;education;employment;financial_literacy;life_skills,53,High,Referral or program inquiry,https://westendnh.org/programs/life-lines/
YP-0132,18,New Castle,academic_support;career;career_readiness;case_management;community;education;employment;financial_literacy;general_support;independent_living;life_skills;mentorship;positive_adult;professional_skills;resume;transition_support;young_adults,R016,The Warehouse,Teen Center / Engagement,New Castle,13,24,community;education;employment;mentorship,42,Medium,Membership / program enrollment,https://teenwarehouse.org/
YP-0132,18,New Castle,academic_support;career;career_readiness;case_management;community;education;employment;financial_literacy;general_support;independent_living;life_skills;mentorship;positive_adult;professional_skills;resume;transition_support;young_adults,R001,DSCYF Independent Living Services,Independent Living,Statewide,14,21,life_skills;mentorship;transition_support,33,High,Caseworker/DFS referral,https://kids.delaware.gov/family-services/independent-living/
YP-0132,18,New Castle,academic_support;career;career_readiness;case_management;community;education;employment;financial_literacy;general_support;independent_living;life_skills;mentorship;positive_adult;professional_skills;resume;transition_support;young_adults,R005,People's Place Independent Living,Independent Living,Statewide,16,23,case_management;life_skills;transition_support,33,High,DFS referral or self-referral for 18-23,https://peoplesplace2.com/services/independent-living
YP-0132,18,New Castle,academic_support;career;career_readiness;case_management;community;education;employment;financial_literacy;general_support;independent_living;life_skills;mentorship;positive_adult;professional_skills;resume;transition_support;young_adults,R017,Big Brothers Big Sisters of Delaware,Mentorship,Statewide,6,18,mentorship;positive_adult,23,High,Enroll youth / mentor match inquiry,https://bbbsde.org/
YP-0133,17,New Castle,academic_support;career;career_readiness;case_management;education;employment;financial_literacy;general_support;homelessness;housing;independent_living;life_skills;professional_skills;resume;transition_support,R003,West End Neighborhood House Life Lines,Housing & Case Management,Statewide,16,23,case_management;education;employment;financial_literacy;housing;life_skills,63,High,Referral or program inquiry,https://westendnh.org/programs/life-lines/
YP-0133,17,New Castle,academic_support;career;career_readiness;case_management;education;employment;financial_literacy;general_support;homelessness;housing;independent_living;life_skills;professional_skills;resume;transition_support,R001,DSCYF Independent Living Services,Independent Living,Statewide,14,21,housing;life_skills;transition_support,33,High,Caseworker/DFS referral,https://kids.delaware.gov/family-services/independent-living/
YP-0133,17,New Castle,academic_support;career;career_readiness;case_management;education;employment;financial_literacy;general_support;homelessness;housing;independent_living;life_skills;professional_skills;resume;transition_support,R007,Delaware 211,Resource Navigation,Statewide,0,99,education;general_support;housing,33,High,"Call 211, text zip code to 898-211, or use website",https://delaware211.org/
YP-0133,17,New Castle,academic_support;career;career_readiness;case_management;education;employment;financial_literacy;general_support;homelessness;housing;independent_living;life_skills;professional_skills;resume;transition_support,R005,People's Place Independent Living,Independent Living,Statewide,16,23,case_management;life_skills;transition_support,33,High,DFS referral or self-referral for 18-23,https://peoplesplace2.com/services/independent-living
YP-0133,17,New Castle,academic_support;career;career_readiness;case_management;education;employment;financial_literacy;general_support;homelessness;housing;independent_living;life_skills;professional_skills;resume;transition_support,R019,YMCA of Delaware Teen Workforce Development,Employment,Statewide,15,19,professional_skills;resume,23,High,Interest form / program enrollment,https://www.ymcade.org/teen-workforce-development/
YP-0134,17,Sussex,career_pathway;case_management;college;community;financial_literacy;general_support;homelessness;housing;independent_living;life_skills;mentorship;positive_adult;postsecondary;transition_support,R001,DSCYF Independent Living Services,Independent Living,Statewide,14,21,housing;life_skills;mentorship;transition_support,43,High,Caseworker/DFS referral,https://kids.delaware.gov/family-services/independent-living/
YP-0134,17,Sussex,career_pathway;case_management;college;community;financial_literacy;general_support;homelessness;housing;independent_living;life_skills;mentorship;positive_adult;postsecondary;transition_support,R003,West End Neighborhood House Life Lines,Housing & Case Management,Statewide,16,23,case_management;financial_literacy;housing;life_skills,43,High,Referral or program inquiry,https://westendnh.org/programs/life-lines/
YP-0134,17,Sussex,career_pathway;case_management;college;community;financial_literacy;general_support;homelessness;housing;independent_living;life_skills;mentorship;positive_adult;postsecondary;transition_support,R005,People's Place Independent Living,Independent Living,Statewide,16,23,case_management;life_skills;transition_support,33,High,DFS referral or self-referral for 18-23,https://peoplesplace2.com/services/independent-living
YP-0134,17,Sussex,career_pathway;case_management;college;community;financial_literacy;general_support;homelessness;housing;independent_living;life_skills;mentorship;positive_adult;postsecondary;transition_support,R017,Big Brothers Big Sisters of Delaware,Mentorship,Statewide,6,18,mentorship;positive_adult,23,High,Enroll youth / mentor match inquiry,https://bbbsde.org/
YP-0134,17,Sussex,career_pathway;case_management;college;community;financial_literacy;general_support;homelessness;housing;independent_living;life_skills;mentorship;positive_adult;postsecondary;transition_support,R007,Delaware 211,Resource Navigation,Statewide,0,99,general_support;housing,23,High,"Call 211, text zip code to 898-211, or use website",https://delaware211.org/
YP-0135,15,Kent,academic_support;career;career_readiness;case_management;education;employment;general_support;homelessness;housing;job_training;paid_work,R007,Delaware 211,Resource Navigation,Statewide,0,99,education;general_support;housing,33,High,"Call 211, text zip code to 898-211, or use website",https://delaware211.org/
YP-0135,15,Kent,academic_support;career;career_readiness;case_management;education;employment;general_support;homelessness;housing;job_training;paid_work,R018,Boys & Girls Clubs of Delaware - Education and Career,Education & Career,Statewide,6,18,academic_support;career,22,Medium,Join local club / program inquiry,https://www.bgclubs.org/education-and-career
YP-0135,15,Kent,academic_support;career;career_readiness;case_management;education;employment;general_support;homelessness;housing;job_training;paid_work,R001,DSCYF Independent Living Services,Independent Living,Statewide,14,21,housing,13,High,Caseworker/DFS referral,https://kids.delaware.gov/family-services/independent-living/
YP-0135,15,Kent,academic_support;career;career_readiness;case_management;education;employment;general_support;homelessness;housing;job_training;paid_work,R025,Delaware Department of Labor - Vocational Rehabilitation Transition Services,Disability / Employment,Statewide,14,24,employment,13,High,DVR referral / school referral,https://labor.delaware.gov/divisions/dvr/transition-services/
YP-0135,15,Kent,academic_support;career;career_readiness;case_management;education;employment;general_support;homelessness;housing;job_training;paid_work,R055,Delaware LGBTQ+ Resources and Organizations,LGBTQ+ Support,Statewide,0,99,education,12,Medium,Resource navigation,https://history.delaware.gov/lgbtq-history/local-lgbtq-resources-and-organizations/
YP-0136,19,New Castle,career_pathway;case_management;college;financial_literacy;general_support;independent_living;life_skills;postsecondary;transition_support;young_adults,R005,People's Place Independent Living,Independent Living,Statewide,16,23,case_management;life_skills;transition_support,33,High,DFS referral or self-referral for 18-23,https://peoplesplace2.com/services/independent-living
YP-0136,19,New Castle,career_pathway;case_management;college;financial_literacy;general_support;independent_living;life_skills;postsecondary;transition_support;young_adults,R003,West End Neighborhood House Life Lines,Housing & Case Management,Statewide,16,23,case_management;financial_literacy;life_skills,33,High,Referral or program inquiry,https://westendnh.org/programs/life-lines/
YP-0136,19,New Castle,career_pathway;case_management;college;financial_literacy;general_support;independent_living;life_skills;postsecondary;transition_support;young_adults,R001,DSCYF Independent Living Services,Independent Living,Statewide,14,21,life_skills;transition_support,23,High,Caseworker/DFS referral,https://kids.delaware.gov/family-services/independent-living/
YP-0136,19,New Castle,career_pathway;case_management;college;financial_literacy;general_support;independent_living;life_skills;postsecondary;transition_support;young_adults,R022,West End Education and Employment Department,Employment & Education,New Castle,16,24,career_pathway;postsecondary,23,High,Program inquiry,https://westendnh.org/programs/academic-education/
YP-0136,19,New Castle,career_pathway;case_management;college;financial_literacy;general_support;independent_living;life_skills;postsecondary;transition_support;young_adults,R002,DSCYF ASSIST / Aftercare 18-21,Aftercare,Statewide,18,21,independent_living,13,High,Caseworker/DFS referral,https://kids.delaware.gov/family-services/il-provider-resources/
YP-0137,16,New Castle,GED;career;case_management;credentials;education;employment;general_support;homelessness;housing;independent_living;job_training;paid_work;postsecondary,R022,West End Education and Employment Department,Employment & Education,New Castle,16,24,GED;credentials;paid_work;postsecondary,43,High,Program inquiry,https://westendnh.org/programs/academic-education/
YP-0137,16,New Castle,GED;career;case_management;credentials;education;employment;general_support;homelessness;housing;independent_living;job_training;paid_work;postsecondary,R003,West End Neighborhood House Life Lines,Housing & Case Management,Statewide,16,23,case_management;education;employment;housing,43,High,Referral or program inquiry,https://westendnh.org/programs/life-lines/
YP-0137,16,New Castle,GED;career;case_management;credentials;education;employment;general_support;homelessness;housing;independent_living;job_training;paid_work;postsecondary,R007,Delaware 211,Resource Navigation,Statewide,0,99,education;general_support;housing,33,High,"Call 211, text zip code to 898-211, or use website",https://delaware211.org/
YP-0137,16,New Castle,GED;career;case_management;credentials;education;employment;general_support;homelessness;housing;independent_living;job_training;paid_work;postsecondary,R021,Wilmington Housing Authority YouthBuild,Employment & Education,New Castle,16,24,GED;job_training,23,High,Program application,https://whadelaware.org/about-wha/employment-opportunities-and-training-programs/youthbuild
YP-0137,16,New Castle,GED;career;case_management;credentials;education;employment;general_support;homelessness;housing;independent_living;job_training;paid_work;postsecondary,R023,The Challenge Program,Employment & Education,New Castle,16,24,GED;job_training,22,Medium,Program inquiry,https://www.challengeprogram.org/
YP-0138,14,Sussex,academic_support;career;career_readiness;case_management;education;employment;financial_literacy;general_support;homelessness;housing;independent_living;life_skills;professional_skills;resume;transition_support,R001,DSCYF Independent Living Services,Independent Living,Statewide,14,21,housing;life_skills;transition_support,33,High,Caseworker/DFS referral,https://kids.delaware.gov/family-services/independent-living/
YP-0138,14,Sussex,academic_support;career;career_readiness;case_management;education;employment;financial_literacy;general_support;homelessness;housing;independent_living;life_skills;professional_skills;resume;transition_support,R007,Delaware 211,Resource Navigation,Statewide,0,99,education;general_support;housing,33,High,"Call 211, text zip code to 898-211, or use website",https://delaware211.org/
YP-0138,14,Sussex,academic_support;career;career_readiness;case_management;education;employment;financial_literacy;general_support;homelessness;housing;independent_living;life_skills;professional_skills;resume;transition_support,R018,Boys & Girls Clubs of Delaware - Education and Career,Education & Career,Statewide,6,18,academic_support;career,22,Medium,Join local club / program inquiry,https://www.bgclubs.org/education-and-career
YP-0138,14,Sussex,academic_support;career;career_readiness;case_management;education;employment;financial_literacy;general_support;homelessness;housing;independent_living;life_skills;professional_skills;resume;transition_support,R046,Junior Achievement of Delaware,Financial Literacy & Career,Statewide,5,18,career_readiness;financial_literacy,22,Medium,School/community program inquiry,https://delaware.ja.org/
YP-0138,14,Sussex,academic_support;career;career_readiness;case_management;education;employment;financial_literacy;general_support;homelessness;housing;independent_living;life_skills;professional_skills;resume;transition_support,R025,Delaware Department of Labor - Vocational Rehabilitation Transition Services,Disability / Employment,Statewide,14,24,employment,13,High,DVR referral / school referral,https://labor.delaware.gov/divisions/dvr/transition-services/
YP-0139,15,Sussex,career;career_pathway;case_management;community;education;employment;financial_literacy;general_support;homelessness;housing;internship;life_skills;mentorship;positive_adult;postsecondary;professional_skills;transition_support,R001,DSCYF Independent Living Services,Independent Living,Statewide,14,21,housing;life_skills;mentorship;transition_support,43,High,Caseworker/DFS referral,https://kids.delaware.gov/family-services/independent-living/
YP-0139,15,Sussex,career;career_pathway;case_management;community;education;employment;financial_literacy;general_support;homelessness;housing;internship;life_skills;mentorship;positive_adult;postsecondary;professional_skills;transition_support,R007,Delaware 211,Resource Navigation,Statewide,0,99,education;general_support;housing,33,High,"Call 211, text zip code to 898-211, or use website",https://delaware211.org/
YP-0139,15,Sussex,career;career_pathway;case_management;community;education;employment;financial_literacy;general_support;homelessness;housing;internship;life_skills;mentorship;positive_adult;postsecondary;professional_skills;transition_support,R017,Big Brothers Big Sisters of Delaware,Mentorship,Statewide,6,18,mentorship;positive_adult,23,High,Enroll youth / mentor match inquiry,https://bbbsde.org/
YP-0139,15,Sussex,career;career_pathway;case_management;community;education;employment;financial_literacy;general_support;homelessness;housing;internship;life_skills;mentorship;positive_adult;postsecondary;professional_skills;transition_support,R019,YMCA of Delaware Teen Workforce Development,Employment,Statewide,15,19,internship;professional_skills,23,High,Interest form / program enrollment,https://www.ymcade.org/teen-workforce-development/
YP-0139,15,Sussex,career;career_pathway;case_management;community;education;employment;financial_literacy;general_support;homelessness;housing;internship;life_skills;mentorship;positive_adult;postsecondary;professional_skills;transition_support,R025,Delaware Department of Labor - Vocational Rehabilitation Transition Services,Disability / Employment,Statewide,14,24,employment,13,High,DVR referral / school referral,https://labor.delaware.gov/divisions/dvr/transition-services/
YP-0140,14,New Castle,academic_support;career_readiness;case_management;community;education;financial_literacy;general_support;homelessness;housing;independent_living;life_skills;mentorship;positive_adult;transition_support,R001,DSCYF Independent Living Services,Independent Living,Statewide,14,21,housing;life_skills;mentorship;transition_support,43,High,Caseworker/DFS referral,https://kids.delaware.gov/family-services/independent-living/
YP-0140,14,New Castle,academic_support;career_readiness;case_management;community;education;financial_literacy;general_support;homelessness;housing;independent_living;life_skills;mentorship;positive_adult;transition_support,R007,Delaware 211,Resource Navigation,Statewide,0,99,education;general_support;housing,33,High,"Call 211, text zip code to 898-211, or use website",https://delaware211.org/
YP-0140,14,New Castle,academic_support;career_readiness;case_management;community;education;financial_literacy;general_support;homelessness;housing;independent_living;life_skills;mentorship;positive_adult;transition_support,R016,The Warehouse,Teen Center / Engagement,New Castle,13,24,community;education;mentorship,32,Medium,Membership / program enrollment,https://teenwarehouse.org/
YP-0140,14,New Castle,academic_support;career_readiness;case_management;community;education;financial_literacy;general_support;homelessness;housing;independent_living;life_skills;mentorship;positive_adult;transition_support,R017,Big Brothers Big Sisters of Delaware,Mentorship,Statewide,6,18,mentorship;positive_adult,23,High,Enroll youth / mentor match inquiry,https://bbbsde.org/
YP-0140,14,New Castle,academic_support;career_readiness;case_management;community;education;financial_literacy;general_support;homelessness;housing;independent_living;life_skills;mentorship;positive_adult;transition_support,R046,Junior Achievement of Delaware,Financial Literacy & Career,Statewide,5,18,career_readiness;financial_literacy,22,Medium,School/community program inquiry,https://delaware.ja.org/
YP-0141,19,New Castle,career;career_pathway;case_management;education;employment;financial_literacy;general_support;independent_living;job_training;life_skills;paid_work;postsecondary;transition_support;young_adults,R003,West End Neighborhood House Life Lines,Housing & Case Management,Statewide,16,23,case_management;education;employment;financial_literacy;life_skills,53,High,Referral or program inquiry,https://westendnh.org/programs/life-lines/
YP-0141,19,New Castle,career;career_pathway;case_management;education;employment;financial_literacy;general_support;independent_living;job_training;life_skills;paid_work;postsecondary;transition_support;young_adults,R005,People's Place Independent Living,Independent Living,Statewide,16,23,case_management;life_skills;transition_support,33,High,DFS referral or self-referral for 18-23,https://peoplesplace2.com/services/independent-living
YP-0141,19,New Castle,career;career_pathway;case_management;education;employment;financial_literacy;general_support;independent_living;job_training;life_skills;paid_work;postsecondary;transition_support;young_adults,R022,West End Education and Employment Department,Employment & Education,New Castle,16,24,career_pathway;paid_work;postsecondary,33,High,Program inquiry,https://westendnh.org/programs/academic-education/
YP-0141,19,New Castle,career;career_pathway;case_management;education;employment;financial_literacy;general_support;independent_living;job_training;life_skills;paid_work;postsecondary;transition_support;young_adults,R001,DSCYF Independent Living Services,Independent Living,Statewide,14,21,life_skills;transition_support,23,High,Caseworker/DFS referral,https://kids.delaware.gov/family-services/independent-living/
YP-0141,19,New Castle,career;career_pathway;case_management;education;employment;financial_literacy;general_support;independent_living;job_training;life_skills;paid_work;postsecondary;transition_support;young_adults,R007,Delaware 211,Resource Navigation,Statewide,0,99,education;general_support,23,High,"Call 211, text zip code to 898-211, or use website",https://delaware211.org/
YP-0142,16,Sussex,career_pathway;college;general_support;postsecondary,R007,Delaware 211,Resource Navigation,Statewide,0,99,general_support,13,High,"Call 211, text zip code to 898-211, or use website",https://delaware211.org/
YP-0142,16,Sussex,career_pathway;college;general_support;postsecondary,R061,Delaware Parent Resources - Higher Education Guide,Education Navigation,Statewide,14,24,college,11,Low,Website navigation / caseworker support,https://delaware.gov/guides/parent-resources/
YP-0143,15,New Castle,career;career_pathway;case_management;college;community;employment;financial_literacy;general_support;job_training;life_skills;mentorship;paid_work;positive_adult;postsecondary;transition_support,R001,DSCYF Independent Living Services,Independent Living,Statewide,14,21,life_skills;mentorship;transition_support,33,High,Caseworker/DFS referral,https://kids.delaware.gov/family-services/independent-living/
YP-0143,15,New Castle,career;career_pathway;case_management;college;community;employment;financial_literacy;general_support;job_training;life_skills;mentorship;paid_work;positive_adult;postsecondary;transition_support,R016,The Warehouse,Teen Center / Engagement,New Castle,13,24,community;employment;mentorship,32,Medium,Membership / program enrollment,https://teenwarehouse.org/
YP-0143,15,New Castle,career;career_pathway;case_management;college;community;employment;financial_literacy;general_support;job_training;life_skills;mentorship;paid_work;positive_adult;postsecondary;transition_support,R017,Big Brothers Big Sisters of Delaware,Mentorship,Statewide,6,18,mentorship;positive_adult,23,High,Enroll youth / mentor match inquiry,https://bbbsde.org/
YP-0143,15,New Castle,career;career_pathway;case_management;college;community;employment;financial_literacy;general_support;job_training;life_skills;mentorship;paid_work;positive_adult;postsecondary;transition_support,R007,Delaware 211,Resource Navigation,Statewide,0,99,general_support,13,High,"Call 211, text zip code to 898-211, or use website",https://delaware211.org/
YP-0143,15,New Castle,career;career_pathway;case_management;college;community;employment;financial_literacy;general_support;job_training;life_skills;mentorship;paid_work;positive_adult;postsecondary;transition_support,R025,Delaware Department of Labor - Vocational Rehabilitation Transition Services,Disability / Employment,Statewide,14,24,employment,13,High,DVR referral / school referral,https://labor.delaware.gov/divisions/dvr/transition-services/
YP-0144,14,New Castle,GED;case_management;credentials;education;general_support;homelessness;housing;postsecondary,R007,Delaware 211,Resource Navigation,Statewide,0,99,education;general_support;housing,33,High,"Call 211, text zip code to 898-211, or use website",https://delaware211.org/
YP-0144,14,New Castle,GED;case_management;credentials;education;general_support;homelessness;housing;postsecondary,R001,DSCYF Independent Living Services,Independent Living,Statewide,14,21,housing,13,High,Caseworker/DFS referral,https://kids.delaware.gov/family-services/independent-living/
YP-0144,14,New Castle,GED;case_management;credentials;education;general_support;homelessness;housing;postsecondary,R055,Delaware LGBTQ+ Resources and Organizations,LGBTQ+ Support,Statewide,0,99,education,12,Medium,Resource navigation,https://history.delaware.gov/lgbtq-history/local-lgbtq-resources-and-organizations/
YP-0144,14,New Castle,GED;case_management;credentials;education;general_support;homelessness;housing;postsecondary,R042,Mental Health Association in Delaware,Mental Health,Statewide,0,99,education,12,Medium,Program inquiry / referral,https://www.mhainde.org/
YP-0144,14,New Castle,GED;case_management;credentials;education;general_support;homelessness;housing;postsecondary,R016,The Warehouse,Teen Center / Engagement,New Castle,13,24,education,12,Medium,Membership / program enrollment,https://teenwarehouse.org/
YP-0145,16,Kent,career;career_pathway;case_management;community;education;employment;financial_literacy;general_support;homelessness;housing;independent_living;job_training;life_skills;mentorship;paid_work;positive_adult;postsecondary;transition_support,R003,West End Neighborhood House Life Lines,Housing & Case Management,Statewide,16,23,case_management;education;employment;financial_literacy;housing;life_skills,63,High,Referral or program inquiry,https://westendnh.org/programs/life-lines/
YP-0145,16,Kent,career;career_pathway;case_management;community;education;employment;financial_literacy;general_support;homelessness;housing;independent_living;job_training;life_skills;mentorship;paid_work;positive_adult;postsecondary;transition_support,R001,DSCYF Independent Living Services,Independent Living,Statewide,14,21,housing;life_skills;mentorship;transition_support,43,High,Caseworker/DFS referral,https://kids.delaware.gov/family-services/independent-living/
YP-0145,16,Kent,career;career_pathway;case_management;community;education;employment;financial_literacy;general_support;homelessness;housing;independent_living;job_training;life_skills;mentorship;paid_work;positive_adult;postsecondary;transition_support,R007,Delaware 211,Resource Navigation,Statewide,0,99,education;general_support;housing,33,High,"Call 211, text zip code to 898-211, or use website",https://delaware211.org/
YP-0145,16,Kent,career;career_pathway;case_management;community;education;employment;financial_literacy;general_support;homelessness;housing;independent_living;job_training;life_skills;mentorship;paid_work;positive_adult;postsecondary;transition_support,R005,People's Place Independent Living,Independent Living,Statewide,16,23,case_management;life_skills;transition_support,33,High,DFS referral or self-referral for 18-23,https://peoplesplace2.com/services/independent-living
YP-0145,16,Kent,career;career_pathway;case_management;community;education;employment;financial_literacy;general_support;homelessness;housing;independent_living;job_training;life_skills;mentorship;paid_work;positive_adult;postsecondary;transition_support,R017,Big Brothers Big Sisters of Delaware,Mentorship,Statewide,6,18,mentorship;positive_adult,23,High,Enroll youth / mentor match inquiry,https://bbbsde.org/
YP-0146,14,New Castle,career;career_pathway;case_management;education;employment;general_support;homelessness;housing;independent_living;job_training;paid_work;postsecondary,R007,Delaware 211,Resource Navigation,Statewide,0,99,education;general_support;housing,33,High,"Call 211, text zip code to 898-211, or use website",https://delaware211.org/
YP-0146,14,New Castle,career;career_pathway;case_management;education;employment;general_support;homelessness;housing;independent_living;job_training;paid_work;postsecondary,R016,The Warehouse,Teen Center / Engagement,New Castle,13,24,education;employment,22,Medium,Membership / program enrollment,https://teenwarehouse.org/
YP-0146,14,New Castle,career;career_pathway;case_management;education;employment;general_support;homelessness;housing;independent_living;job_training;paid_work;postsecondary,R001,DSCYF Independent Living Services,Independent Living,Statewide,14,21,housing,13,High,Caseworker/DFS referral,https://kids.delaware.gov/family-services/independent-living/
YP-0146,14,New Castle,career;career_pathway;case_management;education;employment;general_support;homelessness;housing;independent_living;job_training;paid_work;postsecondary,R025,Delaware Department of Labor - Vocational Rehabilitation Transition Services,Disability / Employment,Statewide,14,24,employment,13,High,DVR referral / school referral,https://labor.delaware.gov/divisions/dvr/transition-services/
YP-0146,14,New Castle,career;career_pathway;case_management;education;employment;general_support;homelessness;housing;independent_living;job_training;paid_work;postsecondary,R018,Boys & Girls Clubs of Delaware - Education and Career,Education & Career,Statewide,6,18,career,12,Medium,Join local club / program inquiry,https://www.bgclubs.org/education-and-career
YP-0147,16,Sussex,career;career_pathway;case_management;education;employment;financial_literacy;general_support;homelessness;housing;independent_living;internship;life_skills;postsecondary;professional_skills;transition_support,R003,West End Neighborhood House Life Lines,Housing & Case Management,Statewide,16,23,case_management;education;employment;financial_literacy;housing;life_skills,63,High,Referral or program inquiry,https://westendnh.org/programs/life-lines/
YP-0147,16,Sussex,career;career_pathway;case_management;education;employment;financial_literacy;general_support;homelessness;housing;independent_living;internship;life_skills;postsecondary;professional_skills;transition_support,R001,DSCYF Independent Living Services,Independent Living,Statewide,14,21,housing;life_skills;transition_support,33,High,Caseworker/DFS referral,https://kids.delaware.gov/family-services/independent-living/
YP-0147,16,Sussex,career;career_pathway;case_management;education;employment;financial_literacy;general_support;homelessness;housing;independent_living;internship;life_skills;postsecondary;professional_skills;transition_support,R007,Delaware 211,Resource Navigation,Statewide,0,99,education;general_support;housing,33,High,"Call 211, text zip code to 898-211, or use website",https://delaware211.org/
YP-0147,16,Sussex,career;career_pathway;case_management;education;employment;financial_literacy;general_support;homelessness;housing;independent_living;internship;life_skills;postsecondary;professional_skills;transition_support,R005,People's Place Independent Living,Independent Living,Statewide,16,23,case_management;life_skills;transition_support,33,High,DFS referral or self-referral for 18-23,https://peoplesplace2.com/services/independent-living
YP-0147,16,Sussex,career;career_pathway;case_management;education;employment;financial_literacy;general_support;homelessness;housing;independent_living;internship;life_skills;postsecondary;professional_skills;transition_support,R019,YMCA of Delaware Teen Workforce Development,Employment,Statewide,15,19,internship;professional_skills,23,High,Interest form / program enrollment,https://www.ymcade.org/teen-workforce-development/
YP-0148,18,New Castle,academic_support;career;career_readiness;case_management;community;education;employment;financial_literacy;general_support;independent_living;job_training;life_skills;mentorship;paid_work;positive_adult;transition_support;young_adults,R003,West End Neighborhood House Life Lines,Housing & Case Management,Statewide,16,23,case_management;education;employment;financial_literacy;life_skills,53,High,Referral or program inquiry,https://westendnh.org/programs/life-lines/
YP-0148,18,New Castle,academic_support;career;career_readiness;case_management;community;education;employment;financial_literacy;general_support;independent_living;job_training;life_skills;mentorship;paid_work;positive_adult;transition_support;young_adults,R016,The Warehouse,Teen Center / Engagement,New Castle,13,24,community;education;employment;mentorship,42,Medium,Membership / program enrollment,https://teenwarehouse.org/
YP-0148,18,New Castle,academic_support;career;career_readiness;case_management;community;education;employment;financial_literacy;general_support;independent_living;job_training;life_skills;mentorship;paid_work;positive_adult;transition_support;young_adults,R001,DSCYF Independent Living Services,Independent Living,Statewide,14,21,life_skills;mentorship;transition_support,33,High,Caseworker/DFS referral,https://kids.delaware.gov/family-services/independent-living/
YP-0148,18,New Castle,academic_support;career;career_readiness;case_management;community;education;employment;financial_literacy;general_support;independent_living;job_training;life_skills;mentorship;paid_work;positive_adult;transition_support;young_adults,R005,People's Place Independent Living,Independent Living,Statewide,16,23,case_management;life_skills;transition_support,33,High,DFS referral or self-referral for 18-23,https://peoplesplace2.com/services/independent-living
YP-0148,18,New Castle,academic_support;career;career_readiness;case_management;community;education;employment;financial_literacy;general_support;independent_living;job_training;life_skills;mentorship;paid_work;positive_adult;transition_support;young_adults,R017,Big Brothers Big Sisters of Delaware,Mentorship,Statewide,6,18,mentorship;positive_adult,23,High,Enroll youth / mentor match inquiry,https://bbbsde.org/
YP-0149,14,New Castle,career;career_pathway;case_management;college;employment;general_support;homelessness;housing;independent_living;job_training;paid_work;postsecondary,R007,Delaware 211,Resource Navigation,Statewide,0,99,general_support;housing,23,High,"Call 211, text zip code to 898-211, or use website",https://delaware211.org/
YP-0149,14,New Castle,career;career_pathway;case_management;college;employment;general_support;homelessness;housing;independent_living;job_training;paid_work;postsecondary,R001,DSCYF Independent Living Services,Independent Living,Statewide,14,21,housing,13,High,Caseworker/DFS referral,https://kids.delaware.gov/family-services/independent-living/
YP-0149,14,New Castle,career;career_pathway;case_management;college;employment;general_support;homelessness;housing;independent_living;job_training;paid_work;postsecondary,R025,Delaware Department of Labor - Vocational Rehabilitation Transition Services,Disability / Employment,Statewide,14,24,employment,13,High,DVR referral / school referral,https://labor.delaware.gov/divisions/dvr/transition-services/
YP-0149,14,New Castle,career;career_pathway;case_management;college;employment;general_support;homelessness;housing;independent_living;job_training;paid_work;postsecondary,R018,Boys & Girls Clubs of Delaware - Education and Career,Education & Career,Statewide,6,18,career,12,Medium,Join local club / program inquiry,https://www.bgclubs.org/education-and-career
YP-0149,14,New Castle,career;career_pathway;case_management;college;employment;general_support;homelessness;housing;independent_living;job_training;paid_work;postsecondary,R020,New Castle County Youth Workforce Development Program,Employment,New Castle,14,21,paid_work,12,Medium,Application,https://www.newcastlede.gov/859/Youth-Workforce-Development-Program
YP-0150,17,New Castle,academic_support;career;career_readiness;case_management;education;employment;general_support;homelessness;housing;independent_living;job_training;paid_work,R003,West End Neighborhood House Life Lines,Housing & Case Management,Statewide,16,23,case_management;education;employment;housing,43,High,Referral or program inquiry,https://westendnh.org/programs/life-lines/
YP-0150,17,New Castle,academic_support;career;career_readiness;case_management;education;employment;general_support;homelessness;housing;independent_living;job_training;paid_work,R007,Delaware 211,Resource Navigation,Statewide,0,99,education;general_support;housing,33,High,"Call 211, text zip code to 898-211, or use website",https://delaware211.org/
YP-0150,17,New Castle,academic_support;career;career_readiness;case_management;education;employment;general_support;homelessness;housing;independent_living;job_training;paid_work,R018,Boys & Girls Clubs of Delaware - Education and Career,Education & Career,Statewide,6,18,academic_support;career,22,Medium,Join local club / program inquiry,https://www.bgclubs.org/education-and-career
YP-0150,17,New Castle,academic_support;career;career_readiness;case_management;education;employment;general_support;homelessness;housing;independent_living;job_training;paid_work,R016,The Warehouse,Teen Center / Engagement,New Castle,13,24,education;employment,22,Medium,Membership / program enrollment,https://teenwarehouse.org/
YP-0150,17,New Castle,academic_support;career;career_readiness;case_management;education;employment;general_support;homelessness;housing;independent_living;job_training;paid_work,R001,DSCYF Independent Living Services,Independent Living,Statewide,14,21,housing,13,High,Caseworker/DFS referral,https://kids.delaware.gov/family-services/independent-living/
YP-0151,19,New Castle,academic_support;career_readiness;case_management;education;general_support;homelessness;housing;independent_living;young_adults,R007,Delaware 211,Resource Navigation,Statewide,0,99,education;general_support;housing,33,High,"Call 211, text zip code to 898-211, or use website",https://delaware211.org/
YP-0151,19,New Castle,academic_support;career_readiness;case_management;education;general_support;homelessness;housing;independent_living;young_adults,R003,West End Neighborhood House Life Lines,Housing & Case Management,Statewide,16,23,case_management;education;housing,33,High,Referral or program inquiry,https://westendnh.org/programs/life-lines/
YP-0151,19,New Castle,academic_support;career_readiness;case_management;education;general_support;homelessness;housing;independent_living;young_adults,R002,DSCYF ASSIST / Aftercare 18-21,Aftercare,Statewide,18,21,housing;independent_living,23,High,Caseworker/DFS referral,https://kids.delaware.gov/family-services/il-provider-resources/
YP-0151,19,New Castle,academic_support;career_readiness;case_management;education;general_support;homelessness;housing;independent_living;young_adults,R004,West End Life Lines Transitional Housing,Housing,Statewide,18,23,case_management;homelessness,23,High,Referral / eligibility screening,https://westendnh.org/programs/life-lines-programs/
YP-0151,19,New Castle,academic_support;career_readiness;case_management;education;general_support;homelessness;housing;independent_living;young_adults,R048,Community Legal Aid Society Inc. (CLASI),Legal Aid,Statewide,18,99,housing,13,High,Legal intake / eligibility screening,https://www.declasi.org/
YP-0152,19,New Castle,academic_support;career;career_readiness;case_management;education;employment;general_support;homelessness;housing;independent_living;job_training;paid_work;young_adults,R003,West End Neighborhood House Life Lines,Housing & Case Management,Statewide,16,23,case_management;education;employment;housing,43,High,Referral or program inquiry,https://westendnh.org/programs/life-lines/
YP-0152,19,New Castle,academic_support;career;career_readiness;case_management;education;employment;general_support;homelessness;housing;independent_living;job_training;paid_work;young_adults,R007,Delaware 211,Resource Navigation,Statewide,0,99,education;general_support;housing,33,High,"Call 211, text zip code to 898-211, or use website",https://delaware211.org/
YP-0152,19,New Castle,academic_support;career;career_readiness;case_management;education;employment;general_support;homelessness;housing;independent_living;job_training;paid_work;young_adults,R002,DSCYF ASSIST / Aftercare 18-21,Aftercare,Statewide,18,21,housing;independent_living,23,High,Caseworker/DFS referral,https://kids.delaware.gov/family-services/il-provider-resources/
YP-0152,19,New Castle,academic_support;career;career_readiness;case_management;education;employment;general_support;homelessness;housing;independent_living;job_training;paid_work;young_adults,R004,West End Life Lines Transitional Housing,Housing,Statewide,18,23,case_management;homelessness,23,High,Referral / eligibility screening,https://westendnh.org/programs/life-lines-programs/
YP-0152,19,New Castle,academic_support;career;career_readiness;case_management;education;employment;general_support;homelessness;housing;independent_living;job_training;paid_work;young_adults,R016,The Warehouse,Teen Center / Engagement,New Castle,13,24,education;employment,22,Medium,Membership / program enrollment,https://teenwarehouse.org/
YP-0153,15,New Castle,GED;career;case_management;community;credentials;education;employment;general_support;homelessness;housing;job_training;mentorship;paid_work;positive_adult;postsecondary,R016,The Warehouse,Teen Center / Engagement,New Castle,13,24,community;education;employment;mentorship,42,Medium,Membership / program enrollment,https://teenwarehouse.org/
YP-0153,15,New Castle,GED;career;case_management;community;credentials;education;employment;general_support;homelessness;housing;job_training;mentorship;paid_work;positive_adult;postsecondary,R007,Delaware 211,Resource Navigation,Statewide,0,99,education;general_support;housing,33,High,"Call 211, text zip code to 898-211, or use website",https://delaware211.org/
YP-0153,15,New Castle,GED;career;case_management;community;credentials;education;employment;general_support;homelessness;housing;job_training;mentorship;paid_work;positive_adult;postsecondary,R017,Big Brothers Big Sisters of Delaware,Mentorship,Statewide,6,18,mentorship;positive_adult,23,High,Enroll youth / mentor match inquiry,https://bbbsde.org/
YP-0153,15,New Castle,GED;career;case_management;community;credentials;education;employment;general_support;homelessness;housing;job_training;mentorship;paid_work;positive_adult;postsecondary,R001,DSCYF Independent Living Services,Independent Living,Statewide,14,21,housing;mentorship,23,High,Caseworker/DFS referral,https://kids.delaware.gov/family-services/independent-living/
YP-0153,15,New Castle,GED;career;case_management;community;credentials;education;employment;general_support;homelessness;housing;job_training;mentorship;paid_work;positive_adult;postsecondary,R025,Delaware Department of Labor - Vocational Rehabilitation Transition Services,Disability / Employment,Statewide,14,24,employment,13,High,DVR referral / school referral,https://labor.delaware.gov/divisions/dvr/transition-services/
YP-0154,16,Sussex,academic_support;career;career_readiness;case_management;education;employment;general_support;homelessness;housing;job_training;paid_work,R003,West End Neighborhood House Life Lines,Housing & Case Management,Statewide,16,23,case_management;education;employment;housing,43,High,Referral or program inquiry,https://westendnh.org/programs/life-lines/
YP-0154,16,Sussex,academic_support;career;career_readiness;case_management;education;employment;general_support;homelessness;housing;job_training;paid_work,R007,Delaware 211,Resource Navigation,Statewide,0,99,education;general_support;housing,33,High,"Call 211, text zip code to 898-211, or use website",https://delaware211.org/
YP-0154,16,Sussex,academic_support;career;career_readiness;case_management;education;employment;general_support;homelessness;housing;job_training;paid_work,R018,Boys & Girls Clubs of Delaware - Education and Career,Education & Career,Statewide,6,18,academic_support;career,22,Medium,Join local club / program inquiry,https://www.bgclubs.org/education-and-career
YP-0154,16,Sussex,academic_support;career;career_readiness;case_management;education;employment;general_support;homelessness;housing;job_training;paid_work,R001,DSCYF Independent Living Services,Independent Living,Statewide,14,21,housing,13,High,Caseworker/DFS referral,https://kids.delaware.gov/family-services/independent-living/
YP-0154,16,Sussex,academic_support;career;career_readiness;case_management;education;employment;general_support;homelessness;housing;job_training;paid_work,R025,Delaware Department of Labor - Vocational Rehabilitation Transition Services,Disability / Employment,Statewide,14,24,employment,13,High,DVR referral / school referral,https://labor.delaware.gov/divisions/dvr/transition-services/
YP-0155,19,Sussex,career_pathway;college;community;general_support;independent_living;mentorship;positive_adult;postsecondary;young_adults,R002,DSCYF ASSIST / Aftercare 18-21,Aftercare,Statewide,18,21,independent_living,13,High,Caseworker/DFS referral,https://kids.delaware.gov/family-services/il-provider-resources/
YP-0155,19,Sussex,career_pathway;college;community;general_support;independent_living;mentorship;positive_adult;postsecondary;young_adults,R001,DSCYF Independent Living Services,Independent Living,Statewide,14,21,mentorship,13,High,Caseworker/DFS referral,https://kids.delaware.gov/family-services/independent-living/
YP-0155,19,Sussex,career_pathway;college;community;general_support;independent_living;mentorship;positive_adult;postsecondary;young_adults,R007,Delaware 211,Resource Navigation,Statewide,0,99,general_support,13,High,"Call 211, text zip code to 898-211, or use website",https://delaware211.org/
YP-0155,19,Sussex,career_pathway;college;community;general_support;independent_living;mentorship;positive_adult;postsecondary;young_adults,R009,Foster Care Tuition Waiver Program,Education Funding,Statewide,18,26,college,13,High,Eligibility application / caseworker support,https://kids.delaware.gov/family-services/foster-care-tuition-waiver-program/
YP-0155,19,Sussex,career_pathway;college;community;general_support;independent_living;mentorship;positive_adult;postsecondary;young_adults,R011,Delaware Courts Scholarships for Foster Care Alumni,Education Funding,Statewide,18,26,postsecondary,12,Medium,Application support,https://courts.delaware.gov/childadvocate/scholarships.aspx
YP-0156,16,New Castle,career;career_pathway;case_management;college;employment;general_support;homelessness;housing;independent_living;job_training;paid_work;postsecondary,R022,West End Education and Employment Department,Employment & Education,New Castle,16,24,career_pathway;paid_work;postsecondary,33,High,Program inquiry,https://westendnh.org/programs/academic-education/
YP-0156,16,New Castle,career;career_pathway;case_management;college;employment;general_support;homelessness;housing;independent_living;job_training;paid_work;postsecondary,R003,West End Neighborhood House Life Lines,Housing & Case Management,Statewide,16,23,case_management;employment;housing,33,High,Referral or program inquiry,https://westendnh.org/programs/life-lines/
YP-0156,16,New Castle,career;career_pathway;case_management;college;employment;general_support;homelessness;housing;independent_living;job_training;paid_work;postsecondary,R007,Delaware 211,Resource Navigation,Statewide,0,99,general_support;housing,23,High,"Call 211, text zip code to 898-211, or use website",https://delaware211.org/
YP-0156,16,New Castle,career;career_pathway;case_management;college;employment;general_support;homelessness;housing;independent_living;job_training;paid_work;postsecondary,R001,DSCYF Independent Living Services,Independent Living,Statewide,14,21,housing,13,High,Caseworker/DFS referral,https://kids.delaware.gov/family-services/independent-living/
YP-0156,16,New Castle,career;career_pathway;case_management;college;employment;general_support;homelessness;housing;independent_living;job_training;paid_work;postsecondary,R025,Delaware Department of Labor - Vocational Rehabilitation Transition Services,Disability / Employment,Statewide,14,24,employment,13,High,DVR referral / school referral,https://labor.delaware.gov/divisions/dvr/transition-services/
YP-0157,14,New Castle,academic_support;career;career_readiness;case_management;community;education;employment;general_support;homelessness;housing;independent_living;job_training;mentorship;paid_work;positive_adult,R016,The Warehouse,Teen Center / Engagement,New Castle,13,24,community;education;employment;mentorship,42,Medium,Membership / program enrollment,https://teenwarehouse.org/
YP-0157,14,New Castle,academic_support;career;career_readiness;case_management;community;education;employment;general_support;homelessness;housing;independent_living;job_training;mentorship;paid_work;positive_adult,R007,Delaware 211,Resource Navigation,Statewide,0,99,education;general_support;housing,33,High,"Call 211, text zip code to 898-211, or use website",https://delaware211.org/
YP-0157,14,New Castle,academic_support;career;career_readiness;case_management;community;education;employment;general_support;homelessness;housing;independent_living;job_training;mentorship;paid_work;positive_adult,R017,Big Brothers Big Sisters of Delaware,Mentorship,Statewide,6,18,mentorship;positive_adult,23,High,Enroll youth / mentor match inquiry,https://bbbsde.org/
YP-0157,14,New Castle,academic_support;career;career_readiness;case_management;community;education;employment;general_support;homelessness;housing;independent_living;job_training;mentorship;paid_work;positive_adult,R001,DSCYF Independent Living Services,Independent Living,Statewide,14,21,housing;mentorship,23,High,Caseworker/DFS referral,https://kids.delaware.gov/family-services/independent-living/
YP-0157,14,New Castle,academic_support;career;career_readiness;case_management;community;education;employment;general_support;homelessness;housing;independent_living;job_training;mentorship;paid_work;positive_adult,R018,Boys & Girls Clubs of Delaware - Education and Career,Education & Career,Statewide,6,18,academic_support;career,22,Medium,Join local club / program inquiry,https://www.bgclubs.org/education-and-career
YP-0158,16,Sussex,career;career_pathway;case_management;college;community;employment;financial_literacy;general_support;job_training;life_skills;mentorship;paid_work;positive_adult;postsecondary;transition_support,R003,West End Neighborhood House Life Lines,Housing & Case Management,Statewide,16,23,case_management;employment;financial_literacy;life_skills,43,High,Referral or program inquiry,https://westendnh.org/programs/life-lines/
YP-0158,16,Sussex,career;career_pathway;case_management;college;community;employment;financial_literacy;general_support;job_training;life_skills;mentorship;paid_work;positive_adult;postsecondary;transition_support,R001,DSCYF Independent Living Services,Independent Living,Statewide,14,21,life_skills;mentorship;transition_support,33,High,Caseworker/DFS referral,https://kids.delaware.gov/family-services/independent-living/
YP-0158,16,Sussex,career;career_pathway;case_management;college;community;employment;financial_literacy;general_support;job_training;life_skills;mentorship;paid_work;positive_adult;postsecondary;transition_support,R005,People's Place Independent Living,Independent Living,Statewide,16,23,case_management;life_skills;transition_support,33,High,DFS referral or self-referral for 18-23,https://peoplesplace2.com/services/independent-living
YP-0158,16,Sussex,career;career_pathway;case_management;college;community;employment;financial_literacy;general_support;job_training;life_skills;mentorship;paid_work;positive_adult;postsecondary;transition_support,R017,Big Brothers Big Sisters of Delaware,Mentorship,Statewide,6,18,mentorship;positive_adult,23,High,Enroll youth / mentor match inquiry,https://bbbsde.org/
YP-0158,16,Sussex,career;career_pathway;case_management;college;community;employment;financial_literacy;general_support;job_training;life_skills;mentorship;paid_work;positive_adult;postsecondary;transition_support,R007,Delaware 211,Resource Navigation,Statewide,0,99,general_support,13,High,"Call 211, text zip code to 898-211, or use website",https://delaware211.org/
YP-0159,17,New Castle,career_pathway;college;community;general_support;mentorship;positive_adult;postsecondary,R017,Big Brothers Big Sisters of Delaware,Mentorship,Statewide,6,18,mentorship;positive_adult,23,High,Enroll youth / mentor match inquiry,https://bbbsde.org/
YP-0159,17,New Castle,career_pathway;college;community;general_support;mentorship;positive_adult;postsecondary,R022,West End Education and Employment Department,Employment & Education,New Castle,16,24,career_pathway;postsecondary,23,High,Program inquiry,https://westendnh.org/programs/academic-education/
YP-0159,17,New Castle,career_pathway;college;community;general_support;mentorship;positive_adult;postsecondary,R016,The Warehouse,Teen Center / Engagement,New Castle,13,24,community;mentorship,22,Medium,Membership / program enrollment,https://teenwarehouse.org/
YP-0159,17,New Castle,career_pathway;college;community;general_support;mentorship;positive_adult;postsecondary,R001,DSCYF Independent Living Services,Independent Living,Statewide,14,21,mentorship,13,High,Caseworker/DFS referral,https://kids.delaware.gov/family-services/independent-living/
YP-0159,17,New Castle,career_pathway;college;community;general_support;mentorship;positive_adult;postsecondary,R007,Delaware 211,Resource Navigation,Statewide,0,99,general_support,13,High,"Call 211, text zip code to 898-211, or use website",https://delaware211.org/
YP-0160,16,Kent,career;career_pathway;college;employment;general_support;job_training;paid_work;postsecondary,R007,Delaware 211,Resource Navigation,Statewide,0,99,general_support,13,High,"Call 211, text zip code to 898-211, or use website",https://delaware211.org/
YP-0160,16,Kent,career;career_pathway;college;employment;general_support;job_training;paid_work;postsecondary,R025,Delaware Department of Labor - Vocational Rehabilitation Transition Services,Disability / Employment,Statewide,14,24,employment,13,High,DVR referral / school referral,https://labor.delaware.gov/divisions/dvr/transition-services/
YP-0160,16,Kent,career;career_pathway;college;employment;general_support;job_training;paid_work;postsecondary,R003,West End Neighborhood House Life Lines,Housing & Case Management,Statewide,16,23,employment,13,High,Referral or program inquiry,https://westendnh.org/programs/life-lines/
YP-0160,16,Kent,career;career_pathway;college;employment;general_support;job_training;paid_work;postsecondary,R018,Boys & Girls Clubs of Delaware - Education and Career,Education & Career,Statewide,6,18,career,12,Medium,Join local club / program inquiry,https://www.bgclubs.org/education-and-career
YP-0160,16,Kent,career;career_pathway;college;employment;general_support;job_training;paid_work;postsecondary,R061,Delaware Parent Resources - Higher Education Guide,Education Navigation,Statewide,14,24,college,11,Low,Website navigation / caseworker support,https://delaware.gov/guides/parent-resources/
YP-0161,16,Sussex,GED;career;case_management;credentials;education;employment;financial_literacy;general_support;job_training;life_skills;paid_work;postsecondary;transition_support,R003,West End Neighborhood House Life Lines,Housing & Case Management,Statewide,16,23,case_management;education;employment;financial_literacy;life_skills,53,High,Referral or program inquiry,https://westendnh.org/programs/life-lines/
YP-0161,16,Sussex,GED;career;case_management;credentials;education;employment;financial_literacy;general_support;job_training;life_skills;paid_work;postsecondary;transition_support,R005,People's Place Independent Living,Independent Living,Statewide,16,23,case_management;life_skills;transition_support,33,High,DFS referral or self-referral for 18-23,https://peoplesplace2.com/services/independent-living
YP-0161,16,Sussex,GED;career;case_management;credentials;education;employment;financial_literacy;general_support;job_training;life_skills;paid_work;postsecondary;transition_support,R001,DSCYF Independent Living Services,Independent Living,Statewide,14,21,life_skills;transition_support,23,High,Caseworker/DFS referral,https://kids.delaware.gov/family-services/independent-living/
YP-0161,16,Sussex,GED;career;case_management;credentials;education;employment;financial_literacy;general_support;job_training;life_skills;paid_work;postsecondary;transition_support,R007,Delaware 211,Resource Navigation,Statewide,0,99,education;general_support,23,High,"Call 211, text zip code to 898-211, or use website",https://delaware211.org/
YP-0161,16,Sussex,GED;career;case_management;credentials;education;employment;financial_literacy;general_support;job_training;life_skills;paid_work;postsecondary;transition_support,R025,Delaware Department of Labor - Vocational Rehabilitation Transition Services,Disability / Employment,Statewide,14,24,employment,13,High,DVR referral / school referral,https://labor.delaware.gov/divisions/dvr/transition-services/
YP-0162,17,Sussex,GED;career;case_management;credentials;education;employment;general_support;homelessness;housing;independent_living;postsecondary;professional_skills;resume,R003,West End Neighborhood House Life Lines,Housing & Case Management,Statewide,16,23,case_management;education;employment;housing,43,High,Referral or program inquiry,https://westendnh.org/programs/life-lines/
YP-0162,17,Sussex,GED;career;case_management;credentials;education;employment;general_support;homelessness;housing;independent_living;postsecondary;professional_skills;resume,R007,Delaware 211,Resource Navigation,Statewide,0,99,education;general_support;housing,33,High,"Call 211, text zip code to 898-211, or use website",https://delaware211.org/
YP-0162,17,Sussex,GED;career;case_management;credentials;education;employment;general_support;homelessness;housing;independent_living;postsecondary;professional_skills;resume,R019,YMCA of Delaware Teen Workforce Development,Employment,Statewide,15,19,professional_skills;resume,23,High,Interest form / program enrollment,https://www.ymcade.org/teen-workforce-development/
YP-0162,17,Sussex,GED;career;case_management;credentials;education;employment;general_support;homelessness;housing;independent_living;postsecondary;professional_skills;resume,R001,DSCYF Independent Living Services,Independent Living,Statewide,14,21,housing,13,High,Caseworker/DFS referral,https://kids.delaware.gov/family-services/independent-living/
YP-0162,17,Sussex,GED;career;case_management;credentials;education;employment;general_support;homelessness;housing;independent_living;postsecondary;professional_skills;resume,R025,Delaware Department of Labor - Vocational Rehabilitation Transition Services,Disability / Employment,Statewide,14,24,employment,13,High,DVR referral / school referral,https://labor.delaware.gov/divisions/dvr/transition-services/
YP-0163,19,New Castle,career;career_pathway;case_management;community;education;employment;financial_literacy;general_support;homelessness;housing;independent_living;internship;life_skills;mentorship;positive_adult;postsecondary;professional_skills;transition_support;young_adults,R003,West End Neighborhood House Life Lines,Housing & Case Management,Statewide,16,23,case_management;education;employment;financial_literacy;housing;life_skills,63,High,Referral or program inquiry,https://westendnh.org/programs/life-lines/
YP-0163,19,New Castle,career;career_pathway;case_management;community;education;employment;financial_literacy;general_support;homelessness;housing;independent_living;internship;life_skills;mentorship;positive_adult;postsecondary;professional_skills;transition_support;young_adults,R001,DSCYF Independent Living Services,Independent Living,Statewide,14,21,housing;life_skills;mentorship;transition_support,43,High,Caseworker/DFS referral,https://kids.delaware.gov/family-services/independent-living/
YP-0163,19,New Castle,career;career_pathway;case_management;community;education;employment;financial_literacy;general_support;homelessness;housing;independent_living;internship;life_skills;mentorship;positive_adult;postsecondary;professional_skills;transition_support;young_adults,R016,The Warehouse,Teen Center / Engagement,New Castle,13,24,community;education;employment;mentorship,42,Medium,Membership / program enrollment,https://teenwarehouse.org/
YP-0163,19,New Castle,career;career_pathway;case_management;community;education;employment;financial_literacy;general_support;homelessness;housing;independent_living;internship;life_skills;mentorship;positive_adult;postsecondary;professional_skills;transition_support;young_adults,R007,Delaware 211,Resource Navigation,Statewide,0,99,education;general_support;housing,33,High,"Call 211, text zip code to 898-211, or use website",https://delaware211.org/
YP-0163,19,New Castle,career;career_pathway;case_management;community;education;employment;financial_literacy;general_support;homelessness;housing;independent_living;internship;life_skills;mentorship;positive_adult;postsecondary;professional_skills;transition_support;young_adults,R005,People's Place Independent Living,Independent Living,Statewide,16,23,case_management;life_skills;transition_support,33,High,DFS referral or self-referral for 18-23,https://peoplesplace2.com/services/independent-living
YP-0164,17,New Castle,academic_support;career;career_readiness;community;education;employment;general_support;job_training;mentorship;paid_work;positive_adult,R016,The Warehouse,Teen Center / Engagement,New Castle,13,24,community;education;employment;mentorship,42,Medium,Membership / program enrollment,https://teenwarehouse.org/
YP-0164,17,New Castle,academic_support;career;career_readiness;community;education;employment;general_support;job_training;mentorship;paid_work;positive_adult,R017,Big Brothers Big Sisters of Delaware,Mentorship,Statewide,6,18,mentorship;positive_adult,23,High,Enroll youth / mentor match inquiry,https://bbbsde.org/
YP-0164,17,New Castle,academic_support;career;career_readiness;community;education;employment;general_support;job_training;mentorship;paid_work;positive_adult,R007,Delaware 211,Resource Navigation,Statewide,0,99,education;general_support,23,High,"Call 211, text zip code to 898-211, or use website",https://delaware211.org/
YP-0164,17,New Castle,academic_support;career;career_readiness;community;education;employment;general_support;job_training;mentorship;paid_work;positive_adult,R003,West End Neighborhood House Life Lines,Housing & Case Management,Statewide,16,23,education;employment,23,High,Referral or program inquiry,https://westendnh.org/programs/life-lines/
YP-0164,17,New Castle,academic_support;career;career_readiness;community;education;employment;general_support;job_training;mentorship;paid_work;positive_adult,R018,Boys & Girls Clubs of Delaware - Education and Career,Education & Career,Statewide,6,18,academic_support;career,22,Medium,Join local club / program inquiry,https://www.bgclubs.org/education-and-career
YP-0165,19,Kent,academic_support;career_readiness;case_management;community;education;financial_literacy;general_support;homelessness;housing;independent_living;life_skills;mentorship;positive_adult;transition_support;young_adults,R003,West End Neighborhood House Life Lines,Housing & Case Management,Statewide,16,23,case_management;education;financial_literacy;housing;life_skills,53,High,Referral or program inquiry,https://westendnh.org/programs/life-lines/
YP-0165,19,Kent,academic_support;career_readiness;case_management;community;education;financial_literacy;general_support;homelessness;housing;independent_living;life_skills;mentorship;positive_adult;transition_support;young_adults,R001,DSCYF Independent Living Services,Independent Living,Statewide,14,21,housing;life_skills;mentorship;transition_support,43,High,Caseworker/DFS referral,https://kids.delaware.gov/family-services/independent-living/
YP-0165,19,Kent,academic_support;career_readiness;case_management;community;education;financial_literacy;general_support;homelessness;housing;independent_living;life_skills;mentorship;positive_adult;transition_support;young_adults,R007,Delaware 211,Resource Navigation,Statewide,0,99,education;general_support;housing,33,High,"Call 211, text zip code to 898-211, or use website",https://delaware211.org/
YP-0165,19,Kent,academic_support;career_readiness;case_management;community;education;financial_literacy;general_support;homelessness;housing;independent_living;life_skills;mentorship;positive_adult;transition_support;young_adults,R005,People's Place Independent Living,Independent Living,Statewide,16,23,case_management;life_skills;transition_support,33,High,DFS referral or self-referral for 18-23,https://peoplesplace2.com/services/independent-living
YP-0165,19,Kent,academic_support;career_readiness;case_management;community;education;financial_literacy;general_support;homelessness;housing;independent_living;life_skills;mentorship;positive_adult;transition_support;young_adults,R002,DSCYF ASSIST / Aftercare 18-21,Aftercare,Statewide,18,21,housing;independent_living,23,High,Caseworker/DFS referral,https://kids.delaware.gov/family-services/il-provider-resources/
YP-0166,18,New Castle,career;career_pathway;case_management;college;community;employment;general_support;homelessness;housing;independent_living;job_training;mentorship;paid_work;positive_adult;postsecondary;young_adults,R022,West End Education and Employment Department,Employment & Education,New Castle,16,24,career_pathway;paid_work;postsecondary,33,High,Program inquiry,https://westendnh.org/programs/academic-education/
YP-0166,18,New Castle,career;career_pathway;case_management;college;community;employment;general_support;homelessness;housing;independent_living;job_training;mentorship;paid_work;positive_adult;postsecondary;young_adults,R003,West End Neighborhood House Life Lines,Housing & Case Management,Statewide,16,23,case_management;employment;housing,33,High,Referral or program inquiry,https://westendnh.org/programs/life-lines/
YP-0166,18,New Castle,career;career_pathway;case_management;college;community;employment;general_support;homelessness;housing;independent_living;job_training;mentorship;paid_work;positive_adult;postsecondary;young_adults,R016,The Warehouse,Teen Center / Engagement,New Castle,13,24,community;employment;mentorship,32,Medium,Membership / program enrollment,https://teenwarehouse.org/
YP-0166,18,New Castle,career;career_pathway;case_management;college;community;employment;general_support;homelessness;housing;independent_living;job_training;mentorship;paid_work;positive_adult;postsecondary;young_adults,R017,Big Brothers Big Sisters of Delaware,Mentorship,Statewide,6,18,mentorship;positive_adult,23,High,Enroll youth / mentor match inquiry,https://bbbsde.org/
YP-0166,18,New Castle,career;career_pathway;case_management;college;community;employment;general_support;homelessness;housing;independent_living;job_training;mentorship;paid_work;positive_adult;postsecondary;young_adults,R002,DSCYF ASSIST / Aftercare 18-21,Aftercare,Statewide,18,21,housing;independent_living,23,High,Caseworker/DFS referral,https://kids.delaware.gov/family-services/il-provider-resources/
YP-0167,19,New Castle,academic_support;career;career_readiness;education;employment;general_support;independent_living;internship;professional_skills;young_adults,R007,Delaware 211,Resource Navigation,Statewide,0,99,education;general_support,23,High,"Call 211, text zip code to 898-211, or use website",https://delaware211.org/
YP-0167,19,New Castle,academic_support;career;career_readiness;education;employment;general_support;independent_living;internship;professional_skills;young_adults,R003,West End Neighborhood House Life Lines,Housing & Case Management,Statewide,16,23,education;employment,23,High,Referral or program inquiry,https://westendnh.org/programs/life-lines/
YP-0167,19,New Castle,academic_support;career;career_readiness;education;employment;general_support;independent_living;internship;professional_skills;young_adults,R019,YMCA of Delaware Teen Workforce Development,Employment,Statewide,15,19,internship;professional_skills,23,High,Interest form / program enrollment,https://www.ymcade.org/teen-workforce-development/
YP-0167,19,New Castle,academic_support;career;career_readiness;education;employment;general_support;independent_living;internship;professional_skills;young_adults,R016,The Warehouse,Teen Center / Engagement,New Castle,13,24,education;employment,22,Medium,Membership / program enrollment,https://teenwarehouse.org/
YP-0167,19,New Castle,academic_support;career;career_readiness;education;employment;general_support;independent_living;internship;professional_skills;young_adults,R002,DSCYF ASSIST / Aftercare 18-21,Aftercare,Statewide,18,21,independent_living,13,High,Caseworker/DFS referral,https://kids.delaware.gov/family-services/il-provider-resources/
YP-0168,14,New Castle,career;career_pathway;college;community;employment;general_support;job_training;mentorship;paid_work;positive_adult;postsecondary,R016,The Warehouse,Teen Center / Engagement,New Castle,13,24,community;employment;mentorship,32,Medium,Membership / program enrollment,https://teenwarehouse.org/
YP-0168,14,New Castle,career;career_pathway;college;community;employment;general_support;job_training;mentorship;paid_work;positive_adult;postsecondary,R017,Big Brothers Big Sisters of Delaware,Mentorship,Statewide,6,18,mentorship;positive_adult,23,High,Enroll youth / mentor match inquiry,https://bbbsde.org/
YP-0168,14,New Castle,career;career_pathway;college;community;employment;general_support;job_training;mentorship;paid_work;positive_adult;postsecondary,R001,DSCYF Independent Living Services,Independent Living,Statewide,14,21,mentorship,13,High,Caseworker/DFS referral,https://kids.delaware.gov/family-services/independent-living/
YP-0168,14,New Castle,career;career_pathway;college;community;employment;general_support;job_training;mentorship;paid_work;positive_adult;postsecondary,R007,Delaware 211,Resource Navigation,Statewide,0,99,general_support,13,High,"Call 211, text zip code to 898-211, or use website",https://delaware211.org/
YP-0168,14,New Castle,career;career_pathway;college;community;employment;general_support;job_training;mentorship;paid_work;positive_adult;postsecondary,R025,Delaware Department of Labor - Vocational Rehabilitation Transition Services,Disability / Employment,Statewide,14,24,employment,13,High,DVR referral / school referral,https://labor.delaware.gov/divisions/dvr/transition-services/
YP-0169,14,New Castle,academic_support;career;career_readiness;case_management;community;education;employment;general_support;homelessness;housing;job_training;mentorship;paid_work;positive_adult,R016,The Warehouse,Teen Center / Engagement,New Castle,13,24,community;education;employment;mentorship,42,Medium,Membership / program enrollment,https://teenwarehouse.org/
YP-0169,14,New Castle,academic_support;career;career_readiness;case_management;community;education;employment;general_support;homelessness;housing;job_training;mentorship;paid_work;positive_adult,R007,Delaware 211,Resource Navigation,Statewide,0,99,education;general_support;housing,33,High,"Call 211, text zip code to 898-211, or use website",https://delaware211.org/
YP-0169,14,New Castle,academic_support;career;career_readiness;case_management;community;education;employment;general_support;homelessness;housing;job_training;mentorship;paid_work;positive_adult,R017,Big Brothers Big Sisters of Delaware,Mentorship,Statewide,6,18,mentorship;positive_adult,23,High,Enroll youth / mentor match inquiry,https://bbbsde.org/
YP-0169,14,New Castle,academic_support;career;career_readiness;case_management;community;education;employment;general_support;homelessness;housing;job_training;mentorship;paid_work;positive_adult,R001,DSCYF Independent Living Services,Independent Living,Statewide,14,21,housing;mentorship,23,High,Caseworker/DFS referral,https://kids.delaware.gov/family-services/independent-living/
YP-0169,14,New Castle,academic_support;career;career_readiness;case_management;community;education;employment;general_support;homelessness;housing;job_training;mentorship;paid_work;positive_adult,R018,Boys & Girls Clubs of Delaware - Education and Career,Education & Career,Statewide,6,18,academic_support;career,22,Medium,Join local club / program inquiry,https://www.bgclubs.org/education-and-career
YP-0170,14,New Castle,career;career_pathway;college;employment;general_support;job_training;paid_work;postsecondary,R007,Delaware 211,Resource Navigation,Statewide,0,99,general_support,13,High,"Call 211, text zip code to 898-211, or use website",https://delaware211.org/
YP-0170,14,New Castle,career;career_pathway;college;employment;general_support;job_training;paid_work;postsecondary,R025,Delaware Department of Labor - Vocational Rehabilitation Transition Services,Disability / Employment,Statewide,14,24,employment,13,High,DVR referral / school referral,https://labor.delaware.gov/divisions/dvr/transition-services/
YP-0170,14,New Castle,career;career_pathway;college;employment;general_support;job_training;paid_work;postsecondary,R018,Boys & Girls Clubs of Delaware - Education and Career,Education & Career,Statewide,6,18,career,12,Medium,Join local club / program inquiry,https://www.bgclubs.org/education-and-career
YP-0170,14,New Castle,career;career_pathway;college;employment;general_support;job_training;paid_work;postsecondary,R020,New Castle County Youth Workforce Development Program,Employment,New Castle,14,21,paid_work,12,Medium,Application,https://www.newcastlede.gov/859/Youth-Workforce-Development-Program
YP-0170,14,New Castle,career;career_pathway;college;employment;general_support;job_training;paid_work;postsecondary,R016,The Warehouse,Teen Center / Engagement,New Castle,13,24,employment,12,Medium,Membership / program enrollment,https://teenwarehouse.org/
YP-0171,15,Kent,academic_support;career;career_readiness;education;employment;general_support;professional_skills;resume,R007,Delaware 211,Resource Navigation,Statewide,0,99,education;general_support,23,High,"Call 211, text zip code to 898-211, or use website",https://delaware211.org/
YP-0171,15,Kent,academic_support;career;career_readiness;education;employment;general_support;professional_skills;resume,R019,YMCA of Delaware Teen Workforce Development,Employment,Statewide,15,19,professional_skills;resume,23,High,Interest form / program enrollment,https://www.ymcade.org/teen-workforce-development/
YP-0171,15,Kent,academic_support;career;career_readiness;education;employment;general_support;professional_skills;resume,R018,Boys & Girls Clubs of Delaware - Education and Career,Education & Career,Statewide,6,18,academic_support;career,22,Medium,Join local club / program inquiry,https://www.bgclubs.org/education-and-career
YP-0171,15,Kent,academic_support;career;career_readiness;education;employment;general_support;professional_skills;resume,R025,Delaware Department of Labor - Vocational Rehabilitation Transition Services,Disability / Employment,Statewide,14,24,employment,13,High,DVR referral / school referral,https://labor.delaware.gov/divisions/dvr/transition-services/
YP-0171,15,Kent,academic_support;career;career_readiness;education;employment;general_support;professional_skills;resume,R055,Delaware LGBTQ+ Resources and Organizations,LGBTQ+ Support,Statewide,0,99,education,12,Medium,Resource navigation,https://history.delaware.gov/lgbtq-history/local-lgbtq-resources-and-organizations/
YP-0172,17,New Castle,career;career_pathway;case_management;college;community;employment;general_support;homelessness;housing;job_training;mentorship;paid_work;positive_adult;postsecondary,R022,West End Education and Employment Department,Employment & Education,New Castle,16,24,career_pathway;paid_work;postsecondary,33,High,Program inquiry,https://westendnh.org/programs/academic-education/
YP-0172,17,New Castle,career;career_pathway;case_management;college;community;employment;general_support;homelessness;housing;job_training;mentorship;paid_work;positive_adult;postsecondary,R003,West End Neighborhood House Life Lines,Housing & Case Management,Statewide,16,23,case_management;employment;housing,33,High,Referral or program inquiry,https://westendnh.org/programs/life-lines/
YP-0172,17,New Castle,career;career_pathway;case_management;college;community;employment;general_support;homelessness;housing;job_training;mentorship;paid_work;positive_adult;postsecondary,R016,The Warehouse,Teen Center / Engagement,New Castle,13,24,community;employment;mentorship,32,Medium,Membership / program enrollment,https://teenwarehouse.org/
YP-0172,17,New Castle,career;career_pathway;case_management;college;community;employment;general_support;homelessness;housing;job_training;mentorship;paid_work;positive_adult;postsecondary,R017,Big Brothers Big Sisters of Delaware,Mentorship,Statewide,6,18,mentorship;positive_adult,23,High,Enroll youth / mentor match inquiry,https://bbbsde.org/
YP-0172,17,New Castle,career;career_pathway;case_management;college;community;employment;general_support;homelessness;housing;job_training;mentorship;paid_work;positive_adult;postsecondary,R001,DSCYF Independent Living Services,Independent Living,Statewide,14,21,housing;mentorship,23,High,Caseworker/DFS referral,https://kids.delaware.gov/family-services/independent-living/
YP-0173,14,New Castle,academic_support;career;career_readiness;education;employment;general_support;professional_skills;resume,R007,Delaware 211,Resource Navigation,Statewide,0,99,education;general_support,23,High,"Call 211, text zip code to 898-211, or use website",https://delaware211.org/
YP-0173,14,New Castle,academic_support;career;career_readiness;education;employment;general_support;professional_skills;resume,R018,Boys & Girls Clubs of Delaware - Education and Career,Education & Career,Statewide,6,18,academic_support;career,22,Medium,Join local club / program inquiry,https://www.bgclubs.org/education-and-career
YP-0173,14,New Castle,academic_support;career;career_readiness;education;employment;general_support;professional_skills;resume,R016,The Warehouse,Teen Center / Engagement,New Castle,13,24,education;employment,22,Medium,Membership / program enrollment,https://teenwarehouse.org/
YP-0173,14,New Castle,academic_support;career;career_readiness;education;employment;general_support;professional_skills;resume,R025,Delaware Department of Labor - Vocational Rehabilitation Transition Services,Disability / Employment,Statewide,14,24,employment,13,High,DVR referral / school referral,https://labor.delaware.gov/divisions/dvr/transition-services/
YP-0173,14,New Castle,academic_support;career;career_readiness;education;employment;general_support;professional_skills;resume,R055,Delaware LGBTQ+ Resources and Organizations,LGBTQ+ Support,Statewide,0,99,education,12,Medium,Resource navigation,https://history.delaware.gov/lgbtq-history/local-lgbtq-resources-and-organizations/
YP-0174,16,New Castle,career;career_pathway;case_management;college;community;employment;financial_literacy;general_support;life_skills;mentorship;positive_adult;postsecondary;professional_skills;resume;transition_support,R003,West End Neighborhood House Life Lines,Housing & Case Management,Statewide,16,23,case_management;employment;financial_literacy;life_skills,43,High,Referral or program inquiry,https://westendnh.org/programs/life-lines/
YP-0174,16,New Castle,career;career_pathway;case_management;college;community;employment;financial_literacy;general_support;life_skills;mentorship;positive_adult;postsecondary;professional_skills;resume;transition_support,R001,DSCYF Independent Living Services,Independent Living,Statewide,14,21,life_skills;mentorship;transition_support,33,High,Caseworker/DFS referral,https://kids.delaware.gov/family-services/independent-living/
YP-0174,16,New Castle,career;career_pathway;case_management;college;community;employment;financial_literacy;general_support;life_skills;mentorship;positive_adult;postsecondary;professional_skills;resume;transition_support,R005,People's Place Independent Living,Independent Living,Statewide,16,23,case_management;life_skills;transition_support,33,High,DFS referral or self-referral for 18-23,https://peoplesplace2.com/services/independent-living
YP-0174,16,New Castle,career;career_pathway;case_management;college;community;employment;financial_literacy;general_support;life_skills;mentorship;positive_adult;postsecondary;professional_skills;resume;transition_support,R016,The Warehouse,Teen Center / Engagement,New Castle,13,24,community;employment;mentorship,32,Medium,Membership / program enrollment,https://teenwarehouse.org/
YP-0174,16,New Castle,career;career_pathway;case_management;college;community;employment;financial_literacy;general_support;life_skills;mentorship;positive_adult;postsecondary;professional_skills;resume;transition_support,R017,Big Brothers Big Sisters of Delaware,Mentorship,Statewide,6,18,mentorship;positive_adult,23,High,Enroll youth / mentor match inquiry,https://bbbsde.org/
YP-0175,18,New Castle,GED;career;credentials;education;employment;general_support;independent_living;postsecondary;professional_skills;resume;young_adults,R022,West End Education and Employment Department,Employment & Education,New Castle,16,24,GED;credentials;postsecondary,33,High,Program inquiry,https://westendnh.org/programs/academic-education/
YP-0175,18,New Castle,GED;career;credentials;education;employment;general_support;independent_living;postsecondary;professional_skills;resume;young_adults,R007,Delaware 211,Resource Navigation,Statewide,0,99,education;general_support,23,High,"Call 211, text zip code to 898-211, or use website",https://delaware211.org/
YP-0175,18,New Castle,GED;career;credentials;education;employment;general_support;independent_living;postsecondary;professional_skills;resume;young_adults,R003,West End Neighborhood House Life Lines,Housing & Case Management,Statewide,16,23,education;employment,23,High,Referral or program inquiry,https://westendnh.org/programs/life-lines/
YP-0175,18,New Castle,GED;career;credentials;education;employment;general_support;independent_living;postsecondary;professional_skills;resume;young_adults,R019,YMCA of Delaware Teen Workforce Development,Employment,Statewide,15,19,professional_skills;resume,23,High,Interest form / program enrollment,https://www.ymcade.org/teen-workforce-development/
YP-0175,18,New Castle,GED;career;credentials;education;employment;general_support;independent_living;postsecondary;professional_skills;resume;young_adults,R016,The Warehouse,Teen Center / Engagement,New Castle,13,24,education;employment,22,Medium,Membership / program enrollment,https://teenwarehouse.org/
YP-0176,18,Sussex,career;career_pathway;case_management;college;employment;general_support;homelessness;housing;independent_living;postsecondary;professional_skills;resume;young_adults,R003,West End Neighborhood House Life Lines,Housing & Case Management,Statewide,16,23,case_management;employment;housing,33,High,Referral or program inquiry,https://westendnh.org/programs/life-lines/
YP-0176,18,Sussex,career;career_pathway;case_management;college;employment;general_support;homelessness;housing;independent_living;postsecondary;professional_skills;resume;young_adults,R002,DSCYF ASSIST / Aftercare 18-21,Aftercare,Statewide,18,21,housing;independent_living,23,High,Caseworker/DFS referral,https://kids.delaware.gov/family-services/il-provider-resources/
YP-0176,18,Sussex,career;career_pathway;case_management;college;employment;general_support;homelessness;housing;independent_living;postsecondary;professional_skills;resume;young_adults,R007,Delaware 211,Resource Navigation,Statewide,0,99,general_support;housing,23,High,"Call 211, text zip code to 898-211, or use website",https://delaware211.org/
YP-0176,18,Sussex,career;career_pathway;case_management;college;employment;general_support;homelessness;housing;independent_living;postsecondary;professional_skills;resume;young_adults,R004,West End Life Lines Transitional Housing,Housing,Statewide,18,23,case_management;homelessness,23,High,Referral / eligibility screening,https://westendnh.org/programs/life-lines-programs/
YP-0176,18,Sussex,career;career_pathway;case_management;college;employment;general_support;homelessness;housing;independent_living;postsecondary;professional_skills;resume;young_adults,R019,YMCA of Delaware Teen Workforce Development,Employment,Statewide,15,19,professional_skills;resume,23,High,Interest form / program enrollment,https://www.ymcade.org/teen-workforce-development/
YP-0177,16,New Castle,career_pathway;college;community;general_support;mentorship;positive_adult;postsecondary,R017,Big Brothers Big Sisters of Delaware,Mentorship,Statewide,6,18,mentorship;positive_adult,23,High,Enroll youth / mentor match inquiry,https://bbbsde.org/
YP-0177,16,New Castle,career_pathway;college;community;general_support;mentorship;positive_adult;postsecondary,R022,West End Education and Employment Department,Employment & Education,New Castle,16,24,career_pathway;postsecondary,23,High,Program inquiry,https://westendnh.org/programs/academic-education/
YP-0177,16,New Castle,career_pathway;college;community;general_support;mentorship;positive_adult;postsecondary,R016,The Warehouse,Teen Center / Engagement,New Castle,13,24,community;mentorship,22,Medium,Membership / program enrollment,https://teenwarehouse.org/
YP-0177,16,New Castle,career_pathway;college;community;general_support;mentorship;positive_adult;postsecondary,R001,DSCYF Independent Living Services,Independent Living,Statewide,14,21,mentorship,13,High,Caseworker/DFS referral,https://kids.delaware.gov/family-services/independent-living/
YP-0177,16,New Castle,career_pathway;college;community;general_support;mentorship;positive_adult;postsecondary,R007,Delaware 211,Resource Navigation,Statewide,0,99,general_support,13,High,"Call 211, text zip code to 898-211, or use website",https://delaware211.org/
YP-0178,13,New Castle,career_pathway;case_management;education;financial_literacy;general_support;homelessness;housing;independent_living;life_skills;postsecondary;transition_support,R007,Delaware 211,Resource Navigation,Statewide,0,99,education;general_support;housing,33,High,"Call 211, text zip code to 898-211, or use website",https://delaware211.org/
YP-0178,13,New Castle,career_pathway;case_management;education;financial_literacy;general_support;homelessness;housing;independent_living;life_skills;postsecondary;transition_support,R055,Delaware LGBTQ+ Resources and Organizations,LGBTQ+ Support,Statewide,0,99,education,12,Medium,Resource navigation,https://history.delaware.gov/lgbtq-history/local-lgbtq-resources-and-organizations/
YP-0178,13,New Castle,career_pathway;case_management;education;financial_literacy;general_support;homelessness;housing;independent_living;life_skills;postsecondary;transition_support,R046,Junior Achievement of Delaware,Financial Literacy & Career,Statewide,5,18,financial_literacy,12,Medium,School/community program inquiry,https://delaware.ja.org/
YP-0178,13,New Castle,career_pathway;case_management;education;financial_literacy;general_support;homelessness;housing;independent_living;life_skills;postsecondary;transition_support,R042,Mental Health Association in Delaware,Mental Health,Statewide,0,99,education,12,Medium,Program inquiry / referral,https://www.mhainde.org/
YP-0178,13,New Castle,career_pathway;case_management;education;financial_literacy;general_support;homelessness;housing;independent_living;life_skills;postsecondary;transition_support,R016,The Warehouse,Teen Center / Engagement,New Castle,13,24,education,12,Medium,Membership / program enrollment,https://teenwarehouse.org/
YP-0179,13,Kent,career;career_pathway;case_management;college;employment;financial_literacy;general_support;homelessness;housing;independent_living;job_training;life_skills;paid_work;postsecondary;transition_support,R007,Delaware 211,Resource Navigation,Statewide,0,99,general_support;housing,23,High,"Call 211, text zip code to 898-211, or use website",https://delaware211.org/
YP-0179,13,Kent,career;career_pathway;case_management;college;employment;financial_literacy;general_support;homelessness;housing;independent_living;job_training;life_skills;paid_work;postsecondary;transition_support,R018,Boys & Girls Clubs of Delaware - Education and Career,Education & Career,Statewide,6,18,career,12,Medium,Join local club / program inquiry,https://www.bgclubs.org/education-and-career
YP-0179,13,Kent,career;career_pathway;case_management;college;employment;financial_literacy;general_support;homelessness;housing;independent_living;job_training;life_skills;paid_work;postsecondary;transition_support,R046,Junior Achievement of Delaware,Financial Literacy & Career,Statewide,5,18,financial_literacy,12,Medium,School/community program inquiry,https://delaware.ja.org/
YP-0180,14,Kent,academic_support;career;career_readiness;education;employment;general_support;job_training;paid_work,R007,Delaware 211,Resource Navigation,Statewide,0,99,education;general_support,23,High,"Call 211, text zip code to 898-211, or use website",https://delaware211.org/
YP-0180,14,Kent,academic_support;career;career_readiness;education;employment;general_support;job_training;paid_work,R018,Boys & Girls Clubs of Delaware - Education and Career,Education & Career,Statewide,6,18,academic_support;career,22,Medium,Join local club / program inquiry,https://www.bgclubs.org/education-and-career
YP-0180,14,Kent,academic_support;career;career_readiness;education;employment;general_support;job_training;paid_work,R025,Delaware Department of Labor - Vocational Rehabilitation Transition Services,Disability / Employment,Statewide,14,24,employment,13,High,DVR referral / school referral,https://labor.delaware.gov/divisions/dvr/transition-services/
YP-0180,14,Kent,academic_support;career;career_readiness;education;employment;general_support;job_training;paid_work,R055,Delaware LGBTQ+ Resources and Organizations,LGBTQ+ Support,Statewide,0,99,education,12,Medium,Resource navigation,https://history.delaware.gov/lgbtq-history/local-lgbtq-resources-and-organizations/
YP-0180,14,Kent,academic_support;career;career_readiness;education;employment;general_support;job_training;paid_work,R024,Jobs for Delaware Graduates,Education & Employment,Statewide,14,21,career_readiness,12,Medium,School/program referral,https://jobsdegrads.org/
YP-0181,14,Sussex,career;career_pathway;case_management;college;community;employment;general_support;homelessness;housing;independent_living;job_training;mentorship;paid_work;positive_adult;postsecondary,R017,Big Brothers Big Sisters of Delaware,Mentorship,Statewide,6,18,mentorship;positive_adult,23,High,Enroll youth / mentor match inquiry,https://bbbsde.org/
YP-0181,14,Sussex,career;career_pathway;case_management;college;community;employment;general_support;homelessness;housing;independent_living;job_training;mentorship;paid_work;positive_adult;postsecondary,R001,DSCYF Independent Living Services,Independent Living,Statewide,14,21,housing;mentorship,23,High,Caseworker/DFS referral,https://kids.delaware.gov/family-services/independent-living/
YP-0181,14,Sussex,career;career_pathway;case_management;college;community;employment;general_support;homelessness;housing;independent_living;job_training;mentorship;paid_work;positive_adult;postsecondary,R007,Delaware 211,Resource Navigation,Statewide,0,99,general_support;housing,23,High,"Call 211, text zip code to 898-211, or use website",https://delaware211.org/
YP-0181,14,Sussex,career;career_pathway;case_management;college;community;employment;general_support;homelessness;housing;independent_living;job_training;mentorship;paid_work;positive_adult;postsecondary,R025,Delaware Department of Labor - Vocational Rehabilitation Transition Services,Disability / Employment,Statewide,14,24,employment,13,High,DVR referral / school referral,https://labor.delaware.gov/divisions/dvr/transition-services/
YP-0181,14,Sussex,career;career_pathway;case_management;college;community;employment;general_support;homelessness;housing;independent_living;job_training;mentorship;paid_work;positive_adult;postsecondary,R018,Boys & Girls Clubs of Delaware - Education and Career,Education & Career,Statewide,6,18,career,12,Medium,Join local club / program inquiry,https://www.bgclubs.org/education-and-career
YP-0182,18,New Castle,career;career_pathway;case_management;college;community;employment;general_support;homelessness;housing;independent_living;internship;mentorship;positive_adult;postsecondary;professional_skills;young_adults,R003,West End Neighborhood House Life Lines,Housing & Case Management,Statewide,16,23,case_management;employment;housing,33,High,Referral or program inquiry,https://westendnh.org/programs/life-lines/
YP-0182,18,New Castle,career;career_pathway;case_management;college;community;employment;general_support;homelessness;housing;independent_living;internship;mentorship;positive_adult;postsecondary;professional_skills;young_adults,R016,The Warehouse,Teen Center / Engagement,New Castle,13,24,community;employment;mentorship,32,Medium,Membership / program enrollment,https://teenwarehouse.org/
YP-0182,18,New Castle,career;career_pathway;case_management;college;community;employment;general_support;homelessness;housing;independent_living;internship;mentorship;positive_adult;postsecondary;professional_skills;young_adults,R017,Big Brothers Big Sisters of Delaware,Mentorship,Statewide,6,18,mentorship;positive_adult,23,High,Enroll youth / mentor match inquiry,https://bbbsde.org/
YP-0182,18,New Castle,career;career_pathway;case_management;college;community;employment;general_support;homelessness;housing;independent_living;internship;mentorship;positive_adult;postsecondary;professional_skills;young_adults,R002,DSCYF ASSIST / Aftercare 18-21,Aftercare,Statewide,18,21,housing;independent_living,23,High,Caseworker/DFS referral,https://kids.delaware.gov/family-services/il-provider-resources/
YP-0182,18,New Castle,career;career_pathway;case_management;college;community;employment;general_support;homelessness;housing;independent_living;internship;mentorship;positive_adult;postsecondary;professional_skills;young_adults,R001,DSCYF Independent Living Services,Independent Living,Statewide,14,21,housing;mentorship,23,High,Caseworker/DFS referral,https://kids.delaware.gov/family-services/independent-living/
YP-0183,16,New Castle,career;career_pathway;case_management;college;employment;general_support;homelessness;housing;job_training;paid_work;postsecondary,R022,West End Education and Employment Department,Employment & Education,New Castle,16,24,career_pathway;paid_work;postsecondary,33,High,Program inquiry,https://westendnh.org/programs/academic-education/
YP-0183,16,New Castle,career;career_pathway;case_management;college;employment;general_support;homelessness;housing;job_training;paid_work;postsecondary,R003,West End Neighborhood House Life Lines,Housing & Case Management,Statewide,16,23,case_management;employment;housing,33,High,Referral or program inquiry,https://westendnh.org/programs/life-lines/
YP-0183,16,New Castle,career;career_pathway;case_management;college;employment;general_support;homelessness;housing;job_training;paid_work;postsecondary,R007,Delaware 211,Resource Navigation,Statewide,0,99,general_support;housing,23,High,"Call 211, text zip code to 898-211, or use website",https://delaware211.org/
YP-0183,16,New Castle,career;career_pathway;case_management;college;employment;general_support;homelessness;housing;job_training;paid_work;postsecondary,R001,DSCYF Independent Living Services,Independent Living,Statewide,14,21,housing,13,High,Caseworker/DFS referral,https://kids.delaware.gov/family-services/independent-living/
YP-0183,16,New Castle,career;career_pathway;case_management;college;employment;general_support;homelessness;housing;job_training;paid_work;postsecondary,R025,Delaware Department of Labor - Vocational Rehabilitation Transition Services,Disability / Employment,Statewide,14,24,employment,13,High,DVR referral / school referral,https://labor.delaware.gov/divisions/dvr/transition-services/
YP-0184,13,Kent,GED;career;case_management;credentials;education;employment;financial_literacy;general_support;homelessness;housing;job_training;life_skills;paid_work;postsecondary;transition_support,R007,Delaware 211,Resource Navigation,Statewide,0,99,education;general_support;housing,33,High,"Call 211, text zip code to 898-211, or use website",https://delaware211.org/
YP-0184,13,Kent,GED;career;case_management;credentials;education;employment;financial_literacy;general_support;homelessness;housing;job_training;life_skills;paid_work;postsecondary;transition_support,R018,Boys & Girls Clubs of Delaware - Education and Career,Education & Career,Statewide,6,18,career,12,Medium,Join local club / program inquiry,https://www.bgclubs.org/education-and-career
YP-0184,13,Kent,GED;career;case_management;credentials;education;employment;financial_literacy;general_support;homelessness;housing;job_training;life_skills;paid_work;postsecondary;transition_support,R055,Delaware LGBTQ+ Resources and Organizations,LGBTQ+ Support,Statewide,0,99,education,12,Medium,Resource navigation,https://history.delaware.gov/lgbtq-history/local-lgbtq-resources-and-organizations/
YP-0184,13,Kent,GED;career;case_management;credentials;education;employment;financial_literacy;general_support;homelessness;housing;job_training;life_skills;paid_work;postsecondary;transition_support,R046,Junior Achievement of Delaware,Financial Literacy & Career,Statewide,5,18,financial_literacy,12,Medium,School/community program inquiry,https://delaware.ja.org/
YP-0184,13,Kent,GED;career;case_management;credentials;education;employment;financial_literacy;general_support;homelessness;housing;job_training;life_skills;paid_work;postsecondary;transition_support,R042,Mental Health Association in Delaware,Mental Health,Statewide,0,99,education,12,Medium,Program inquiry / referral,https://www.mhainde.org/
YP-0185,16,Sussex,career;career_pathway;case_management;community;education;employment;general_support;homelessness;housing;independent_living;job_training;mentorship;paid_work;positive_adult;postsecondary,R003,West End Neighborhood House Life Lines,Housing & Case Management,Statewide,16,23,case_management;education;employment;housing,43,High,Referral or program inquiry,https://westendnh.org/programs/life-lines/
YP-0185,16,Sussex,career;career_pathway;case_management;community;education;employment;general_support;homelessness;housing;independent_living;job_training;mentorship;paid_work;positive_adult;postsecondary,R007,Delaware 211,Resource Navigation,Statewide,0,99,education;general_support;housing,33,High,"Call 211, text zip code to 898-211, or use website",https://delaware211.org/
YP-0185,16,Sussex,career;career_pathway;case_management;community;education;employment;general_support;homelessness;housing;independent_living;job_training;mentorship;paid_work;positive_adult;postsecondary,R017,Big Brothers Big Sisters of Delaware,Mentorship,Statewide,6,18,mentorship;positive_adult,23,High,Enroll youth / mentor match inquiry,https://bbbsde.org/
YP-0185,16,Sussex,career;career_pathway;case_management;community;education;employment;general_support;homelessness;housing;independent_living;job_training;mentorship;paid_work;positive_adult;postsecondary,R001,DSCYF Independent Living Services,Independent Living,Statewide,14,21,housing;mentorship,23,High,Caseworker/DFS referral,https://kids.delaware.gov/family-services/independent-living/
YP-0185,16,Sussex,career;career_pathway;case_management;community;education;employment;general_support;homelessness;housing;independent_living;job_training;mentorship;paid_work;positive_adult;postsecondary,R025,Delaware Department of Labor - Vocational Rehabilitation Transition Services,Disability / Employment,Statewide,14,24,employment,13,High,DVR referral / school referral,https://labor.delaware.gov/divisions/dvr/transition-services/
YP-0186,18,Sussex,academic_support;career;career_readiness;education;employment;general_support;independent_living;job_training;paid_work;young_adults,R007,Delaware 211,Resource Navigation,Statewide,0,99,education;general_support,23,High,"Call 211, text zip code to 898-211, or use website",https://delaware211.org/
YP-0186,18,Sussex,academic_support;career;career_readiness;education;employment;general_support;independent_living;job_training;paid_work;young_adults,R003,West End Neighborhood House Life Lines,Housing & Case Management,Statewide,16,23,education;employment,23,High,Referral or program inquiry,https://westendnh.org/programs/life-lines/
YP-0186,18,Sussex,academic_support;career;career_readiness;education;employment;general_support;independent_living;job_training;paid_work;young_adults,R018,Boys & Girls Clubs of Delaware - Education and Career,Education & Career,Statewide,6,18,academic_support;career,22,Medium,Join local club / program inquiry,https://www.bgclubs.org/education-and-career
YP-0186,18,Sussex,academic_support;career;career_readiness;education;employment;general_support;independent_living;job_training;paid_work;young_adults,R002,DSCYF ASSIST / Aftercare 18-21,Aftercare,Statewide,18,21,independent_living,13,High,Caseworker/DFS referral,https://kids.delaware.gov/family-services/il-provider-resources/
YP-0186,18,Sussex,academic_support;career;career_readiness;education;employment;general_support;independent_living;job_training;paid_work;young_adults,R025,Delaware Department of Labor - Vocational Rehabilitation Transition Services,Disability / Employment,Statewide,14,24,employment,13,High,DVR referral / school referral,https://labor.delaware.gov/divisions/dvr/transition-services/
YP-0187,19,New Castle,academic_support;career;career_readiness;case_management;education;employment;general_support;homelessness;housing;independent_living;internship;professional_skills;young_adults,R003,West End Neighborhood House Life Lines,Housing & Case Management,Statewide,16,23,case_management;education;employment;housing,43,High,Referral or program inquiry,https://westendnh.org/programs/life-lines/
YP-0187,19,New Castle,academic_support;career;career_readiness;case_management;education;employment;general_support;homelessness;housing;independent_living;internship;professional_skills;young_adults,R007,Delaware 211,Resource Navigation,Statewide,0,99,education;general_support;housing,33,High,"Call 211, text zip code to 898-211, or use website",https://delaware211.org/
YP-0187,19,New Castle,academic_support;career;career_readiness;case_management;education;employment;general_support;homelessness;housing;independent_living;internship;professional_skills;young_adults,R002,DSCYF ASSIST / Aftercare 18-21,Aftercare,Statewide,18,21,housing;independent_living,23,High,Caseworker/DFS referral,https://kids.delaware.gov/family-services/il-provider-resources/
YP-0187,19,New Castle,academic_support;career;career_readiness;case_management;education;employment;general_support;homelessness;housing;independent_living;internship;professional_skills;young_adults,R004,West End Life Lines Transitional Housing,Housing,Statewide,18,23,case_management;homelessness,23,High,Referral / eligibility screening,https://westendnh.org/programs/life-lines-programs/
YP-0187,19,New Castle,academic_support;career;career_readiness;case_management;education;employment;general_support;homelessness;housing;independent_living;internship;professional_skills;young_adults,R019,YMCA of Delaware Teen Workforce Development,Employment,Statewide,15,19,internship;professional_skills,23,High,Interest form / program enrollment,https://www.ymcade.org/teen-workforce-development/
YP-0188,16,Kent,career;career_pathway;college;employment;general_support;job_training;paid_work;postsecondary,R007,Delaware 211,Resource Navigation,Statewide,0,99,general_support,13,High,"Call 211, text zip code to 898-211, or use website",https://delaware211.org/
YP-0188,16,Kent,career;career_pathway;college;employment;general_support;job_training;paid_work;postsecondary,R025,Delaware Department of Labor - Vocational Rehabilitation Transition Services,Disability / Employment,Statewide,14,24,employment,13,High,DVR referral / school referral,https://labor.delaware.gov/divisions/dvr/transition-services/
YP-0188,16,Kent,career;career_pathway;college;employment;general_support;job_training;paid_work;postsecondary,R003,West End Neighborhood House Life Lines,Housing & Case Management,Statewide,16,23,employment,13,High,Referral or program inquiry,https://westendnh.org/programs/life-lines/
YP-0188,16,Kent,career;career_pathway;college;employment;general_support;job_training;paid_work;postsecondary,R018,Boys & Girls Clubs of Delaware - Education and Career,Education & Career,Statewide,6,18,career,12,Medium,Join local club / program inquiry,https://www.bgclubs.org/education-and-career
YP-0188,16,Kent,career;career_pathway;college;employment;general_support;job_training;paid_work;postsecondary,R061,Delaware Parent Resources - Higher Education Guide,Education Navigation,Statewide,14,24,college,11,Low,Website navigation / caseworker support,https://delaware.gov/guides/parent-resources/
YP-0189,18,Kent,career;career_pathway;case_management;college;employment;general_support;homelessness;housing;independent_living;job_training;paid_work;postsecondary;young_adults,R003,West End Neighborhood House Life Lines,Housing & Case Management,Statewide,16,23,case_management;employment;housing,33,High,Referral or program inquiry,https://westendnh.org/programs/life-lines/
YP-0189,18,Kent,career;career_pathway;case_management;college;employment;general_support;homelessness;housing;independent_living;job_training;paid_work;postsecondary;young_adults,R002,DSCYF ASSIST / Aftercare 18-21,Aftercare,Statewide,18,21,housing;independent_living,23,High,Caseworker/DFS referral,https://kids.delaware.gov/family-services/il-provider-resources/
YP-0189,18,Kent,career;career_pathway;case_management;college;employment;general_support;homelessness;housing;independent_living;job_training;paid_work;postsecondary;young_adults,R007,Delaware 211,Resource Navigation,Statewide,0,99,general_support;housing,23,High,"Call 211, text zip code to 898-211, or use website",https://delaware211.org/
YP-0189,18,Kent,career;career_pathway;case_management;college;employment;general_support;homelessness;housing;independent_living;job_training;paid_work;postsecondary;young_adults,R004,West End Life Lines Transitional Housing,Housing,Statewide,18,23,case_management;homelessness,23,High,Referral / eligibility screening,https://westendnh.org/programs/life-lines-programs/
YP-0189,18,Kent,career;career_pathway;case_management;college;employment;general_support;homelessness;housing;independent_living;job_training;paid_work;postsecondary;young_adults,R048,Community Legal Aid Society Inc. (CLASI),Legal Aid,Statewide,18,99,housing,13,High,Legal intake / eligibility screening,https://www.declasi.org/
YP-0190,15,New Castle,academic_support;career;career_readiness;case_management;community;education;employment;financial_literacy;general_support;homelessness;housing;independent_living;life_skills;mentorship;positive_adult;professional_skills;resume;transition_support,R001,DSCYF Independent Living Services,Independent Living,Statewide,14,21,housing;life_skills;mentorship;transition_support,43,High,Caseworker/DFS referral,https://kids.delaware.gov/family-services/independent-living/
YP-0190,15,New Castle,academic_support;career;career_readiness;case_management;community;education;employment;financial_literacy;general_support;homelessness;housing;independent_living;life_skills;mentorship;positive_adult;professional_skills;resume;transition_support,R016,The Warehouse,Teen Center / Engagement,New Castle,13,24,community;education;employment;mentorship,42,Medium,Membership / program enrollment,https://teenwarehouse.org/
YP-0190,15,New Castle,academic_support;career;career_readiness;case_management;community;education;employment;financial_literacy;general_support;homelessness;housing;independent_living;life_skills;mentorship;positive_adult;professional_skills;resume;transition_support,R007,Delaware 211,Resource Navigation,Statewide,0,99,education;general_support;housing,33,High,"Call 211, text zip code to 898-211, or use website",https://delaware211.org/
YP-0190,15,New Castle,academic_support;career;career_readiness;case_management;community;education;employment;financial_literacy;general_support;homelessness;housing;independent_living;life_skills;mentorship;positive_adult;professional_skills;resume;transition_support,R017,Big Brothers Big Sisters of Delaware,Mentorship,Statewide,6,18,mentorship;positive_adult,23,High,Enroll youth / mentor match inquiry,https://bbbsde.org/
YP-0190,15,New Castle,academic_support;career;career_readiness;case_management;community;education;employment;financial_literacy;general_support;homelessness;housing;independent_living;life_skills;mentorship;positive_adult;professional_skills;resume;transition_support,R019,YMCA of Delaware Teen Workforce Development,Employment,Statewide,15,19,professional_skills;resume,23,High,Interest form / program enrollment,https://www.ymcade.org/teen-workforce-development/
YP-0191,18,Kent,academic_support;career;career_readiness;case_management;education;employment;financial_literacy;general_support;independent_living;internship;life_skills;professional_skills;transition_support;young_adults,R003,West End Neighborhood House Life Lines,Housing & Case Management,Statewide,16,23,case_management;education;employment;financial_literacy;life_skills,53,High,Referral or program inquiry,https://westendnh.org/programs/life-lines/
YP-0191,18,Kent,academic_support;career;career_readiness;case_management;education;employment;financial_literacy;general_support;independent_living;internship;life_skills;professional_skills;transition_support;young_adults,R005,People's Place Independent Living,Independent Living,Statewide,16,23,case_management;life_skills;transition_support,33,High,DFS referral or self-referral for 18-23,https://peoplesplace2.com/services/independent-living
YP-0191,18,Kent,academic_support;career;career_readiness;case_management;education;employment;financial_literacy;general_support;independent_living;internship;life_skills;professional_skills;transition_support;young_adults,R001,DSCYF Independent Living Services,Independent Living,Statewide,14,21,life_skills;transition_support,23,High,Caseworker/DFS referral,https://kids.delaware.gov/family-services/independent-living/
YP-0191,18,Kent,academic_support;career;career_readiness;case_management;education;employment;financial_literacy;general_support;independent_living;internship;life_skills;professional_skills;transition_support;young_adults,R007,Delaware 211,Resource Navigation,Statewide,0,99,education;general_support,23,High,"Call 211, text zip code to 898-211, or use website",https://delaware211.org/
YP-0191,18,Kent,academic_support;career;career_readiness;case_management;education;employment;financial_literacy;general_support;independent_living;internship;life_skills;professional_skills;transition_support;young_adults,R019,YMCA of Delaware Teen Workforce Development,Employment,Statewide,15,19,internship;professional_skills,23,High,Interest form / program enrollment,https://www.ymcade.org/teen-workforce-development/
YP-0192,13,Sussex,academic_support;career;career_readiness;case_management;education;employment;general_support;homelessness;housing;independent_living;job_training;paid_work,R007,Delaware 211,Resource Navigation,Statewide,0,99,education;general_support;housing,33,High,"Call 211, text zip code to 898-211, or use website",https://delaware211.org/
YP-0192,13,Sussex,academic_support;career;career_readiness;case_management;education;employment;general_support;homelessness;housing;independent_living;job_training;paid_work,R018,Boys & Girls Clubs of Delaware - Education and Career,Education & Career,Statewide,6,18,academic_support;career,22,Medium,Join local club / program inquiry,https://www.bgclubs.org/education-and-career
YP-0192,13,Sussex,academic_support;career;career_readiness;case_management;education;employment;general_support;homelessness;housing;independent_living;job_training;paid_work,R055,Delaware LGBTQ+ Resources and Organizations,LGBTQ+ Support,Statewide,0,99,education,12,Medium,Resource navigation,https://history.delaware.gov/lgbtq-history/local-lgbtq-resources-and-organizations/
YP-0192,13,Sussex,academic_support;career;career_readiness;case_management;education;employment;general_support;homelessness;housing;independent_living;job_training;paid_work,R046,Junior Achievement of Delaware,Financial Literacy & Career,Statewide,5,18,career_readiness,12,Medium,School/community program inquiry,https://delaware.ja.org/
YP-0192,13,Sussex,academic_support;career;career_readiness;case_management;education;employment;general_support;homelessness;housing;independent_living;job_training;paid_work,R042,Mental Health Association in Delaware,Mental Health,Statewide,0,99,education,12,Medium,Program inquiry / referral,https://www.mhainde.org/
YP-0193,18,New Castle,career;career_pathway;college;employment;general_support;independent_living;internship;postsecondary;professional_skills;young_adults,R022,West End Education and Employment Department,Employment & Education,New Castle,16,24,career_pathway;postsecondary,23,High,Program inquiry,https://westendnh.org/programs/academic-education/
YP-0193,18,New Castle,career;career_pathway;college;employment;general_support;independent_living;internship;postsecondary;professional_skills;young_adults,R019,YMCA of Delaware Teen Workforce Development,Employment,Statewide,15,19,internship;professional_skills,23,High,Interest form / program enrollment,https://www.ymcade.org/teen-workforce-development/
YP-0193,18,New Castle,career;career_pathway;college;employment;general_support;independent_living;internship;postsecondary;professional_skills;young_adults,R002,DSCYF ASSIST / Aftercare 18-21,Aftercare,Statewide,18,21,independent_living,13,High,Caseworker/DFS referral,https://kids.delaware.gov/family-services/il-provider-resources/
YP-0193,18,New Castle,career;career_pathway;college;employment;general_support;independent_living;internship;postsecondary;professional_skills;young_adults,R007,Delaware 211,Resource Navigation,Statewide,0,99,general_support,13,High,"Call 211, text zip code to 898-211, or use website",https://delaware211.org/
YP-0193,18,New Castle,career;career_pathway;college;employment;general_support;independent_living;internship;postsecondary;professional_skills;young_adults,R025,Delaware Department of Labor - Vocational Rehabilitation Transition Services,Disability / Employment,Statewide,14,24,employment,13,High,DVR referral / school referral,https://labor.delaware.gov/divisions/dvr/transition-services/
YP-0194,14,New Castle,academic_support;career;career_readiness;case_management;education;employment;general_support;homelessness;housing;independent_living;job_training;paid_work,R007,Delaware 211,Resource Navigation,Statewide,0,99,education;general_support;housing,33,High,"Call 211, text zip code to 898-211, or use website",https://delaware211.org/
YP-0194,14,New Castle,academic_support;career;career_readiness;case_management;education;employment;general_support;homelessness;housing;independent_living;job_training;paid_work,R018,Boys & Girls Clubs of Delaware - Education and Career,Education & Career,Statewide,6,18,academic_support;career,22,Medium,Join local club / program inquiry,https://www.bgclubs.org/education-and-career
YP-0194,14,New Castle,academic_support;career;career_readiness;case_management;education;employment;general_support;homelessness;housing;independent_living;job_training;paid_work,R016,The Warehouse,Teen Center / Engagement,New Castle,13,24,education;employment,22,Medium,Membership / program enrollment,https://teenwarehouse.org/
YP-0194,14,New Castle,academic_support;career;career_readiness;case_management;education;employment;general_support;homelessness;housing;independent_living;job_training;paid_work,R001,DSCYF Independent Living Services,Independent Living,Statewide,14,21,housing,13,High,Caseworker/DFS referral,https://kids.delaware.gov/family-services/independent-living/
YP-0194,14,New Castle,academic_support;career;career_readiness;case_management;education;employment;general_support;homelessness;housing;independent_living;job_training;paid_work,R025,Delaware Department of Labor - Vocational Rehabilitation Transition Services,Disability / Employment,Statewide,14,24,employment,13,High,DVR referral / school referral,https://labor.delaware.gov/divisions/dvr/transition-services/
YP-0195,19,New Castle,GED;case_management;community;credentials;education;general_support;homelessness;housing;independent_living;mentorship;positive_adult;postsecondary;young_adults,R007,Delaware 211,Resource Navigation,Statewide,0,99,education;general_support;housing,33,High,"Call 211, text zip code to 898-211, or use website",https://delaware211.org/
YP-0195,19,New Castle,GED;case_management;community;credentials;education;general_support;homelessness;housing;independent_living;mentorship;positive_adult;postsecondary;young_adults,R022,West End Education and Employment Department,Employment & Education,New Castle,16,24,GED;credentials;postsecondary,33,High,Program inquiry,https://westendnh.org/programs/academic-education/
YP-0195,19,New Castle,GED;case_management;community;credentials;education;general_support;homelessness;housing;independent_living;mentorship;positive_adult;postsecondary;young_adults,R003,West End Neighborhood House Life Lines,Housing & Case Management,Statewide,16,23,case_management;education;housing,33,High,Referral or program inquiry,https://westendnh.org/programs/life-lines/
YP-0195,19,New Castle,GED;case_management;community;credentials;education;general_support;homelessness;housing;independent_living;mentorship;positive_adult;postsecondary;young_adults,R016,The Warehouse,Teen Center / Engagement,New Castle,13,24,community;education;mentorship,32,Medium,Membership / program enrollment,https://teenwarehouse.org/
YP-0195,19,New Castle,GED;case_management;community;credentials;education;general_support;homelessness;housing;independent_living;mentorship;positive_adult;postsecondary;young_adults,R002,DSCYF ASSIST / Aftercare 18-21,Aftercare,Statewide,18,21,housing;independent_living,23,High,Caseworker/DFS referral,https://kids.delaware.gov/family-services/il-provider-resources/
YP-0196,19,Kent,career;career_pathway;case_management;college;employment;financial_literacy;general_support;independent_living;job_training;life_skills;paid_work;postsecondary;transition_support;young_adults,R003,West End Neighborhood House Life Lines,Housing & Case Management,Statewide,16,23,case_management;employment;financial_literacy;life_skills,43,High,Referral or program inquiry,https://westendnh.org/programs/life-lines/
YP-0196,19,Kent,career;career_pathway;case_management;college;employment;financial_literacy;general_support;independent_living;job_training;life_skills;paid_work;postsecondary;transition_support;young_adults,R005,People's Place Independent Living,Independent Living,Statewide,16,23,case_management;life_skills;transition_support,33,High,DFS referral or self-referral for 18-23,https://peoplesplace2.com/services/independent-living
YP-0196,19,Kent,career;career_pathway;case_management;college;employment;financial_literacy;general_support;independent_living;job_training;life_skills;paid_work;postsecondary;transition_support;young_adults,R001,DSCYF Independent Living Services,Independent Living,Statewide,14,21,life_skills;transition_support,23,High,Caseworker/DFS referral,https://kids.delaware.gov/family-services/independent-living/
YP-0196,19,Kent,career;career_pathway;case_management;college;employment;financial_literacy;general_support;independent_living;job_training;life_skills;paid_work;postsecondary;transition_support;young_adults,R002,DSCYF ASSIST / Aftercare 18-21,Aftercare,Statewide,18,21,independent_living,13,High,Caseworker/DFS referral,https://kids.delaware.gov/family-services/il-provider-resources/
YP-0196,19,Kent,career;career_pathway;case_management;college;employment;financial_literacy;general_support;independent_living;job_training;life_skills;paid_work;postsecondary;transition_support;young_adults,R007,Delaware 211,Resource Navigation,Statewide,0,99,general_support,13,High,"Call 211, text zip code to 898-211, or use website",https://delaware211.org/
YP-0197,14,Kent,career;career_pathway;college;employment;general_support;job_training;paid_work;postsecondary,R007,Delaware 211,Resource Navigation,Statewide,0,99,general_support,13,High,"Call 211, text zip code to 898-211, or use website",https://delaware211.org/
YP-0197,14,Kent,career;career_pathway;college;employment;general_support;job_training;paid_work;postsecondary,R025,Delaware Department of Labor - Vocational Rehabilitation Transition Services,Disability / Employment,Statewide,14,24,employment,13,High,DVR referral / school referral,https://labor.delaware.gov/divisions/dvr/transition-services/
YP-0197,14,Kent,career;career_pathway;college;employment;general_support;job_training;paid_work;postsecondary,R018,Boys & Girls Clubs of Delaware - Education and Career,Education & Career,Statewide,6,18,career,12,Medium,Join local club / program inquiry,https://www.bgclubs.org/education-and-career
YP-0197,14,Kent,career;career_pathway;college;employment;general_support;job_training;paid_work;postsecondary,R061,Delaware Parent Resources - Higher Education Guide,Education Navigation,Statewide,14,24,college,11,Low,Website navigation / caseworker support,https://delaware.gov/guides/parent-resources/
YP-0198,19,Sussex,career_pathway;case_management;college;financial_literacy;general_support;independent_living;life_skills;postsecondary;transition_support;young_adults,R005,People's Place Independent Living,Independent Living,Statewide,16,23,case_management;life_skills;transition_support,33,High,DFS referral or self-referral for 18-23,https://peoplesplace2.com/services/independent-living
YP-0198,19,Sussex,career_pathway;case_management;college;financial_literacy;general_support;independent_living;life_skills;postsecondary;transition_support;young_adults,R003,West End Neighborhood House Life Lines,Housing & Case Management,Statewide,16,23,case_management;financial_literacy;life_skills,33,High,Referral or program inquiry,https://westendnh.org/programs/life-lines/
YP-0198,19,Sussex,career_pathway;case_management;college;financial_literacy;general_support;independent_living;life_skills;postsecondary;transition_support;young_adults,R001,DSCYF Independent Living Services,Independent Living,Statewide,14,21,life_skills;transition_support,23,High,Caseworker/DFS referral,https://kids.delaware.gov/family-services/independent-living/
YP-0198,19,Sussex,career_pathway;case_management;college;financial_literacy;general_support;independent_living;life_skills;postsecondary;transition_support;young_adults,R002,DSCYF ASSIST / Aftercare 18-21,Aftercare,Statewide,18,21,independent_living,13,High,Caseworker/DFS referral,https://kids.delaware.gov/family-services/il-provider-resources/
YP-0198,19,Sussex,career_pathway;case_management;college;financial_literacy;general_support;independent_living;life_skills;postsecondary;transition_support;young_adults,R007,Delaware 211,Resource Navigation,Statewide,0,99,general_support,13,High,"Call 211, text zip code to 898-211, or use website",https://delaware211.org/
YP-0199,14,New Castle,academic_support;career;career_readiness;case_management;education;employment;financial_literacy;general_support;homelessness;housing;independent_living;job_training;life_skills;paid_work;transition_support,R001,DSCYF Independent Living Services,Independent Living,Statewide,14,21,housing;life_skills;transition_support,33,High,Caseworker/DFS referral,https://kids.delaware.gov/family-services/independent-living/
YP-0199,14,New Castle,academic_support;career;career_readiness;case_management;education;employment;financial_literacy;general_support;homelessness;housing;independent_living;job_training;life_skills;paid_work;transition_support,R007,Delaware 211,Resource Navigation,Statewide,0,99,education;general_support;housing,33,High,"Call 211, text zip code to 898-211, or use website",https://delaware211.org/
YP-0199,14,New Castle,academic_support;career;career_readiness;case_management;education;employment;financial_literacy;general_support;homelessness;housing;independent_living;job_training;life_skills;paid_work;transition_support,R018,Boys & Girls Clubs of Delaware - Education and Career,Education & Career,Statewide,6,18,academic_support;career,22,Medium,Join local club / program inquiry,https://www.bgclubs.org/education-and-career
YP-0199,14,New Castle,academic_support;career;career_readiness;case_management;education;employment;financial_literacy;general_support;homelessness;housing;independent_living;job_training;life_skills;paid_work;transition_support,R046,Junior Achievement of Delaware,Financial Literacy & Career,Statewide,5,18,career_readiness;financial_literacy,22,Medium,School/community program inquiry,https://delaware.ja.org/
YP-0199,14,New Castle,academic_support;career;career_readiness;case_management;education;employment;financial_literacy;general_support;homelessness;housing;independent_living;job_training;life_skills;paid_work;transition_support,R016,The Warehouse,Teen Center / Engagement,New Castle,13,24,education;employment,22,Medium,Membership / program enrollment,https://teenwarehouse.org/
YP-0200,17,New Castle,career;career_pathway;case_management;community;education;employment;general_support;homelessness;housing;independent_living;internship;mentorship;positive_adult;postsecondary;professional_skills,R003,West End Neighborhood House Life Lines,Housing & Case Management,Statewide,16,23,case_management;education;employment;housing,43,High,Referral or program inquiry,https://westendnh.org/programs/life-lines/
YP-0200,17,New Castle,career;career_pathway;case_management;community;education;employment;general_support;homelessness;housing;independent_living;internship;mentorship;positive_adult;postsecondary;professional_skills,R016,The Warehouse,Teen Center / Engagement,New Castle,13,24,community;education;employment;mentorship,42,Medium,Membership / program enrollment,https://teenwarehouse.org/
YP-0200,17,New Castle,career;career_pathway;case_management;community;education;employment;general_support;homelessness;housing;independent_living;internship;mentorship;positive_adult;postsecondary;professional_skills,R007,Delaware 211,Resource Navigation,Statewide,0,99,education;general_support;housing,33,High,"Call 211, text zip code to 898-211, or use website",https://delaware211.org/
YP-0200,17,New Castle,career;career_pathway;case_management;community;education;employment;general_support;homelessness;housing;independent_living;internship;mentorship;positive_adult;postsecondary;professional_skills,R017,Big Brothers Big Sisters of Delaware,Mentorship,Statewide,6,18,mentorship;positive_adult,23,High,Enroll youth / mentor match inquiry,https://bbbsde.org/
YP-0200,17,New Castle,career;career_pathway;case_management;community;education;employment;general_support;homelessness;housing;independent_living;internship;mentorship;positive_adult;postsecondary;professional_skills,R001,DSCYF Independent Living Services,Independent Living,Statewide,14,21,housing;mentorship,23,High,Caseworker/DFS referral,https://kids.delaware.gov/family-services/independent-living/
YP-0201,16,New Castle,academic_support;career;career_readiness;case_management;community;education;employment;financial_literacy;general_support;homelessness;housing;job_training;life_skills;mentorship;paid_work;positive_adult;transition_support,R003,West End Neighborhood House Life Lines,Housing & Case Management,Statewide,16,23,case_management;education;employment;financial_literacy;housing;life_skills,63,High,Referral or program inquiry,https://westendnh.org/programs/life-lines/
YP-0201,16,New Castle,academic_support;career;career_readiness;case_management;community;education;employment;financial_literacy;general_support;homelessness;housing;job_training;life_skills;mentorship;paid_work;positive_adult;transition_support,R001,DSCYF Independent Living Services,Independent Living,Statewide,14,21,housing;life_skills;mentorship;transition_support,43,High,Caseworker/DFS referral,https://kids.delaware.gov/family-services/independent-living/
YP-0201,16,New Castle,academic_support;career;career_readiness;case_management;community;education;employment;financial_literacy;general_support;homelessness;housing;job_training;life_skills;mentorship;paid_work;positive_adult;transition_support,R016,The Warehouse,Teen Center / Engagement,New Castle,13,24,community;education;employment;mentorship,42,Medium,Membership / program enrollment,https://teenwarehouse.org/
YP-0201,16,New Castle,academic_support;career;career_readiness;case_management;community;education;employment;financial_literacy;general_support;homelessness;housing;job_training;life_skills;mentorship;paid_work;positive_adult;transition_support,R007,Delaware 211,Resource Navigation,Statewide,0,99,education;general_support;housing,33,High,"Call 211, text zip code to 898-211, or use website",https://delaware211.org/
YP-0201,16,New Castle,academic_support;career;career_readiness;case_management;community;education;employment;financial_literacy;general_support;homelessness;housing;job_training;life_skills;mentorship;paid_work;positive_adult;transition_support,R005,People's Place Independent Living,Independent Living,Statewide,16,23,case_management;life_skills;transition_support,33,High,DFS referral or self-referral for 18-23,https://peoplesplace2.com/services/independent-living
YP-0202,14,New Castle,academic_support;career;career_readiness;community;education;employment;general_support;job_training;mentorship;paid_work;positive_adult,R016,The Warehouse,Teen Center / Engagement,New Castle,13,24,community;education;employment;mentorship,42,Medium,Membership / program enrollment,https://teenwarehouse.org/
YP-0202,14,New Castle,academic_support;career;career_readiness;community;education;employment;general_support;job_training;mentorship;paid_work;positive_adult,R017,Big Brothers Big Sisters of Delaware,Mentorship,Statewide,6,18,mentorship;positive_adult,23,High,Enroll youth / mentor match inquiry,https://bbbsde.org/
YP-0202,14,New Castle,academic_support;career;career_readiness;community;education;employment;general_support;job_training;mentorship;paid_work;positive_adult,R007,Delaware 211,Resource Navigation,Statewide,0,99,education;general_support,23,High,"Call 211, text zip code to 898-211, or use website",https://delaware211.org/
YP-0202,14,New Castle,academic_support;career;career_readiness;community;education;employment;general_support;job_training;mentorship;paid_work;positive_adult,R018,Boys & Girls Clubs of Delaware - Education and Career,Education & Career,Statewide,6,18,academic_support;career,22,Medium,Join local club / program inquiry,https://www.bgclubs.org/education-and-career
YP-0202,14,New Castle,academic_support;career;career_readiness;community;education;employment;general_support;job_training;mentorship;paid_work;positive_adult,R001,DSCYF Independent Living Services,Independent Living,Statewide,14,21,mentorship,13,High,Caseworker/DFS referral,https://kids.delaware.gov/family-services/independent-living/
YP-0203,16,Sussex,academic_support;career_readiness;case_management;education;general_support;homelessness;housing,R007,Delaware 211,Resource Navigation,Statewide,0,99,education;general_support;housing,33,High,"Call 211, text zip code to 898-211, or use website",https://delaware211.org/
YP-0203,16,Sussex,academic_support;career_readiness;case_management;education;general_support;homelessness;housing,R003,West End Neighborhood House Life Lines,Housing & Case Management,Statewide,16,23,case_management;education;housing,33,High,Referral or program inquiry,https://westendnh.org/programs/life-lines/
YP-0203,16,Sussex,academic_support;career_readiness;case_management;education;general_support;homelessness;housing,R001,DSCYF Independent Living Services,Independent Living,Statewide,14,21,housing,13,High,Caseworker/DFS referral,https://kids.delaware.gov/family-services/independent-living/
YP-0203,16,Sussex,academic_support;career_readiness;case_management;education;general_support;homelessness;housing,R005,People's Place Independent Living,Independent Living,Statewide,16,23,case_management,13,High,DFS referral or self-referral for 18-23,https://peoplesplace2.com/services/independent-living
YP-0203,16,Sussex,academic_support;career_readiness;case_management;education;general_support;homelessness;housing,R018,Boys & Girls Clubs of Delaware - Education and Career,Education & Career,Statewide,6,18,academic_support,12,Medium,Join local club / program inquiry,https://www.bgclubs.org/education-and-career
YP-0204,15,New Castle,academic_support;career;career_readiness;case_management;community;education;employment;financial_literacy;general_support;homelessness;housing;independent_living;job_training;life_skills;mentorship;paid_work;positive_adult;transition_support,R001,DSCYF Independent Living Services,Independent Living,Statewide,14,21,housing;life_skills;mentorship;transition_support,43,High,Caseworker/DFS referral,https://kids.delaware.gov/family-services/independent-living/
YP-0204,15,New Castle,academic_support;career;career_readiness;case_management;community;education;employment;financial_literacy;general_support;homelessness;housing;independent_living;job_training;life_skills;mentorship;paid_work;positive_adult;transition_support,R016,The Warehouse,Teen Center / Engagement,New Castle,13,24,community;education;employment;mentorship,42,Medium,Membership / program enrollment,https://teenwarehouse.org/
YP-0204,15,New Castle,academic_support;career;career_readiness;case_management;community;education;employment;financial_literacy;general_support;homelessness;housing;independent_living;job_training;life_skills;mentorship;paid_work;positive_adult;transition_support,R007,Delaware 211,Resource Navigation,Statewide,0,99,education;general_support;housing,33,High,"Call 211, text zip code to 898-211, or use website",https://delaware211.org/
YP-0204,15,New Castle,academic_support;career;career_readiness;case_management;community;education;employment;financial_literacy;general_support;homelessness;housing;independent_living;job_training;life_skills;mentorship;paid_work;positive_adult;transition_support,R017,Big Brothers Big Sisters of Delaware,Mentorship,Statewide,6,18,mentorship;positive_adult,23,High,Enroll youth / mentor match inquiry,https://bbbsde.org/
YP-0204,15,New Castle,academic_support;career;career_readiness;case_management;community;education;employment;financial_literacy;general_support;homelessness;housing;independent_living;job_training;life_skills;mentorship;paid_work;positive_adult;transition_support,R018,Boys & Girls Clubs of Delaware - Education and Career,Education & Career,Statewide,6,18,academic_support;career,22,Medium,Join local club / program inquiry,https://www.bgclubs.org/education-and-career
YP-0205,13,New Castle,academic_support;career_readiness;case_management;community;education;financial_literacy;general_support;life_skills;mentorship;positive_adult;transition_support,R016,The Warehouse,Teen Center / Engagement,New Castle,13,24,community;education;mentorship,32,Medium,Membership / program enrollment,https://teenwarehouse.org/
YP-0205,13,New Castle,academic_support;career_readiness;case_management;community;education;financial_literacy;general_support;life_skills;mentorship;positive_adult;transition_support,R017,Big Brothers Big Sisters of Delaware,Mentorship,Statewide,6,18,mentorship;positive_adult,23,High,Enroll youth / mentor match inquiry,https://bbbsde.org/
YP-0205,13,New Castle,academic_support;career_readiness;case_management;community;education;financial_literacy;general_support;life_skills;mentorship;positive_adult;transition_support,R007,Delaware 211,Resource Navigation,Statewide,0,99,education;general_support,23,High,"Call 211, text zip code to 898-211, or use website",https://delaware211.org/
YP-0205,13,New Castle,academic_support;career_readiness;case_management;community;education;financial_literacy;general_support;life_skills;mentorship;positive_adult;transition_support,R046,Junior Achievement of Delaware,Financial Literacy & Career,Statewide,5,18,career_readiness;financial_literacy,22,Medium,School/community program inquiry,https://delaware.ja.org/
YP-0205,13,New Castle,academic_support;career_readiness;case_management;community;education;financial_literacy;general_support;life_skills;mentorship;positive_adult;transition_support,R018,Boys & Girls Clubs of Delaware - Education and Career,Education & Career,Statewide,6,18,academic_support,12,Medium,Join local club / program inquiry,https://www.bgclubs.org/education-and-career
YP-0206,13,New Castle,GED;career;case_management;credentials;education;employment;financial_literacy;general_support;job_training;life_skills;paid_work;postsecondary;transition_support,R007,Delaware 211,Resource Navigation,Statewide,0,99,education;general_support,23,High,"Call 211, text zip code to 898-211, or use website",https://delaware211.org/
YP-0206,13,New Castle,GED;career;case_management;credentials;education;employment;financial_literacy;general_support;job_training;life_skills;paid_work;postsecondary;transition_support,R016,The Warehouse,Teen Center / Engagement,New Castle,13,24,education;employment,22,Medium,Membership / program enrollment,https://teenwarehouse.org/
YP-0206,13,New Castle,GED;career;case_management;credentials;education;employment;financial_literacy;general_support;job_training;life_skills;paid_work;postsecondary;transition_support,R018,Boys & Girls Clubs of Delaware - Education and Career,Education & Career,Statewide,6,18,career,12,Medium,Join local club / program inquiry,https://www.bgclubs.org/education-and-career
YP-0206,13,New Castle,GED;career;case_management;credentials;education;employment;financial_literacy;general_support;job_training;life_skills;paid_work;postsecondary;transition_support,R055,Delaware LGBTQ+ Resources and Organizations,LGBTQ+ Support,Statewide,0,99,education,12,Medium,Resource navigation,https://history.delaware.gov/lgbtq-history/local-lgbtq-resources-and-organizations/
YP-0206,13,New Castle,GED;career;case_management;credentials;education;employment;financial_literacy;general_support;job_training;life_skills;paid_work;postsecondary;transition_support,R046,Junior Achievement of Delaware,Financial Literacy & Career,Statewide,5,18,financial_literacy,12,Medium,School/community program inquiry,https://delaware.ja.org/
YP-0207,19,New Castle,academic_support;career;career_readiness;case_management;education;employment;financial_literacy;general_support;independent_living;life_skills;professional_skills;resume;transition_support;young_adults,R003,West End Neighborhood House Life Lines,Housing & Case Management,Statewide,16,23,case_management;education;employment;financial_literacy;life_skills,53,High,Referral or program inquiry,https://westendnh.org/programs/life-lines/
YP-0207,19,New Castle,academic_support;career;career_readiness;case_management;education;employment;financial_literacy;general_support;independent_living;life_skills;professional_skills;resume;transition_support;young_adults,R005,People's Place Independent Living,Independent Living,Statewide,16,23,case_management;life_skills;transition_support,33,High,DFS referral or self-referral for 18-23,https://peoplesplace2.com/services/independent-living
YP-0207,19,New Castle,academic_support;career;career_readiness;case_management;education;employment;financial_literacy;general_support;independent_living;life_skills;professional_skills;resume;transition_support;young_adults,R001,DSCYF Independent Living Services,Independent Living,Statewide,14,21,life_skills;transition_support,23,High,Caseworker/DFS referral,https://kids.delaware.gov/family-services/independent-living/
YP-0207,19,New Castle,academic_support;career;career_readiness;case_management;education;employment;financial_literacy;general_support;independent_living;life_skills;professional_skills;resume;transition_support;young_adults,R007,Delaware 211,Resource Navigation,Statewide,0,99,education;general_support,23,High,"Call 211, text zip code to 898-211, or use website",https://delaware211.org/
YP-0207,19,New Castle,academic_support;career;career_readiness;case_management;education;employment;financial_literacy;general_support;independent_living;life_skills;professional_skills;resume;transition_support;young_adults,R019,YMCA of Delaware Teen Workforce Development,Employment,Statewide,15,19,professional_skills;resume,23,High,Interest form / program enrollment,https://www.ymcade.org/teen-workforce-development/
YP-0208,13,New Castle,career;career_pathway;education;employment;general_support;job_training;paid_work;postsecondary,R007,Delaware 211,Resource Navigation,Statewide,0,99,education;general_support,23,High,"Call 211, text zip code to 898-211, or use website",https://delaware211.org/
YP-0208,13,New Castle,career;career_pathway;education;employment;general_support;job_training;paid_work;postsecondary,R016,The Warehouse,Teen Center / Engagement,New Castle,13,24,education;employment,22,Medium,Membership / program enrollment,https://teenwarehouse.org/
YP-0208,13,New Castle,career;career_pathway;education;employment;general_support;job_training;paid_work;postsecondary,R018,Boys & Girls Clubs of Delaware - Education and Career,Education & Career,Statewide,6,18,career,12,Medium,Join local club / program inquiry,https://www.bgclubs.org/education-and-career
YP-0208,13,New Castle,career;career_pathway;education;employment;general_support;job_training;paid_work;postsecondary,R055,Delaware LGBTQ+ Resources and Organizations,LGBTQ+ Support,Statewide,0,99,education,12,Medium,Resource navigation,https://history.delaware.gov/lgbtq-history/local-lgbtq-resources-and-organizations/
YP-0208,13,New Castle,career;career_pathway;education;employment;general_support;job_training;paid_work;postsecondary,R042,Mental Health Association in Delaware,Mental Health,Statewide,0,99,education,12,Medium,Program inquiry / referral,https://www.mhainde.org/
YP-0209,13,Sussex,career;career_pathway;case_management;college;employment;financial_literacy;general_support;homelessness;housing;independent_living;job_training;life_skills;paid_work;postsecondary;transition_support,R007,Delaware 211,Resource Navigation,Statewide,0,99,general_support;housing,23,High,"Call 211, text zip code to 898-211, or use website",https://delaware211.org/
YP-0209,13,Sussex,career;career_pathway;case_management;college;employment;financial_literacy;general_support;homelessness;housing;independent_living;job_training;life_skills;paid_work;postsecondary;transition_support,R018,Boys & Girls Clubs of Delaware - Education and Career,Education & Career,Statewide,6,18,career,12,Medium,Join local club / program inquiry,https://www.bgclubs.org/education-and-career
YP-0209,13,Sussex,career;career_pathway;case_management;college;employment;financial_literacy;general_support;homelessness;housing;independent_living;job_training;life_skills;paid_work;postsecondary;transition_support,R046,Junior Achievement of Delaware,Financial Literacy & Career,Statewide,5,18,financial_literacy,12,Medium,School/community program inquiry,https://delaware.ja.org/
YP-0210,13,New Castle,career;career_pathway;case_management;college;employment;general_support;homelessness;housing;independent_living;job_training;paid_work;postsecondary,R007,Delaware 211,Resource Navigation,Statewide,0,99,general_support;housing,23,High,"Call 211, text zip code to 898-211, or use website",https://delaware211.org/
YP-0210,13,New Castle,career;career_pathway;case_management;college;employment;general_support;homelessness;housing;independent_living;job_training;paid_work;postsecondary,R018,Boys & Girls Clubs of Delaware - Education and Career,Education & Career,Statewide,6,18,career,12,Medium,Join local club / program inquiry,https://www.bgclubs.org/education-and-career
YP-0210,13,New Castle,career;career_pathway;case_management;college;employment;general_support;homelessness;housing;independent_living;job_training;paid_work;postsecondary,R016,The Warehouse,Teen Center / Engagement,New Castle,13,24,employment,12,Medium,Membership / program enrollment,https://teenwarehouse.org/
YP-0211,18,New Castle,career;career_pathway;case_management;education;employment;financial_literacy;general_support;homelessness;housing;independent_living;internship;life_skills;postsecondary;professional_skills;transition_support;young_adults,R003,West End Neighborhood House Life Lines,Housing & Case Management,Statewide,16,23,case_management;education;employment;financial_literacy;housing;life_skills,63,High,Referral or program inquiry,https://westendnh.org/programs/life-lines/
YP-0211,18,New Castle,career;career_pathway;case_management;education;employment;financial_literacy;general_support;homelessness;housing;independent_living;internship;life_skills;postsecondary;professional_skills;transition_support;young_adults,R001,DSCYF Independent Living Services,Independent Living,Statewide,14,21,housing;life_skills;transition_support,33,High,Caseworker/DFS referral,https://kids.delaware.gov/family-services/independent-living/
YP-0211,18,New Castle,career;career_pathway;case_management;education;employment;financial_literacy;general_support;homelessness;housing;independent_living;internship;life_skills;postsecondary;professional_skills;transition_support;young_adults,R007,Delaware 211,Resource Navigation,Statewide,0,99,education;general_support;housing,33,High,"Call 211, text zip code to 898-211, or use website",https://delaware211.org/
YP-0211,18,New Castle,career;career_pathway;case_management;education;employment;financial_literacy;general_support;homelessness;housing;independent_living;internship;life_skills;postsecondary;professional_skills;transition_support;young_adults,R005,People's Place Independent Living,Independent Living,Statewide,16,23,case_management;life_skills;transition_support,33,High,DFS referral or self-referral for 18-23,https://peoplesplace2.com/services/independent-living
YP-0211,18,New Castle,career;career_pathway;case_management;education;employment;financial_literacy;general_support;homelessness;housing;independent_living;internship;life_skills;postsecondary;professional_skills;transition_support;young_adults,R002,DSCYF ASSIST / Aftercare 18-21,Aftercare,Statewide,18,21,housing;independent_living,23,High,Caseworker/DFS referral,https://kids.delaware.gov/family-services/il-provider-resources/
YP-0212,18,New Castle,career;career_pathway;case_management;college;community;employment;general_support;homelessness;housing;independent_living;job_training;mentorship;paid_work;positive_adult;postsecondary;young_adults,R022,West End Education and Employment Department,Employment & Education,New Castle,16,24,career_pathway;paid_work;postsecondary,33,High,Program inquiry,https://westendnh.org/programs/academic-education/
YP-0212,18,New Castle,career;career_pathway;case_management;college;community;employment;general_support;homelessness;housing;independent_living;job_training;mentorship;paid_work;positive_adult;postsecondary;young_adults,R003,West End Neighborhood House Life Lines,Housing & Case Management,Statewide,16,23,case_management;employment;housing,33,High,Referral or program inquiry,https://westendnh.org/programs/life-lines/
YP-0212,18,New Castle,career;career_pathway;case_management;college;community;employment;general_support;homelessness;housing;independent_living;job_training;mentorship;paid_work;positive_adult;postsecondary;young_adults,R016,The Warehouse,Teen Center / Engagement,New Castle,13,24,community;employment;mentorship,32,Medium,Membership / program enrollment,https://teenwarehouse.org/
YP-0212,18,New Castle,career;career_pathway;case_management;college;community;employment;general_support;homelessness;housing;independent_living;job_training;mentorship;paid_work;positive_adult;postsecondary;young_adults,R017,Big Brothers Big Sisters of Delaware,Mentorship,Statewide,6,18,mentorship;positive_adult,23,High,Enroll youth / mentor match inquiry,https://bbbsde.org/
YP-0212,18,New Castle,career;career_pathway;case_management;college;community;employment;general_support;homelessness;housing;independent_living;job_training;mentorship;paid_work;positive_adult;postsecondary;young_adults,R002,DSCYF ASSIST / Aftercare 18-21,Aftercare,Statewide,18,21,housing;independent_living,23,High,Caseworker/DFS referral,https://kids.delaware.gov/family-services/il-provider-resources/
YP-0213,19,New Castle,career;career_pathway;case_management;college;employment;financial_literacy;general_support;homelessness;housing;independent_living;life_skills;postsecondary;professional_skills;resume;transition_support;young_adults,R003,West End Neighborhood House Life Lines,Housing & Case Management,Statewide,16,23,case_management;employment;financial_literacy;housing;life_skills,53,High,Referral or program inquiry,https://westendnh.org/programs/life-lines/
YP-0213,19,New Castle,career;career_pathway;case_management;college;employment;financial_literacy;general_support;homelessness;housing;independent_living;life_skills;postsecondary;professional_skills;resume;transition_support;young_adults,R001,DSCYF Independent Living Services,Independent Living,Statewide,14,21,housing;life_skills;transition_support,33,High,Caseworker/DFS referral,https://kids.delaware.gov/family-services/independent-living/
YP-0213,19,New Castle,career;career_pathway;case_management;college;employment;financial_literacy;general_support;homelessness;housing;independent_living;life_skills;postsecondary;professional_skills;resume;transition_support;young_adults,R005,People's Place Independent Living,Independent Living,Statewide,16,23,case_management;life_skills;transition_support,33,High,DFS referral or self-referral for 18-23,https://peoplesplace2.com/services/independent-living
YP-0213,19,New Castle,career;career_pathway;case_management;college;employment;financial_literacy;general_support;homelessness;housing;independent_living;life_skills;postsecondary;professional_skills;resume;transition_support;young_adults,R002,DSCYF ASSIST / Aftercare 18-21,Aftercare,Statewide,18,21,housing;independent_living,23,High,Caseworker/DFS referral,https://kids.delaware.gov/family-services/il-provider-resources/
YP-0213,19,New Castle,career;career_pathway;case_management;college;employment;financial_literacy;general_support;homelessness;housing;independent_living;life_skills;postsecondary;professional_skills;resume;transition_support;young_adults,R007,Delaware 211,Resource Navigation,Statewide,0,99,general_support;housing,23,High,"Call 211, text zip code to 898-211, or use website",https://delaware211.org/
YP-0214,14,New Castle,GED;career;case_management;credentials;education;employment;general_support;homelessness;housing;independent_living;postsecondary;professional_skills;resume,R007,Delaware 211,Resource Navigation,Statewide,0,99,education;general_support;housing,33,High,"Call 211, text zip code to 898-211, or use website",https://delaware211.org/
YP-0214,14,New Castle,GED;career;case_management;credentials;education;employment;general_support;homelessness;housing;independent_living;postsecondary;professional_skills;resume,R016,The Warehouse,Teen Center / Engagement,New Castle,13,24,education;employment,22,Medium,Membership / program enrollment,https://teenwarehouse.org/
YP-0214,14,New Castle,GED;career;case_management;credentials;education;employment;general_support;homelessness;housing;independent_living;postsecondary;professional_skills;resume,R001,DSCYF Independent Living Services,Independent Living,Statewide,14,21,housing,13,High,Caseworker/DFS referral,https://kids.delaware.gov/family-services/independent-living/
YP-0214,14,New Castle,GED;career;case_management;credentials;education;employment;general_support;homelessness;housing;independent_living;postsecondary;professional_skills;resume,R025,Delaware Department of Labor - Vocational Rehabilitation Transition Services,Disability / Employment,Statewide,14,24,employment,13,High,DVR referral / school referral,https://labor.delaware.gov/divisions/dvr/transition-services/
YP-0214,14,New Castle,GED;career;case_management;credentials;education;employment;general_support;homelessness;housing;independent_living;postsecondary;professional_skills;resume,R018,Boys & Girls Clubs of Delaware - Education and Career,Education & Career,Statewide,6,18,career,12,Medium,Join local club / program inquiry,https://www.bgclubs.org/education-and-career
YP-0215,13,New Castle,academic_support;career_readiness;community;education;general_support;mentorship;positive_adult,R016,The Warehouse,Teen Center / Engagement,New Castle,13,24,community;education;mentorship,32,Medium,Membership / program enrollment,https://teenwarehouse.org/
YP-0215,13,New Castle,academic_support;career_readiness;community;education;general_support;mentorship;positive_adult,R017,Big Brothers Big Sisters of Delaware,Mentorship,Statewide,6,18,mentorship;positive_adult,23,High,Enroll youth / mentor match inquiry,https://bbbsde.org/
YP-0215,13,New Castle,academic_support;career_readiness;community;education;general_support;mentorship;positive_adult,R007,Delaware 211,Resource Navigation,Statewide,0,99,education;general_support,23,High,"Call 211, text zip code to 898-211, or use website",https://delaware211.org/
YP-0215,13,New Castle,academic_support;career_readiness;community;education;general_support;mentorship;positive_adult,R018,Boys & Girls Clubs of Delaware - Education and Career,Education & Career,Statewide,6,18,academic_support,12,Medium,Join local club / program inquiry,https://www.bgclubs.org/education-and-career
YP-0215,13,New Castle,academic_support;career_readiness;community;education;general_support;mentorship;positive_adult,R055,Delaware LGBTQ+ Resources and Organizations,LGBTQ+ Support,Statewide,0,99,education,12,Medium,Resource navigation,https://history.delaware.gov/lgbtq-history/local-lgbtq-resources-and-organizations/
YP-0216,18,New Castle,academic_support;career;career_readiness;case_management;education;employment;financial_literacy;general_support;homelessness;housing;independent_living;job_training;life_skills;paid_work;transition_support;young_adults,R003,West End Neighborhood House Life Lines,Housing & Case Management,Statewide,16,23,case_management;education;employment;financial_literacy;housing;life_skills,63,High,Referral or program inquiry,https://westendnh.org/programs/life-lines/
YP-0216,18,New Castle,academic_support;career;career_readiness;case_management;education;employment;financial_literacy;general_support;homelessness;housing;independent_living;job_training;life_skills;paid_work;transition_support;young_adults,R001,DSCYF Independent Living Services,Independent Living,Statewide,14,21,housing;life_skills;transition_support,33,High,Caseworker/DFS referral,https://kids.delaware.gov/family-services/independent-living/
YP-0216,18,New Castle,academic_support;career;career_readiness;case_management;education;employment;financial_literacy;general_support;homelessness;housing;independent_living;job_training;life_skills;paid_work;transition_support;young_adults,R007,Delaware 211,Resource Navigation,Statewide,0,99,education;general_support;housing,33,High,"Call 211, text zip code to 898-211, or use website",https://delaware211.org/
YP-0216,18,New Castle,academic_support;career;career_readiness;case_management;education;employment;financial_literacy;general_support;homelessness;housing;independent_living;job_training;life_skills;paid_work;transition_support;young_adults,R005,People's Place Independent Living,Independent Living,Statewide,16,23,case_management;life_skills;transition_support,33,High,DFS referral or self-referral for 18-23,https://peoplesplace2.com/services/independent-living
YP-0216,18,New Castle,academic_support;career;career_readiness;case_management;education;employment;financial_literacy;general_support;homelessness;housing;independent_living;job_training;life_skills;paid_work;transition_support;young_adults,R002,DSCYF ASSIST / Aftercare 18-21,Aftercare,Statewide,18,21,housing;independent_living,23,High,Caseworker/DFS referral,https://kids.delaware.gov/family-services/il-provider-resources/
YP-0217,15,New Castle,career_pathway;case_management;community;education;general_support;homelessness;housing;independent_living;mentorship;positive_adult;postsecondary,R007,Delaware 211,Resource Navigation,Statewide,0,99,education;general_support;housing,33,High,"Call 211, text zip code to 898-211, or use website",https://delaware211.org/
YP-0217,15,New Castle,career_pathway;case_management;community;education;general_support;homelessness;housing;independent_living;mentorship;positive_adult;postsecondary,R016,The Warehouse,Teen Center / Engagement,New Castle,13,24,community;education;mentorship,32,Medium,Membership / program enrollment,https://teenwarehouse.org/
YP-0217,15,New Castle,career_pathway;case_management;community;education;general_support;homelessness;housing;independent_living;mentorship;positive_adult;postsecondary,R017,Big Brothers Big Sisters of Delaware,Mentorship,Statewide,6,18,mentorship;positive_adult,23,High,Enroll youth / mentor match inquiry,https://bbbsde.org/
YP-0217,15,New Castle,career_pathway;case_management;community;education;general_support;homelessness;housing;independent_living;mentorship;positive_adult;postsecondary,R001,DSCYF Independent Living Services,Independent Living,Statewide,14,21,housing;mentorship,23,High,Caseworker/DFS referral,https://kids.delaware.gov/family-services/independent-living/
YP-0217,15,New Castle,career_pathway;case_management;community;education;general_support;homelessness;housing;independent_living;mentorship;positive_adult;postsecondary,R055,Delaware LGBTQ+ Resources and Organizations,LGBTQ+ Support,Statewide,0,99,education,12,Medium,Resource navigation,https://history.delaware.gov/lgbtq-history/local-lgbtq-resources-and-organizations/
YP-0218,18,New Castle,career;career_pathway;case_management;education;employment;general_support;homelessness;housing;independent_living;job_training;paid_work;postsecondary;young_adults,R003,West End Neighborhood House Life Lines,Housing & Case Management,Statewide,16,23,case_management;education;employment;housing,43,High,Referral or program inquiry,https://westendnh.org/programs/life-lines/
YP-0218,18,New Castle,career;career_pathway;case_management;education;employment;general_support;homelessness;housing;independent_living;job_training;paid_work;postsecondary;young_adults,R007,Delaware 211,Resource Navigation,Statewide,0,99,education;general_support;housing,33,High,"Call 211, text zip code to 898-211, or use website",https://delaware211.org/
YP-0218,18,New Castle,career;career_pathway;case_management;education;employment;general_support;homelessness;housing;independent_living;job_training;paid_work;postsecondary;young_adults,R022,West End Education and Employment Department,Employment & Education,New Castle,16,24,career_pathway;paid_work;postsecondary,33,High,Program inquiry,https://westendnh.org/programs/academic-education/
YP-0218,18,New Castle,career;career_pathway;case_management;education;employment;general_support;homelessness;housing;independent_living;job_training;paid_work;postsecondary;young_adults,R002,DSCYF ASSIST / Aftercare 18-21,Aftercare,Statewide,18,21,housing;independent_living,23,High,Caseworker/DFS referral,https://kids.delaware.gov/family-services/il-provider-resources/
YP-0218,18,New Castle,career;career_pathway;case_management;education;employment;general_support;homelessness;housing;independent_living;job_training;paid_work;postsecondary;young_adults,R004,West End Life Lines Transitional Housing,Housing,Statewide,18,23,case_management;homelessness,23,High,Referral / eligibility screening,https://westendnh.org/programs/life-lines-programs/
YP-0219,17,New Castle,academic_support;career;career_readiness;case_management;education;employment;financial_literacy;general_support;life_skills;professional_skills;resume;transition_support,R003,West End Neighborhood House Life Lines,Housing & Case Management,Statewide,16,23,case_management;education;employment;financial_literacy;life_skills,53,High,Referral or program inquiry,https://westendnh.org/programs/life-lines/
YP-0219,17,New Castle,academic_support;career;career_readiness;case_management;education;employment;financial_literacy;general_support;life_skills;professional_skills;resume;transition_support,R005,People's Place Independent Living,Independent Living,Statewide,16,23,case_management;life_skills;transition_support,33,High,DFS referral or self-referral for 18-23,https://peoplesplace2.com/services/independent-living
YP-0219,17,New Castle,academic_support;career;career_readiness;case_management;education;employment;financial_literacy;general_support;life_skills;professional_skills;resume;transition_support,R001,DSCYF Independent Living Services,Independent Living,Statewide,14,21,life_skills;transition_support,23,High,Caseworker/DFS referral,https://kids.delaware.gov/family-services/independent-living/
YP-0219,17,New Castle,academic_support;career;career_readiness;case_management;education;employment;financial_literacy;general_support;life_skills;professional_skills;resume;transition_support,R007,Delaware 211,Resource Navigation,Statewide,0,99,education;general_support,23,High,"Call 211, text zip code to 898-211, or use website",https://delaware211.org/
YP-0219,17,New Castle,academic_support;career;career_readiness;case_management;education;employment;financial_literacy;general_support;life_skills;professional_skills;resume;transition_support,R019,YMCA of Delaware Teen Workforce Development,Employment,Statewide,15,19,professional_skills;resume,23,High,Interest form / program enrollment,https://www.ymcade.org/teen-workforce-development/
YP-0220,18,New Castle,career;career_pathway;case_management;education;employment;financial_literacy;general_support;independent_living;job_training;life_skills;paid_work;postsecondary;transition_support;young_adults,R003,West End Neighborhood House Life Lines,Housing & Case Management,Statewide,16,23,case_management;education;employment;financial_literacy;life_skills,53,High,Referral or program inquiry,https://westendnh.org/programs/life-lines/
YP-0220,18,New Castle,career;career_pathway;case_management;education;employment;financial_literacy;general_support;independent_living;job_training;life_skills;paid_work;postsecondary;transition_support;young_adults,R005,People's Place Independent Living,Independent Living,Statewide,16,23,case_management;life_skills;transition_support,33,High,DFS referral or self-referral for 18-23,https://peoplesplace2.com/services/independent-living
YP-0220,18,New Castle,career;career_pathway;case_management;education;employment;financial_literacy;general_support;independent_living;job_training;life_skills;paid_work;postsecondary;transition_support;young_adults,R022,West End Education and Employment Department,Employment & Education,New Castle,16,24,career_pathway;paid_work;postsecondary,33,High,Program inquiry,https://westendnh.org/programs/academic-education/
YP-0220,18,New Castle,career;career_pathway;case_management;education;employment;financial_literacy;general_support;independent_living;job_training;life_skills;paid_work;postsecondary;transition_support;young_adults,R001,DSCYF Independent Living Services,Independent Living,Statewide,14,21,life_skills;transition_support,23,High,Caseworker/DFS referral,https://kids.delaware.gov/family-services/independent-living/
YP-0220,18,New Castle,career;career_pathway;case_management;education;employment;financial_literacy;general_support;independent_living;job_training;life_skills;paid_work;postsecondary;transition_support;young_adults,R007,Delaware 211,Resource Navigation,Statewide,0,99,education;general_support,23,High,"Call 211, text zip code to 898-211, or use website",https://delaware211.org/
YP-0221,16,New Castle,academic_support;career;career_readiness;case_management;education;employment;financial_literacy;general_support;homelessness;housing;independent_living;job_training;life_skills;paid_work;transition_support,R003,West End Neighborhood House Life Lines,Housing & Case Management,Statewide,16,23,case_management;education;employment;financial_literacy;housing;life_skills,63,High,Referral or program inquiry,https://westendnh.org/programs/life-lines/
YP-0221,16,New Castle,academic_support;career;career_readiness;case_management;education;employment;financial_literacy;general_support;homelessness;housing;independent_living;job_training;life_skills;paid_work;transition_support,R001,DSCYF Independent Living Services,Independent Living,Statewide,14,21,housing;life_skills;transition_support,33,High,Caseworker/DFS referral,https://kids.delaware.gov/family-services/independent-living/
YP-0221,16,New Castle,academic_support;career;career_readiness;case_management;education;employment;financial_literacy;general_support;homelessness;housing;independent_living;job_training;life_skills;paid_work;transition_support,R007,Delaware 211,Resource Navigation,Statewide,0,99,education;general_support;housing,33,High,"Call 211, text zip code to 898-211, or use website",https://delaware211.org/
YP-0221,16,New Castle,academic_support;career;career_readiness;case_management;education;employment;financial_literacy;general_support;homelessness;housing;independent_living;job_training;life_skills;paid_work;transition_support,R005,People's Place Independent Living,Independent Living,Statewide,16,23,case_management;life_skills;transition_support,33,High,DFS referral or self-referral for 18-23,https://peoplesplace2.com/services/independent-living
YP-0221,16,New Castle,academic_support;career;career_readiness;case_management;education;employment;financial_literacy;general_support;homelessness;housing;independent_living;job_training;life_skills;paid_work;transition_support,R018,Boys & Girls Clubs of Delaware - Education and Career,Education & Career,Statewide,6,18,academic_support;career,22,Medium,Join local club / program inquiry,https://www.bgclubs.org/education-and-career
YP-0222,19,New Castle,career_pathway;case_management;college;financial_literacy;general_support;homelessness;housing;independent_living;life_skills;postsecondary;transition_support;young_adults,R003,West End Neighborhood House Life Lines,Housing & Case Management,Statewide,16,23,case_management;financial_literacy;housing;life_skills,43,High,Referral or program inquiry,https://westendnh.org/programs/life-lines/
YP-0222,19,New Castle,career_pathway;case_management;college;financial_literacy;general_support;homelessness;housing;independent_living;life_skills;postsecondary;transition_support;young_adults,R001,DSCYF Independent Living Services,Independent Living,Statewide,14,21,housing;life_skills;transition_support,33,High,Caseworker/DFS referral,https://kids.delaware.gov/family-services/independent-living/
YP-0222,19,New Castle,career_pathway;case_management;college;financial_literacy;general_support;homelessness;housing;independent_living;life_skills;postsecondary;transition_support;young_adults,R005,People's Place Independent Living,Independent Living,Statewide,16,23,case_management;life_skills;transition_support,33,High,DFS referral or self-referral for 18-23,https://peoplesplace2.com/services/independent-living
YP-0222,19,New Castle,career_pathway;case_management;college;financial_literacy;general_support;homelessness;housing;independent_living;life_skills;postsecondary;transition_support;young_adults,R002,DSCYF ASSIST / Aftercare 18-21,Aftercare,Statewide,18,21,housing;independent_living,23,High,Caseworker/DFS referral,https://kids.delaware.gov/family-services/il-provider-resources/
YP-0222,19,New Castle,career_pathway;case_management;college;financial_literacy;general_support;homelessness;housing;independent_living;life_skills;postsecondary;transition_support;young_adults,R007,Delaware 211,Resource Navigation,Statewide,0,99,general_support;housing,23,High,"Call 211, text zip code to 898-211, or use website",https://delaware211.org/
YP-0223,14,New Castle,GED;career;case_management;credentials;education;employment;financial_literacy;general_support;homelessness;housing;independent_living;job_training;life_skills;paid_work;postsecondary;transition_support,R001,DSCYF Independent Living Services,Independent Living,Statewide,14,21,housing;life_skills;transition_support,33,High,Caseworker/DFS referral,https://kids.delaware.gov/family-services/independent-living/
YP-0223,14,New Castle,GED;career;case_management;credentials;education;employment;financial_literacy;general_support;homelessness;housing;independent_living;job_training;life_skills;paid_work;postsecondary;transition_support,R007,Delaware 211,Resource Navigation,Statewide,0,99,education;general_support;housing,33,High,"Call 211, text zip code to 898-211, or use website",https://delaware211.org/
YP-0223,14,New Castle,GED;career;case_management;credentials;education;employment;financial_literacy;general_support;homelessness;housing;independent_living;job_training;life_skills;paid_work;postsecondary;transition_support,R016,The Warehouse,Teen Center / Engagement,New Castle,13,24,education;employment,22,Medium,Membership / program enrollment,https://teenwarehouse.org/
YP-0223,14,New Castle,GED;career;case_management;credentials;education;employment;financial_literacy;general_support;homelessness;housing;independent_living;job_training;life_skills;paid_work;postsecondary;transition_support,R025,Delaware Department of Labor - Vocational Rehabilitation Transition Services,Disability / Employment,Statewide,14,24,employment,13,High,DVR referral / school referral,https://labor.delaware.gov/divisions/dvr/transition-services/
YP-0223,14,New Castle,GED;career;case_management;credentials;education;employment;financial_literacy;general_support;homelessness;housing;independent_living;job_training;life_skills;paid_work;postsecondary;transition_support,R018,Boys & Girls Clubs of Delaware - Education and Career,Education & Career,Statewide,6,18,career,12,Medium,Join local club / program inquiry,https://www.bgclubs.org/education-and-career
YP-0224,16,New Castle,academic_support;career;career_readiness;case_management;education;employment;financial_literacy;general_support;homelessness;housing;independent_living;job_training;life_skills;paid_work;transition_support,R003,West End Neighborhood House Life Lines,Housing & Case Management,Statewide,16,23,case_management;education;employment;financial_literacy;housing;life_skills,63,High,Referral or program inquiry,https://westendnh.org/programs/life-lines/
YP-0224,16,New Castle,academic_support;career;career_readiness;case_management;education;employment;financial_literacy;general_support;homelessness;housing;independent_living;job_training;life_skills;paid_work;transition_support,R001,DSCYF Independent Living Services,Independent Living,Statewide,14,21,housing;life_skills;transition_support,33,High,Caseworker/DFS referral,https://kids.delaware.gov/family-services/independent-living/
YP-0224,16,New Castle,academic_support;career;career_readiness;case_management;education;employment;financial_literacy;general_support;homelessness;housing;independent_living;job_training;life_skills;paid_work;transition_support,R007,Delaware 211,Resource Navigation,Statewide,0,99,education;general_support;housing,33,High,"Call 211, text zip code to 898-211, or use website",https://delaware211.org/
YP-0224,16,New Castle,academic_support;career;career_readiness;case_management;education;employment;financial_literacy;general_support;homelessness;housing;independent_living;job_training;life_skills;paid_work;transition_support,R005,People's Place Independent Living,Independent Living,Statewide,16,23,case_management;life_skills;transition_support,33,High,DFS referral or self-referral for 18-23,https://peoplesplace2.com/services/independent-living
YP-0224,16,New Castle,academic_support;career;career_readiness;case_management;education;employment;financial_literacy;general_support;homelessness;housing;independent_living;job_training;life_skills;paid_work;transition_support,R018,Boys & Girls Clubs of Delaware - Education and Career,Education & Career,Statewide,6,18,academic_support;career,22,Medium,Join local club / program inquiry,https://www.bgclubs.org/education-and-career
YP-0225,15,New Castle,academic_support;career;career_readiness;education;employment;general_support;internship;professional_skills,R007,Delaware 211,Resource Navigation,Statewide,0,99,education;general_support,23,High,"Call 211, text zip code to 898-211, or use website",https://delaware211.org/
YP-0225,15,New Castle,academic_support;career;career_readiness;education;employment;general_support;internship;professional_skills,R019,YMCA of Delaware Teen Workforce Development,Employment,Statewide,15,19,internship;professional_skills,23,High,Interest form / program enrollment,https://www.ymcade.org/teen-workforce-development/
YP-0225,15,New Castle,academic_support;career;career_readiness;education;employment;general_support;internship;professional_skills,R018,Boys & Girls Clubs of Delaware - Education and Career,Education & Career,Statewide,6,18,academic_support;career,22,Medium,Join local club / program inquiry,https://www.bgclubs.org/education-and-career
YP-0225,15,New Castle,academic_support;career;career_readiness;education;employment;general_support;internship;professional_skills,R016,The Warehouse,Teen Center / Engagement,New Castle,13,24,education;employment,22,Medium,Membership / program enrollment,https://teenwarehouse.org/
YP-0225,15,New Castle,academic_support;career;career_readiness;education;employment;general_support;internship;professional_skills,R025,Delaware Department of Labor - Vocational Rehabilitation Transition Services,Disability / Employment,Statewide,14,24,employment,13,High,DVR referral / school referral,https://labor.delaware.gov/divisions/dvr/transition-services/
YP-0226,15,New Castle,academic_support;career;career_readiness;case_management;education;employment;financial_literacy;general_support;life_skills;professional_skills;resume;transition_support,R001,DSCYF Independent Living Services,Independent Living,Statewide,14,21,life_skills;transition_support,23,High,Caseworker/DFS referral,https://kids.delaware.gov/family-services/independent-living/
YP-0226,15,New Castle,academic_support;career;career_readiness;case_management;education;employment;financial_literacy;general_support;life_skills;professional_skills;resume;transition_support,R007,Delaware 211,Resource Navigation,Statewide,0,99,education;general_support,23,High,"Call 211, text zip code to 898-211, or use website",https://delaware211.org/
YP-0226,15,New Castle,academic_support;career;career_readiness;case_management;education;employment;financial_literacy;general_support;life_skills;professional_skills;resume;transition_support,R019,YMCA of Delaware Teen Workforce Development,Employment,Statewide,15,19,professional_skills;resume,23,High,Interest form / program enrollment,https://www.ymcade.org/teen-workforce-development/
YP-0226,15,New Castle,academic_support;career;career_readiness;case_management;education;employment;financial_literacy;general_support;life_skills;professional_skills;resume;transition_support,R018,Boys & Girls Clubs of Delaware - Education and Career,Education & Career,Statewide,6,18,academic_support;career,22,Medium,Join local club / program inquiry,https://www.bgclubs.org/education-and-career
YP-0226,15,New Castle,academic_support;career;career_readiness;case_management;education;employment;financial_literacy;general_support;life_skills;professional_skills;resume;transition_support,R046,Junior Achievement of Delaware,Financial Literacy & Career,Statewide,5,18,career_readiness;financial_literacy,22,Medium,School/community program inquiry,https://delaware.ja.org/
YP-0227,13,Sussex,academic_support;career_readiness;community;education;general_support;mentorship;positive_adult,R017,Big Brothers Big Sisters of Delaware,Mentorship,Statewide,6,18,mentorship;positive_adult,23,High,Enroll youth / mentor match inquiry,https://bbbsde.org/
YP-0227,13,Sussex,academic_support;career_readiness;community;education;general_support;mentorship;positive_adult,R007,Delaware 211,Resource Navigation,Statewide,0,99,education;general_support,23,High,"Call 211, text zip code to 898-211, or use website",https://delaware211.org/
YP-0227,13,Sussex,academic_support;career_readiness;community;education;general_support;mentorship;positive_adult,R018,Boys & Girls Clubs of Delaware - Education and Career,Education & Career,Statewide,6,18,academic_support,12,Medium,Join local club / program inquiry,https://www.bgclubs.org/education-and-career
YP-0227,13,Sussex,academic_support;career_readiness;community;education;general_support;mentorship;positive_adult,R055,Delaware LGBTQ+ Resources and Organizations,LGBTQ+ Support,Statewide,0,99,education,12,Medium,Resource navigation,https://history.delaware.gov/lgbtq-history/local-lgbtq-resources-and-organizations/
YP-0227,13,Sussex,academic_support;career_readiness;community;education;general_support;mentorship;positive_adult,R046,Junior Achievement of Delaware,Financial Literacy & Career,Statewide,5,18,career_readiness,12,Medium,School/community program inquiry,https://delaware.ja.org/
YP-0228,19,Sussex,academic_support;career_readiness;case_management;education;general_support;homelessness;housing;independent_living;young_adults,R007,Delaware 211,Resource Navigation,Statewide,0,99,education;general_support;housing,33,High,"Call 211, text zip code to 898-211, or use website",https://delaware211.org/
YP-0228,19,Sussex,academic_support;career_readiness;case_management;education;general_support;homelessness;housing;independent_living;young_adults,R003,West End Neighborhood House Life Lines,Housing & Case Management,Statewide,16,23,case_management;education;housing,33,High,Referral or program inquiry,https://westendnh.org/programs/life-lines/
YP-0228,19,Sussex,academic_support;career_readiness;case_management;education;general_support;homelessness;housing;independent_living;young_adults,R002,DSCYF ASSIST / Aftercare 18-21,Aftercare,Statewide,18,21,housing;independent_living,23,High,Caseworker/DFS referral,https://kids.delaware.gov/family-services/il-provider-resources/
YP-0228,19,Sussex,academic_support;career_readiness;case_management;education;general_support;homelessness;housing;independent_living;young_adults,R004,West End Life Lines Transitional Housing,Housing,Statewide,18,23,case_management;homelessness,23,High,Referral / eligibility screening,https://westendnh.org/programs/life-lines-programs/
YP-0228,19,Sussex,academic_support;career_readiness;case_management;education;general_support;homelessness;housing;independent_living;young_adults,R048,Community Legal Aid Society Inc. (CLASI),Legal Aid,Statewide,18,99,housing,13,High,Legal intake / eligibility screening,https://www.declasi.org/
YP-0229,18,Sussex,career;career_pathway;case_management;college;community;employment;financial_literacy;general_support;homelessness;housing;independent_living;internship;life_skills;mentorship;positive_adult;postsecondary;professional_skills;transition_support;young_adults,R003,West End Neighborhood House Life Lines,Housing & Case Management,Statewide,16,23,case_management;employment;financial_literacy;housing;life_skills,53,High,Referral or program inquiry,https://westendnh.org/programs/life-lines/
YP-0229,18,Sussex,career;career_pathway;case_management;college;community;employment;financial_literacy;general_support;homelessness;housing;independent_living;internship;life_skills;mentorship;positive_adult;postsecondary;professional_skills;transition_support;young_adults,R001,DSCYF Independent Living Services,Independent Living,Statewide,14,21,housing;life_skills;mentorship;transition_support,43,High,Caseworker/DFS referral,https://kids.delaware.gov/family-services/independent-living/
YP-0229,18,Sussex,career;career_pathway;case_management;college;community;employment;financial_literacy;general_support;homelessness;housing;independent_living;internship;life_skills;mentorship;positive_adult;postsecondary;professional_skills;transition_support;young_adults,R005,People's Place Independent Living,Independent Living,Statewide,16,23,case_management;life_skills;transition_support,33,High,DFS referral or self-referral for 18-23,https://peoplesplace2.com/services/independent-living
YP-0229,18,Sussex,career;career_pathway;case_management;college;community;employment;financial_literacy;general_support;homelessness;housing;independent_living;internship;life_skills;mentorship;positive_adult;postsecondary;professional_skills;transition_support;young_adults,R017,Big Brothers Big Sisters of Delaware,Mentorship,Statewide,6,18,mentorship;positive_adult,23,High,Enroll youth / mentor match inquiry,https://bbbsde.org/
YP-0229,18,Sussex,career;career_pathway;case_management;college;community;employment;financial_literacy;general_support;homelessness;housing;independent_living;internship;life_skills;mentorship;positive_adult;postsecondary;professional_skills;transition_support;young_adults,R002,DSCYF ASSIST / Aftercare 18-21,Aftercare,Statewide,18,21,housing;independent_living,23,High,Caseworker/DFS referral,https://kids.delaware.gov/family-services/il-provider-resources/
YP-0230,19,Sussex,academic_support;career;career_readiness;education;employment;general_support;independent_living;professional_skills;resume;young_adults,R007,Delaware 211,Resource Navigation,Statewide,0,99,education;general_support,23,High,"Call 211, text zip code to 898-211, or use website",https://delaware211.org/
YP-0230,19,Sussex,academic_support;career;career_readiness;education;employment;general_support;independent_living;professional_skills;resume;young_adults,R003,West End Neighborhood House Life Lines,Housing & Case Management,Statewide,16,23,education;employment,23,High,Referral or program inquiry,https://westendnh.org/programs/life-lines/
YP-0230,19,Sussex,academic_support;career;career_readiness;education;employment;general_support;independent_living;professional_skills;resume;young_adults,R019,YMCA of Delaware Teen Workforce Development,Employment,Statewide,15,19,professional_skills;resume,23,High,Interest form / program enrollment,https://www.ymcade.org/teen-workforce-development/
YP-0230,19,Sussex,academic_support;career;career_readiness;education;employment;general_support;independent_living;professional_skills;resume;young_adults,R002,DSCYF ASSIST / Aftercare 18-21,Aftercare,Statewide,18,21,independent_living,13,High,Caseworker/DFS referral,https://kids.delaware.gov/family-services/il-provider-resources/
YP-0230,19,Sussex,academic_support;career;career_readiness;education;employment;general_support;independent_living;professional_skills;resume;young_adults,R025,Delaware Department of Labor - Vocational Rehabilitation Transition Services,Disability / Employment,Statewide,14,24,employment,13,High,DVR referral / school referral,https://labor.delaware.gov/divisions/dvr/transition-services/
YP-0231,17,New Castle,academic_support;career;career_readiness;case_management;education;employment;financial_literacy;general_support;life_skills;professional_skills;resume;transition_support,R003,West End Neighborhood House Life Lines,Housing & Case Management,Statewide,16,23,case_management;education;employment;financial_literacy;life_skills,53,High,Referral or program inquiry,https://westendnh.org/programs/life-lines/
YP-0231,17,New Castle,academic_support;career;career_readiness;case_management;education;employment;financial_literacy;general_support;life_skills;professional_skills;resume;transition_support,R005,People's Place Independent Living,Independent Living,Statewide,16,23,case_management;life_skills;transition_support,33,High,DFS referral or self-referral for 18-23,https://peoplesplace2.com/services/independent-living
YP-0231,17,New Castle,academic_support;career;career_readiness;case_management;education;employment;financial_literacy;general_support;life_skills;professional_skills;resume;transition_support,R001,DSCYF Independent Living Services,Independent Living,Statewide,14,21,life_skills;transition_support,23,High,Caseworker/DFS referral,https://kids.delaware.gov/family-services/independent-living/
YP-0231,17,New Castle,academic_support;career;career_readiness;case_management;education;employment;financial_literacy;general_support;life_skills;professional_skills;resume;transition_support,R007,Delaware 211,Resource Navigation,Statewide,0,99,education;general_support,23,High,"Call 211, text zip code to 898-211, or use website",https://delaware211.org/
YP-0231,17,New Castle,academic_support;career;career_readiness;case_management;education;employment;financial_literacy;general_support;life_skills;professional_skills;resume;transition_support,R019,YMCA of Delaware Teen Workforce Development,Employment,Statewide,15,19,professional_skills;resume,23,High,Interest form / program enrollment,https://www.ymcade.org/teen-workforce-development/
YP-0232,19,New Castle,career_pathway;case_management;community;education;financial_literacy;general_support;homelessness;housing;independent_living;life_skills;mentorship;positive_adult;postsecondary;transition_support;young_adults,R003,West End Neighborhood House Life Lines,Housing & Case Management,Statewide,16,23,case_management;education;financial_literacy;housing;life_skills,53,High,Referral or program inquiry,https://westendnh.org/programs/life-lines/
YP-0232,19,New Castle,career_pathway;case_management;community;education;financial_literacy;general_support;homelessness;housing;independent_living;life_skills;mentorship;positive_adult;postsecondary;transition_support;young_adults,R001,DSCYF Independent Living Services,Independent Living,Statewide,14,21,housing;life_skills;mentorship;transition_support,43,High,Caseworker/DFS referral,https://kids.delaware.gov/family-services/independent-living/
YP-0232,19,New Castle,career_pathway;case_management;community;education;financial_literacy;general_support;homelessness;housing;independent_living;life_skills;mentorship;positive_adult;postsecondary;transition_support;young_adults,R007,Delaware 211,Resource Navigation,Statewide,0,99,education;general_support;housing,33,High,"Call 211, text zip code to 898-211, or use website",https://delaware211.org/
YP-0232,19,New Castle,career_pathway;case_management;community;education;financial_literacy;general_support;homelessness;housing;independent_living;life_skills;mentorship;positive_adult;postsecondary;transition_support;young_adults,R005,People's Place Independent Living,Independent Living,Statewide,16,23,case_management;life_skills;transition_support,33,High,DFS referral or self-referral for 18-23,https://peoplesplace2.com/services/independent-living
YP-0232,19,New Castle,career_pathway;case_management;community;education;financial_literacy;general_support;homelessness;housing;independent_living;life_skills;mentorship;positive_adult;postsecondary;transition_support;young_adults,R016,The Warehouse,Teen Center / Engagement,New Castle,13,24,community;education;mentorship,32,Medium,Membership / program enrollment,https://teenwarehouse.org/
YP-0233,17,Sussex,academic_support;career;career_readiness;case_management;education;employment;financial_literacy;general_support;homelessness;housing;independent_living;job_training;life_skills;paid_work;transition_support,R003,West End Neighborhood House Life Lines,Housing & Case Management,Statewide,16,23,case_management;education;employment;financial_literacy;housing;life_skills,63,High,Referral or program inquiry,https://westendnh.org/programs/life-lines/
YP-0233,17,Sussex,academic_support;career;career_readiness;case_management;education;employment;financial_literacy;general_support;homelessness;housing;independent_living;job_training;life_skills;paid_work;transition_support,R001,DSCYF Independent Living Services,Independent Living,Statewide,14,21,housing;life_skills;transition_support,33,High,Caseworker/DFS referral,https://kids.delaware.gov/family-services/independent-living/
YP-0233,17,Sussex,academic_support;career;career_readiness;case_management;education;employment;financial_literacy;general_support;homelessness;housing;independent_living;job_training;life_skills;paid_work;transition_support,R007,Delaware 211,Resource Navigation,Statewide,0,99,education;general_support;housing,33,High,"Call 211, text zip code to 898-211, or use website",https://delaware211.org/
YP-0233,17,Sussex,academic_support;career;career_readiness;case_management;education;employment;financial_literacy;general_support;homelessness;housing;independent_living;job_training;life_skills;paid_work;transition_support,R005,People's Place Independent Living,Independent Living,Statewide,16,23,case_management;life_skills;transition_support,33,High,DFS referral or self-referral for 18-23,https://peoplesplace2.com/services/independent-living
YP-0233,17,Sussex,academic_support;career;career_readiness;case_management;education;employment;financial_literacy;general_support;homelessness;housing;independent_living;job_training;life_skills;paid_work;transition_support,R018,Boys & Girls Clubs of Delaware - Education and Career,Education & Career,Statewide,6,18,academic_support;career,22,Medium,Join local club / program inquiry,https://www.bgclubs.org/education-and-career
YP-0234,16,New Castle,career_pathway;college;general_support;postsecondary,R022,West End Education and Employment Department,Employment & Education,New Castle,16,24,career_pathway;postsecondary,23,High,Program inquiry,https://westendnh.org/programs/academic-education/
YP-0234,16,New Castle,career_pathway;college;general_support;postsecondary,R007,Delaware 211,Resource Navigation,Statewide,0,99,general_support,13,High,"Call 211, text zip code to 898-211, or use website",https://delaware211.org/
YP-0234,16,New Castle,career_pathway;college;general_support;postsecondary,R061,Delaware Parent Resources - Higher Education Guide,Education Navigation,Statewide,14,24,college,11,Low,Website navigation / caseworker support,https://delaware.gov/guides/parent-resources/
YP-0235,18,New Castle,academic_support;career;career_readiness;case_management;community;education;employment;financial_literacy;general_support;homelessness;housing;independent_living;job_training;life_skills;mentorship;paid_work;positive_adult;transition_support;young_adults,R003,West End Neighborhood House Life Lines,Housing & Case Management,Statewide,16,23,case_management;education;employment;financial_literacy;housing;life_skills,63,High,Referral or program inquiry,https://westendnh.org/programs/life-lines/
YP-0235,18,New Castle,academic_support;career;career_readiness;case_management;community;education;employment;financial_literacy;general_support;homelessness;housing;independent_living;job_training;life_skills;mentorship;paid_work;positive_adult;transition_support;young_adults,R001,DSCYF Independent Living Services,Independent Living,Statewide,14,21,housing;life_skills;mentorship;transition_support,43,High,Caseworker/DFS referral,https://kids.delaware.gov/family-services/independent-living/
YP-0235,18,New Castle,academic_support;career;career_readiness;case_management;community;education;employment;financial_literacy;general_support;homelessness;housing;independent_living;job_training;life_skills;mentorship;paid_work;positive_adult;transition_support;young_adults,R016,The Warehouse,Teen Center / Engagement,New Castle,13,24,community;education;employment;mentorship,42,Medium,Membership / program enrollment,https://teenwarehouse.org/
YP-0235,18,New Castle,academic_support;career;career_readiness;case_management;community;education;employment;financial_literacy;general_support;homelessness;housing;independent_living;job_training;life_skills;mentorship;paid_work;positive_adult;transition_support;young_adults,R007,Delaware 211,Resource Navigation,Statewide,0,99,education;general_support;housing,33,High,"Call 211, text zip code to 898-211, or use website",https://delaware211.org/
YP-0235,18,New Castle,academic_support;career;career_readiness;case_management;community;education;employment;financial_literacy;general_support;homelessness;housing;independent_living;job_training;life_skills;mentorship;paid_work;positive_adult;transition_support;young_adults,R005,People's Place Independent Living,Independent Living,Statewide,16,23,case_management;life_skills;transition_support,33,High,DFS referral or self-referral for 18-23,https://peoplesplace2.com/services/independent-living
YP-0236,17,Kent,academic_support;career;career_readiness;education;employment;general_support;job_training;paid_work,R007,Delaware 211,Resource Navigation,Statewide,0,99,education;general_support,23,High,"Call 211, text zip code to 898-211, or use website",https://delaware211.org/
YP-0236,17,Kent,academic_support;career;career_readiness;education;employment;general_support;job_training;paid_work,R003,West End Neighborhood House Life Lines,Housing & Case Management,Statewide,16,23,education;employment,23,High,Referral or program inquiry,https://westendnh.org/programs/life-lines/
YP-0236,17,Kent,academic_support;career;career_readiness;education;employment;general_support;job_training;paid_work,R018,Boys & Girls Clubs of Delaware - Education and Career,Education & Career,Statewide,6,18,academic_support;career,22,Medium,Join local club / program inquiry,https://www.bgclubs.org/education-and-career
YP-0236,17,Kent,academic_support;career;career_readiness;education;employment;general_support;job_training;paid_work,R025,Delaware Department of Labor - Vocational Rehabilitation Transition Services,Disability / Employment,Statewide,14,24,employment,13,High,DVR referral / school referral,https://labor.delaware.gov/divisions/dvr/transition-services/
YP-0236,17,Kent,academic_support;career;career_readiness;education;employment;general_support;job_training;paid_work,R055,Delaware LGBTQ+ Resources and Organizations,LGBTQ+ Support,Statewide,0,99,education,12,Medium,Resource navigation,https://history.delaware.gov/lgbtq-history/local-lgbtq-resources-and-organizations/
YP-0237,17,New Castle,academic_support;career;career_readiness;case_management;community;education;employment;general_support;homelessness;housing;independent_living;job_training;mentorship;paid_work;positive_adult,R003,West End Neighborhood House Life Lines,Housing & Case Management,Statewide,16,23,case_management;education;employment;housing,43,High,Referral or program inquiry,https://westendnh.org/programs/life-lines/
YP-0237,17,New Castle,academic_support;career;career_readiness;case_management;community;education;employment;general_support;homelessness;housing;independent_living;job_training;mentorship;paid_work;positive_adult,R016,The Warehouse,Teen Center / Engagement,New Castle,13,24,community;education;employment;mentorship,42,Medium,Membership / program enrollment,https://teenwarehouse.org/
YP-0237,17,New Castle,academic_support;career;career_readiness;case_management;community;education;employment;general_support;homelessness;housing;independent_living;job_training;mentorship;paid_work;positive_adult,R007,Delaware 211,Resource Navigation,Statewide,0,99,education;general_support;housing,33,High,"Call 211, text zip code to 898-211, or use website",https://delaware211.org/
YP-0237,17,New Castle,academic_support;career;career_readiness;case_management;community;education;employment;general_support;homelessness;housing;independent_living;job_training;mentorship;paid_work;positive_adult,R017,Big Brothers Big Sisters of Delaware,Mentorship,Statewide,6,18,mentorship;positive_adult,23,High,Enroll youth / mentor match inquiry,https://bbbsde.org/
YP-0237,17,New Castle,academic_support;career;career_readiness;case_management;community;education;employment;general_support;homelessness;housing;independent_living;job_training;mentorship;paid_work;positive_adult,R001,DSCYF Independent Living Services,Independent Living,Statewide,14,21,housing;mentorship,23,High,Caseworker/DFS referral,https://kids.delaware.gov/family-services/independent-living/
YP-0238,19,Kent,GED;career;case_management;community;credentials;education;employment;general_support;homelessness;housing;independent_living;job_training;mentorship;paid_work;positive_adult;postsecondary;young_adults,R003,West End Neighborhood House Life Lines,Housing & Case Management,Statewide,16,23,case_management;education;employment;housing,43,High,Referral or program inquiry,https://westendnh.org/programs/life-lines/
YP-0238,19,Kent,GED;career;case_management;community;credentials;education;employment;general_support;homelessness;housing;independent_living;job_training;mentorship;paid_work;positive_adult;postsecondary;young_adults,R007,Delaware 211,Resource Navigation,Statewide,0,99,education;general_support;housing,33,High,"Call 211, text zip code to 898-211, or use website",https://delaware211.org/
YP-0238,19,Kent,GED;career;case_management;community;credentials;education;employment;general_support;homelessness;housing;independent_living;job_training;mentorship;paid_work;positive_adult;postsecondary;young_adults,R002,DSCYF ASSIST / Aftercare 18-21,Aftercare,Statewide,18,21,housing;independent_living,23,High,Caseworker/DFS referral,https://kids.delaware.gov/family-services/il-provider-resources/
YP-0238,19,Kent,GED;career;case_management;community;credentials;education;employment;general_support;homelessness;housing;independent_living;job_training;mentorship;paid_work;positive_adult;postsecondary;young_adults,R001,DSCYF Independent Living Services,Independent Living,Statewide,14,21,housing;mentorship,23,High,Caseworker/DFS referral,https://kids.delaware.gov/family-services/independent-living/
YP-0238,19,Kent,GED;career;case_management;community;credentials;education;employment;general_support;homelessness;housing;independent_living;job_training;mentorship;paid_work;positive_adult;postsecondary;young_adults,R004,West End Life Lines Transitional Housing,Housing,Statewide,18,23,case_management;homelessness,23,High,Referral / eligibility screening,https://westendnh.org/programs/life-lines-programs/
YP-0239,16,New Castle,career;career_pathway;college;employment;general_support;job_training;paid_work;postsecondary,R022,West End Education and Employment Department,Employment & Education,New Castle,16,24,career_pathway;paid_work;postsecondary,33,High,Program inquiry,https://westendnh.org/programs/academic-education/
YP-0239,16,New Castle,career;career_pathway;college;employment;general_support;job_training;paid_work;postsecondary,R007,Delaware 211,Resource Navigation,Statewide,0,99,general_support,13,High,"Call 211, text zip code to 898-211, or use website",https://delaware211.org/
YP-0239,16,New Castle,career;career_pathway;college;employment;general_support;job_training;paid_work;postsecondary,R025,Delaware Department of Labor - Vocational Rehabilitation Transition Services,Disability / Employment,Statewide,14,24,employment,13,High,DVR referral / school referral,https://labor.delaware.gov/divisions/dvr/transition-services/
YP-0239,16,New Castle,career;career_pathway;college;employment;general_support;job_training;paid_work;postsecondary,R003,West End Neighborhood House Life Lines,Housing & Case Management,Statewide,16,23,employment,13,High,Referral or program inquiry,https://westendnh.org/programs/life-lines/
YP-0239,16,New Castle,career;career_pathway;college;employment;general_support;job_training;paid_work;postsecondary,R021,Wilmington Housing Authority YouthBuild,Employment & Education,New Castle,16,24,job_training,13,High,Program application,https://whadelaware.org/about-wha/employment-opportunities-and-training-programs/youthbuild
YP-0240,14,New Castle,career;career_pathway;college;community;employment;general_support;job_training;mentorship;paid_work;positive_adult;postsecondary,R016,The Warehouse,Teen Center / Engagement,New Castle,13,24,community;employment;mentorship,32,Medium,Membership / program enrollment,https://teenwarehouse.org/
YP-0240,14,New Castle,career;career_pathway;college;community;employment;general_support;job_training;mentorship;paid_work;positive_adult;postsecondary,R017,Big Brothers Big Sisters of Delaware,Mentorship,Statewide,6,18,mentorship;positive_adult,23,High,Enroll youth / mentor match inquiry,https://bbbsde.org/
YP-0240,14,New Castle,career;career_pathway;college;community;employment;general_support;job_training;mentorship;paid_work;positive_adult;postsecondary,R001,DSCYF Independent Living Services,Independent Living,Statewide,14,21,mentorship,13,High,Caseworker/DFS referral,https://kids.delaware.gov/family-services/independent-living/
YP-0240,14,New Castle,career;career_pathway;college;community;employment;general_support;job_training;mentorship;paid_work;positive_adult;postsecondary,R007,Delaware 211,Resource Navigation,Statewide,0,99,general_support,13,High,"Call 211, text zip code to 898-211, or use website",https://delaware211.org/
YP-0240,14,New Castle,career;career_pathway;college;community;employment;general_support;job_training;mentorship;paid_work;positive_adult;postsecondary,R025,Delaware Department of Labor - Vocational Rehabilitation Transition Services,Disability / Employment,Statewide,14,24,employment,13,High,DVR referral / school referral,https://labor.delaware.gov/divisions/dvr/transition-services/
YP-0241,14,New Castle,academic_support;career;career_readiness;case_management;community;education;employment;financial_literacy;general_support;job_training;life_skills;mentorship;paid_work;positive_adult;transition_support,R016,The Warehouse,Teen Center / Engagement,New Castle,13,24,community;education;employment;mentorship,42,Medium,Membership / program enrollment,https://teenwarehouse.org/
YP-0241,14,New Castle,academic_support;career;career_readiness;case_management;community;education;employment;financial_literacy;general_support;job_training;life_skills;mentorship;paid_work;positive_adult;transition_support,R001,DSCYF Independent Living Services,Independent Living,Statewide,14,21,life_skills;mentorship;transition_support,33,High,Caseworker/DFS referral,https://kids.delaware.gov/family-services/independent-living/
YP-0241,14,New Castle,academic_support;career;career_readiness;case_management;community;education;employment;financial_literacy;general_support;job_training;life_skills;mentorship;paid_work;positive_adult;transition_support,R017,Big Brothers Big Sisters of Delaware,Mentorship,Statewide,6,18,mentorship;positive_adult,23,High,Enroll youth / mentor match inquiry,https://bbbsde.org/
YP-0241,14,New Castle,academic_support;career;career_readiness;case_management;community;education;employment;financial_literacy;general_support;job_training;life_skills;mentorship;paid_work;positive_adult;transition_support,R007,Delaware 211,Resource Navigation,Statewide,0,99,education;general_support,23,High,"Call 211, text zip code to 898-211, or use website",https://delaware211.org/
YP-0241,14,New Castle,academic_support;career;career_readiness;case_management;community;education;employment;financial_literacy;general_support;job_training;life_skills;mentorship;paid_work;positive_adult;transition_support,R018,Boys & Girls Clubs of Delaware - Education and Career,Education & Career,Statewide,6,18,academic_support;career,22,Medium,Join local club / program inquiry,https://www.bgclubs.org/education-and-career
YP-0242,16,New Castle,academic_support;career;career_readiness;education;employment;general_support;professional_skills;resume,R007,Delaware 211,Resource Navigation,Statewide,0,99,education;general_support,23,High,"Call 211, text zip code to 898-211, or use website",https://delaware211.org/
YP-0242,16,New Castle,academic_support;career;career_readiness;education;employment;general_support;professional_skills;resume,R003,West End Neighborhood House Life Lines,Housing & Case Management,Statewide,16,23,education;employment,23,High,Referral or program inquiry,https://westendnh.org/programs/life-lines/
YP-0242,16,New Castle,academic_support;career;career_readiness;education;employment;general_support;professional_skills;resume,R019,YMCA of Delaware Teen Workforce Development,Employment,Statewide,15,19,professional_skills;resume,23,High,Interest form / program enrollment,https://www.ymcade.org/teen-workforce-development/
YP-0242,16,New Castle,academic_support;career;career_readiness;education;employment;general_support;professional_skills;resume,R018,Boys & Girls Clubs of Delaware - Education and Career,Education & Career,Statewide,6,18,academic_support;career,22,Medium,Join local club / program inquiry,https://www.bgclubs.org/education-and-career
YP-0242,16,New Castle,academic_support;career;career_readiness;education;employment;general_support;professional_skills;resume,R016,The Warehouse,Teen Center / Engagement,New Castle,13,24,education;employment,22,Medium,Membership / program enrollment,https://teenwarehouse.org/
YP-0243,14,Sussex,academic_support;career;career_readiness;education;employment;general_support;job_training;paid_work,R007,Delaware 211,Resource Navigation,Statewide,0,99,education;general_support,23,High,"Call 211, text zip code to 898-211, or use website",https://delaware211.org/
YP-0243,14,Sussex,academic_support;career;career_readiness;education;employment;general_support;job_training;paid_work,R018,Boys & Girls Clubs of Delaware - Education and Career,Education & Career,Statewide,6,18,academic_support;career,22,Medium,Join local club / program inquiry,https://www.bgclubs.org/education-and-career
YP-0243,14,Sussex,academic_support;career;career_readiness;education;employment;general_support;job_training;paid_work,R025,Delaware Department of Labor - Vocational Rehabilitation Transition Services,Disability / Employment,Statewide,14,24,employment,13,High,DVR referral / school referral,https://labor.delaware.gov/divisions/dvr/transition-services/
YP-0243,14,Sussex,academic_support;career;career_readiness;education;employment;general_support;job_training;paid_work,R055,Delaware LGBTQ+ Resources and Organizations,LGBTQ+ Support,Statewide,0,99,education,12,Medium,Resource navigation,https://history.delaware.gov/lgbtq-history/local-lgbtq-resources-and-organizations/
YP-0243,14,Sussex,academic_support;career;career_readiness;education;employment;general_support;job_training;paid_work,R024,Jobs for Delaware Graduates,Education & Employment,Statewide,14,21,career_readiness,12,Medium,School/program referral,https://jobsdegrads.org/
YP-0244,14,New Castle,academic_support;career_readiness;case_management;education;general_support;homelessness;housing;independent_living,R007,Delaware 211,Resource Navigation,Statewide,0,99,education;general_support;housing,33,High,"Call 211, text zip code to 898-211, or use website",https://delaware211.org/
YP-0244,14,New Castle,academic_support;career_readiness;case_management;education;general_support;homelessness;housing;independent_living,R001,DSCYF Independent Living Services,Independent Living,Statewide,14,21,housing,13,High,Caseworker/DFS referral,https://kids.delaware.gov/family-services/independent-living/
YP-0244,14,New Castle,academic_support;career_readiness;case_management;education;general_support;homelessness;housing;independent_living,R018,Boys & Girls Clubs of Delaware - Education and Career,Education & Career,Statewide,6,18,academic_support,12,Medium,Join local club / program inquiry,https://www.bgclubs.org/education-and-career
YP-0244,14,New Castle,academic_support;career_readiness;case_management;education;general_support;homelessness;housing;independent_living,R055,Delaware LGBTQ+ Resources and Organizations,LGBTQ+ Support,Statewide,0,99,education,12,Medium,Resource navigation,https://history.delaware.gov/lgbtq-history/local-lgbtq-resources-and-organizations/
YP-0244,14,New Castle,academic_support;career_readiness;case_management;education;general_support;homelessness;housing;independent_living,R024,Jobs for Delaware Graduates,Education & Employment,Statewide,14,21,career_readiness,12,Medium,School/program referral,https://jobsdegrads.org/
YP-0245,16,New Castle,academic_support;career;career_readiness;education;employment;general_support;job_training;paid_work,R007,Delaware 211,Resource Navigation,Statewide,0,99,education;general_support,23,High,"Call 211, text zip code to 898-211, or use website",https://delaware211.org/
YP-0245,16,New Castle,academic_support;career;career_readiness;education;employment;general_support;job_training;paid_work,R003,West End Neighborhood House Life Lines,Housing & Case Management,Statewide,16,23,education;employment,23,High,Referral or program inquiry,https://westendnh.org/programs/life-lines/
YP-0245,16,New Castle,academic_support;career;career_readiness;education;employment;general_support;job_training;paid_work,R018,Boys & Girls Clubs of Delaware - Education and Career,Education & Career,Statewide,6,18,academic_support;career,22,Medium,Join local club / program inquiry,https://www.bgclubs.org/education-and-career
YP-0245,16,New Castle,academic_support;career;career_readiness;education;employment;general_support;job_training;paid_work,R016,The Warehouse,Teen Center / Engagement,New Castle,13,24,education;employment,22,Medium,Membership / program enrollment,https://teenwarehouse.org/
YP-0245,16,New Castle,academic_support;career;career_readiness;education;employment;general_support;job_training;paid_work,R025,Delaware Department of Labor - Vocational Rehabilitation Transition Services,Disability / Employment,Statewide,14,24,employment,13,High,DVR referral / school referral,https://labor.delaware.gov/divisions/dvr/transition-services/
YP-0246,15,New Castle,GED;career;case_management;community;credentials;education;employment;financial_literacy;general_support;job_training;life_skills;mentorship;paid_work;positive_adult;postsecondary;transition_support,R016,The Warehouse,Teen Center / Engagement,New Castle,13,24,community;education;employment;mentorship,42,Medium,Membership / program enrollment,https://teenwarehouse.org/
YP-0246,15,New Castle,GED;career;case_management;community;credentials;education;employment;financial_literacy;general_support;job_training;life_skills;mentorship;paid_work;positive_adult;postsecondary;transition_support,R001,DSCYF Independent Living Services,Independent Living,Statewide,14,21,life_skills;mentorship;transition_support,33,High,Caseworker/DFS referral,https://kids.delaware.gov/family-services/independent-living/
YP-0246,15,New Castle,GED;career;case_management;community;credentials;education;employment;financial_literacy;general_support;job_training;life_skills;mentorship;paid_work;positive_adult;postsecondary;transition_support,R017,Big Brothers Big Sisters of Delaware,Mentorship,Statewide,6,18,mentorship;positive_adult,23,High,Enroll youth / mentor match inquiry,https://bbbsde.org/
YP-0246,15,New Castle,GED;career;case_management;community;credentials;education;employment;financial_literacy;general_support;job_training;life_skills;mentorship;paid_work;positive_adult;postsecondary;transition_support,R007,Delaware 211,Resource Navigation,Statewide,0,99,education;general_support,23,High,"Call 211, text zip code to 898-211, or use website",https://delaware211.org/
YP-0246,15,New Castle,GED;career;case_management;community;credentials;education;employment;financial_literacy;general_support;job_training;life_skills;mentorship;paid_work;positive_adult;postsecondary;transition_support,R025,Delaware Department of Labor - Vocational Rehabilitation Transition Services,Disability / Employment,Statewide,14,24,employment,13,High,DVR referral / school referral,https://labor.delaware.gov/divisions/dvr/transition-services/
YP-0247,13,New Castle,GED;career;case_management;community;credentials;education;employment;financial_literacy;general_support;homelessness;housing;independent_living;job_training;life_skills;mentorship;paid_work;positive_adult;postsecondary;transition_support,R016,The Warehouse,Teen Center / Engagement,New Castle,13,24,community;education;employment;mentorship,42,Medium,Membership / program enrollment,https://teenwarehouse.org/
YP-0247,13,New Castle,GED;career;case_management;community;credentials;education;employment;financial_literacy;general_support;homelessness;housing;independent_living;job_training;life_skills;mentorship;paid_work;positive_adult;postsecondary;transition_support,R007,Delaware 211,Resource Navigation,Statewide,0,99,education;general_support;housing,33,High,"Call 211, text zip code to 898-211, or use website",https://delaware211.org/
YP-0247,13,New Castle,GED;career;case_management;community;credentials;education;employment;financial_literacy;general_support;homelessness;housing;independent_living;job_training;life_skills;mentorship;paid_work;positive_adult;postsecondary;transition_support,R017,Big Brothers Big Sisters of Delaware,Mentorship,Statewide,6,18,mentorship;positive_adult,23,High,Enroll youth / mentor match inquiry,https://bbbsde.org/
YP-0247,13,New Castle,GED;career;case_management;community;credentials;education;employment;financial_literacy;general_support;homelessness;housing;independent_living;job_training;life_skills;mentorship;paid_work;positive_adult;postsecondary;transition_support,R018,Boys & Girls Clubs of Delaware - Education and Career,Education & Career,Statewide,6,18,career,12,Medium,Join local club / program inquiry,https://www.bgclubs.org/education-and-career
YP-0247,13,New Castle,GED;career;case_management;community;credentials;education;employment;financial_literacy;general_support;homelessness;housing;independent_living;job_training;life_skills;mentorship;paid_work;positive_adult;postsecondary;transition_support,R055,Delaware LGBTQ+ Resources and Organizations,LGBTQ+ Support,Statewide,0,99,education,12,Medium,Resource navigation,https://history.delaware.gov/lgbtq-history/local-lgbtq-resources-and-organizations/
YP-0248,13,Kent,career;career_pathway;college;employment;general_support;job_training;paid_work;postsecondary,R007,Delaware 211,Resource Navigation,Statewide,0,99,general_support,13,High,"Call 211, text zip code to 898-211, or use website",https://delaware211.org/
YP-0248,13,Kent,career;career_pathway;college;employment;general_support;job_training;paid_work;postsecondary,R018,Boys & Girls Clubs of Delaware - Education and Career,Education & Career,Statewide,6,18,career,12,Medium,Join local club / program inquiry,https://www.bgclubs.org/education-and-career
YP-0249,15,Sussex,career;career_pathway;college;community;employment;general_support;job_training;mentorship;paid_work;positive_adult;postsecondary,R017,Big Brothers Big Sisters of Delaware,Mentorship,Statewide,6,18,mentorship;positive_adult,23,High,Enroll youth / mentor match inquiry,https://bbbsde.org/
YP-0249,15,Sussex,career;career_pathway;college;community;employment;general_support;job_training;mentorship;paid_work;positive_adult;postsecondary,R001,DSCYF Independent Living Services,Independent Living,Statewide,14,21,mentorship,13,High,Caseworker/DFS referral,https://kids.delaware.gov/family-services/independent-living/
YP-0249,15,Sussex,career;career_pathway;college;community;employment;general_support;job_training;mentorship;paid_work;positive_adult;postsecondary,R007,Delaware 211,Resource Navigation,Statewide,0,99,general_support,13,High,"Call 211, text zip code to 898-211, or use website",https://delaware211.org/
YP-0249,15,Sussex,career;career_pathway;college;community;employment;general_support;job_training;mentorship;paid_work;positive_adult;postsecondary,R025,Delaware Department of Labor - Vocational Rehabilitation Transition Services,Disability / Employment,Statewide,14,24,employment,13,High,DVR referral / school referral,https://labor.delaware.gov/divisions/dvr/transition-services/
YP-0249,15,Sussex,career;career_pathway;college;community;employment;general_support;job_training;mentorship;paid_work;positive_adult;postsecondary,R018,Boys & Girls Clubs of Delaware - Education and Career,Education & Career,Statewide,6,18,career,12,Medium,Join local club / program inquiry,https://www.bgclubs.org/education-and-career
YP-0250,17,New Castle,academic_support;career_readiness;case_management;education;general_support;homelessness;housing,R007,Delaware 211,Resource Navigation,Statewide,0,99,education;general_support;housing,33,High,"Call 211, text zip code to 898-211, or use website",https://delaware211.org/
YP-0250,17,New Castle,academic_support;career_readiness;case_management;education;general_support;homelessness;housing,R003,West End Neighborhood House Life Lines,Housing & Case Management,Statewide,16,23,case_management;education;housing,33,High,Referral or program inquiry,https://westendnh.org/programs/life-lines/
YP-0250,17,New Castle,academic_support;career_readiness;case_management;education;general_support;homelessness;housing,R001,DSCYF Independent Living Services,Independent Living,Statewide,14,21,housing,13,High,Caseworker/DFS referral,https://kids.delaware.gov/family-services/independent-living/
YP-0250,17,New Castle,academic_support;career_readiness;case_management;education;general_support;homelessness;housing,R005,People's Place Independent Living,Independent Living,Statewide,16,23,case_management,13,High,DFS referral or self-referral for 18-23,https://peoplesplace2.com/services/independent-living
YP-0250,17,New Castle,academic_support;career_readiness;case_management;education;general_support;homelessness;housing,R018,Boys & Girls Clubs of Delaware - Education and Career,Education & Career,Statewide,6,18,academic_support,12,Medium,Join local club / program inquiry,https://www.bgclubs.org/education-and-career
YP-0251,18,Sussex,academic_support;career_readiness;case_management;education;general_support;homelessness;housing;independent_living;young_adults,R007,Delaware 211,Resource Navigation,Statewide,0,99,education;general_support;housing,33,High,"Call 211, text zip code to 898-211, or use website",https://delaware211.org/
YP-0251,18,Sussex,academic_support;career_readiness;case_management;education;general_support;homelessness;housing;independent_living;young_adults,R003,West End Neighborhood House Life Lines,Housing & Case Management,Statewide,16,23,case_management;education;housing,33,High,Referral or program inquiry,https://westendnh.org/programs/life-lines/
YP-0251,18,Sussex,academic_support;career_readiness;case_management;education;general_support;homelessness;housing;independent_living;young_adults,R002,DSCYF ASSIST / Aftercare 18-21,Aftercare,Statewide,18,21,housing;independent_living,23,High,Caseworker/DFS referral,https://kids.delaware.gov/family-services/il-provider-resources/
YP-0251,18,Sussex,academic_support;career_readiness;case_management;education;general_support;homelessness;housing;independent_living;young_adults,R004,West End Life Lines Transitional Housing,Housing,Statewide,18,23,case_management;homelessness,23,High,Referral / eligibility screening,https://westendnh.org/programs/life-lines-programs/
YP-0251,18,Sussex,academic_support;career_readiness;case_management;education;general_support;homelessness;housing;independent_living;young_adults,R048,Community Legal Aid Society Inc. (CLASI),Legal Aid,Statewide,18,99,housing,13,High,Legal intake / eligibility screening,https://www.declasi.org/
YP-0252,15,Sussex,academic_support;career;career_readiness;case_management;community;education;employment;financial_literacy;general_support;homelessness;housing;independent_living;job_training;life_skills;mentorship;paid_work;positive_adult;transition_support,R001,DSCYF Independent Living Services,Independent Living,Statewide,14,21,housing;life_skills;mentorship;transition_support,43,High,Caseworker/DFS referral,https://kids.delaware.gov/family-services/independent-living/
YP-0252,15,Sussex,academic_support;career;career_readiness;case_management;community;education;employment;financial_literacy;general_support;homelessness;housing;independent_living;job_training;life_skills;mentorship;paid_work;positive_adult;transition_support,R007,Delaware 211,Resource Navigation,Statewide,0,99,education;general_support;housing,33,High,"Call 211, text zip code to 898-211, or use website",https://delaware211.org/
YP-0252,15,Sussex,academic_support;career;career_readiness;case_management;community;education;employment;financial_literacy;general_support;homelessness;housing;independent_living;job_training;life_skills;mentorship;paid_work;positive_adult;transition_support,R017,Big Brothers Big Sisters of Delaware,Mentorship,Statewide,6,18,mentorship;positive_adult,23,High,Enroll youth / mentor match inquiry,https://bbbsde.org/
YP-0252,15,Sussex,academic_support;career;career_readiness;case_management;community;education;employment;financial_literacy;general_support;homelessness;housing;independent_living;job_training;life_skills;mentorship;paid_work;positive_adult;transition_support,R018,Boys & Girls Clubs of Delaware - Education and Career,Education & Career,Statewide,6,18,academic_support;career,22,Medium,Join local club / program inquiry,https://www.bgclubs.org/education-and-career
YP-0252,15,Sussex,academic_support;career;career_readiness;case_management;community;education;employment;financial_literacy;general_support;homelessness;housing;independent_living;job_training;life_skills;mentorship;paid_work;positive_adult;transition_support,R046,Junior Achievement of Delaware,Financial Literacy & Career,Statewide,5,18,career_readiness;financial_literacy,22,Medium,School/community program inquiry,https://delaware.ja.org/
YP-0253,17,New Castle,career_pathway;community;education;general_support;mentorship;positive_adult;postsecondary,R016,The Warehouse,Teen Center / Engagement,New Castle,13,24,community;education;mentorship,32,Medium,Membership / program enrollment,https://teenwarehouse.org/
YP-0253,17,New Castle,career_pathway;community;education;general_support;mentorship;positive_adult;postsecondary,R017,Big Brothers Big Sisters of Delaware,Mentorship,Statewide,6,18,mentorship;positive_adult,23,High,Enroll youth / mentor match inquiry,https://bbbsde.org/
YP-0253,17,New Castle,career_pathway;community;education;general_support;mentorship;positive_adult;postsecondary,R007,Delaware 211,Resource Navigation,Statewide,0,99,education;general_support,23,High,"Call 211, text zip code to 898-211, or use website",https://delaware211.org/
YP-0253,17,New Castle,career_pathway;community;education;general_support;mentorship;positive_adult;postsecondary,R022,West End Education and Employment Department,Employment & Education,New Castle,16,24,career_pathway;postsecondary,23,High,Program inquiry,https://westendnh.org/programs/academic-education/
YP-0253,17,New Castle,career_pathway;community;education;general_support;mentorship;positive_adult;postsecondary,R001,DSCYF Independent Living Services,Independent Living,Statewide,14,21,mentorship,13,High,Caseworker/DFS referral,https://kids.delaware.gov/family-services/independent-living/
YP-0254,16,New Castle,career;career_pathway;case_management;college;community;employment;financial_literacy;general_support;homelessness;housing;independent_living;job_training;life_skills;mentorship;paid_work;positive_adult;postsecondary;transition_support,R003,West End Neighborhood House Life Lines,Housing & Case Management,Statewide,16,23,case_management;employment;financial_literacy;housing;life_skills,53,High,Referral or program inquiry,https://westendnh.org/programs/life-lines/
YP-0254,16,New Castle,career;career_pathway;case_management;college;community;employment;financial_literacy;general_support;homelessness;housing;independent_living;job_training;life_skills;mentorship;paid_work;positive_adult;postsecondary;transition_support,R001,DSCYF Independent Living Services,Independent Living,Statewide,14,21,housing;life_skills;mentorship;transition_support,43,High,Caseworker/DFS referral,https://kids.delaware.gov/family-services/independent-living/
YP-0254,16,New Castle,career;career_pathway;case_management;college;community;employment;financial_literacy;general_support;homelessness;housing;independent_living;job_training;life_skills;mentorship;paid_work;positive_adult;postsecondary;transition_support,R005,People's Place Independent Living,Independent Living,Statewide,16,23,case_management;life_skills;transition_support,33,High,DFS referral or self-referral for 18-23,https://peoplesplace2.com/services/independent-living
YP-0254,16,New Castle,career;career_pathway;case_management;college;community;employment;financial_literacy;general_support;homelessness;housing;independent_living;job_training;life_skills;mentorship;paid_work;positive_adult;postsecondary;transition_support,R022,West End Education and Employment Department,Employment & Education,New Castle,16,24,career_pathway;paid_work;postsecondary,33,High,Program inquiry,https://westendnh.org/programs/academic-education/
YP-0254,16,New Castle,career;career_pathway;case_management;college;community;employment;financial_literacy;general_support;homelessness;housing;independent_living;job_training;life_skills;mentorship;paid_work;positive_adult;postsecondary;transition_support,R016,The Warehouse,Teen Center / Engagement,New Castle,13,24,community;employment;mentorship,32,Medium,Membership / program enrollment,https://teenwarehouse.org/
YP-0255,18,Kent,career;career_pathway;case_management;college;employment;general_support;homelessness;housing;independent_living;postsecondary;professional_skills;resume;young_adults,R003,West End Neighborhood House Life Lines,Housing & Case Management,Statewide,16,23,case_management;employment;housing,33,High,Referral or program inquiry,https://westendnh.org/programs/life-lines/
YP-0255,18,Kent,career;career_pathway;case_management;college;employment;general_support;homelessness;housing;independent_living;postsecondary;professional_skills;resume;young_adults,R002,DSCYF ASSIST / Aftercare 18-21,Aftercare,Statewide,18,21,housing;independent_living,23,High,Caseworker/DFS referral,https://kids.delaware.gov/family-services/il-provider-resources/
YP-0255,18,Kent,career;career_pathway;case_management;college;employment;general_support;homelessness;housing;independent_living;postsecondary;professional_skills;resume;young_adults,R007,Delaware 211,Resource Navigation,Statewide,0,99,general_support;housing,23,High,"Call 211, text zip code to 898-211, or use website",https://delaware211.org/
YP-0255,18,Kent,career;career_pathway;case_management;college;employment;general_support;homelessness;housing;independent_living;postsecondary;professional_skills;resume;young_adults,R004,West End Life Lines Transitional Housing,Housing,Statewide,18,23,case_management;homelessness,23,High,Referral / eligibility screening,https://westendnh.org/programs/life-lines-programs/
YP-0255,18,Kent,career;career_pathway;case_management;college;employment;general_support;homelessness;housing;independent_living;postsecondary;professional_skills;resume;young_adults,R019,YMCA of Delaware Teen Workforce Development,Employment,Statewide,15,19,professional_skills;resume,23,High,Interest form / program enrollment,https://www.ymcade.org/teen-workforce-development/
YP-0256,19,New Castle,career;career_pathway;case_management;education;employment;financial_literacy;general_support;homelessness;housing;independent_living;job_training;life_skills;paid_work;postsecondary;transition_support;young_adults,R003,West End Neighborhood House Life Lines,Housing & Case Management,Statewide,16,23,case_management;education;employment;financial_literacy;housing;life_skills,63,High,Referral or program inquiry,https://westendnh.org/programs/life-lines/
YP-0256,19,New Castle,career;career_pathway;case_management;education;employment;financial_literacy;general_support;homelessness;housing;independent_living;job_training;life_skills;paid_work;postsecondary;transition_support;young_adults,R001,DSCYF Independent Living Services,Independent Living,Statewide,14,21,housing;life_skills;transition_support,33,High,Caseworker/DFS referral,https://kids.delaware.gov/family-services/independent-living/
YP-0256,19,New Castle,career;career_pathway;case_management;education;employment;financial_literacy;general_support;homelessness;housing;independent_living;job_training;life_skills;paid_work;postsecondary;transition_support;young_adults,R007,Delaware 211,Resource Navigation,Statewide,0,99,education;general_support;housing,33,High,"Call 211, text zip code to 898-211, or use website",https://delaware211.org/
YP-0256,19,New Castle,career;career_pathway;case_management;education;employment;financial_literacy;general_support;homelessness;housing;independent_living;job_training;life_skills;paid_work;postsecondary;transition_support;young_adults,R005,People's Place Independent Living,Independent Living,Statewide,16,23,case_management;life_skills;transition_support,33,High,DFS referral or self-referral for 18-23,https://peoplesplace2.com/services/independent-living
YP-0256,19,New Castle,career;career_pathway;case_management;education;employment;financial_literacy;general_support;homelessness;housing;independent_living;job_training;life_skills;paid_work;postsecondary;transition_support;young_adults,R022,West End Education and Employment Department,Employment & Education,New Castle,16,24,career_pathway;paid_work;postsecondary,33,High,Program inquiry,https://westendnh.org/programs/academic-education/
YP-0257,15,New Castle,career;career_pathway;case_management;education;employment;financial_literacy;general_support;homelessness;housing;independent_living;job_training;life_skills;paid_work;postsecondary;transition_support,R001,DSCYF Independent Living Services,Independent Living,Statewide,14,21,housing;life_skills;transition_support,33,High,Caseworker/DFS referral,https://kids.delaware.gov/family-services/independent-living/
YP-0257,15,New Castle,career;career_pathway;case_management;education;employment;financial_literacy;general_support;homelessness;housing;independent_living;job_training;life_skills;paid_work;postsecondary;transition_support,R007,Delaware 211,Resource Navigation,Statewide,0,99,education;general_support;housing,33,High,"Call 211, text zip code to 898-211, or use website",https://delaware211.org/
YP-0257,15,New Castle,career;career_pathway;case_management;education;employment;financial_literacy;general_support;homelessness;housing;independent_living;job_training;life_skills;paid_work;postsecondary;transition_support,R016,The Warehouse,Teen Center / Engagement,New Castle,13,24,education;employment,22,Medium,Membership / program enrollment,https://teenwarehouse.org/
YP-0257,15,New Castle,career;career_pathway;case_management;education;employment;financial_literacy;general_support;homelessness;housing;independent_living;job_training;life_skills;paid_work;postsecondary;transition_support,R025,Delaware Department of Labor - Vocational Rehabilitation Transition Services,Disability / Employment,Statewide,14,24,employment,13,High,DVR referral / school referral,https://labor.delaware.gov/divisions/dvr/transition-services/
YP-0257,15,New Castle,career;career_pathway;case_management;education;employment;financial_literacy;general_support;homelessness;housing;independent_living;job_training;life_skills;paid_work;postsecondary;transition_support,R018,Boys & Girls Clubs of Delaware - Education and Career,Education & Career,Statewide,6,18,career,12,Medium,Join local club / program inquiry,https://www.bgclubs.org/education-and-career
YP-0258,19,Kent,career_pathway;case_management;college;financial_literacy;general_support;homelessness;housing;independent_living;life_skills;postsecondary;transition_support;young_adults,R003,West End Neighborhood House Life Lines,Housing & Case Management,Statewide,16,23,case_management;financial_literacy;housing;life_skills,43,High,Referral or program inquiry,https://westendnh.org/programs/life-lines/
YP-0258,19,Kent,career_pathway;case_management;college;financial_literacy;general_support;homelessness;housing;independent_living;life_skills;postsecondary;transition_support;young_adults,R001,DSCYF Independent Living Services,Independent Living,Statewide,14,21,housing;life_skills;transition_support,33,High,Caseworker/DFS referral,https://kids.delaware.gov/family-services/independent-living/
YP-0258,19,Kent,career_pathway;case_management;college;financial_literacy;general_support;homelessness;housing;independent_living;life_skills;postsecondary;transition_support;young_adults,R005,People's Place Independent Living,Independent Living,Statewide,16,23,case_management;life_skills;transition_support,33,High,DFS referral or self-referral for 18-23,https://peoplesplace2.com/services/independent-living
YP-0258,19,Kent,career_pathway;case_management;college;financial_literacy;general_support;homelessness;housing;independent_living;life_skills;postsecondary;transition_support;young_adults,R002,DSCYF ASSIST / Aftercare 18-21,Aftercare,Statewide,18,21,housing;independent_living,23,High,Caseworker/DFS referral,https://kids.delaware.gov/family-services/il-provider-resources/
YP-0258,19,Kent,career_pathway;case_management;college;financial_literacy;general_support;homelessness;housing;independent_living;life_skills;postsecondary;transition_support;young_adults,R007,Delaware 211,Resource Navigation,Statewide,0,99,general_support;housing,23,High,"Call 211, text zip code to 898-211, or use website",https://delaware211.org/
YP-0259,17,Kent,career;career_pathway;community;education;employment;general_support;job_training;mentorship;paid_work;positive_adult;postsecondary,R017,Big Brothers Big Sisters of Delaware,Mentorship,Statewide,6,18,mentorship;positive_adult,23,High,Enroll youth / mentor match inquiry,https://bbbsde.org/
YP-0259,17,Kent,career;career_pathway;community;education;employment;general_support;job_training;mentorship;paid_work;positive_adult;postsecondary,R007,Delaware 211,Resource Navigation,Statewide,0,99,education;general_support,23,High,"Call 211, text zip code to 898-211, or use website",https://delaware211.org/
YP-0259,17,Kent,career;career_pathway;community;education;employment;general_support;job_training;mentorship;paid_work;positive_adult;postsecondary,R003,West End Neighborhood House Life Lines,Housing & Case Management,Statewide,16,23,education;employment,23,High,Referral or program inquiry,https://westendnh.org/programs/life-lines/
YP-0259,17,Kent,career;career_pathway;community;education;employment;general_support;job_training;mentorship;paid_work;positive_adult;postsecondary,R001,DSCYF Independent Living Services,Independent Living,Statewide,14,21,mentorship,13,High,Caseworker/DFS referral,https://kids.delaware.gov/family-services/independent-living/
YP-0259,17,Kent,career;career_pathway;community;education;employment;general_support;job_training;mentorship;paid_work;positive_adult;postsecondary,R025,Delaware Department of Labor - Vocational Rehabilitation Transition Services,Disability / Employment,Statewide,14,24,employment,13,High,DVR referral / school referral,https://labor.delaware.gov/divisions/dvr/transition-services/
YP-0260,19,New Castle,career_pathway;case_management;college;general_support;homelessness;housing;independent_living;postsecondary;young_adults,R002,DSCYF ASSIST / Aftercare 18-21,Aftercare,Statewide,18,21,housing;independent_living,23,High,Caseworker/DFS referral,https://kids.delaware.gov/family-services/il-provider-resources/
YP-0260,19,New Castle,career_pathway;case_management;college;general_support;homelessness;housing;independent_living;postsecondary;young_adults,R007,Delaware 211,Resource Navigation,Statewide,0,99,general_support;housing,23,High,"Call 211, text zip code to 898-211, or use website",https://delaware211.org/
YP-0260,19,New Castle,career_pathway;case_management;college;general_support;homelessness;housing;independent_living;postsecondary;young_adults,R022,West End Education and Employment Department,Employment & Education,New Castle,16,24,career_pathway;postsecondary,23,High,Program inquiry,https://westendnh.org/programs/academic-education/
YP-0260,19,New Castle,career_pathway;case_management;college;general_support;homelessness;housing;independent_living;postsecondary;young_adults,R004,West End Life Lines Transitional Housing,Housing,Statewide,18,23,case_management;homelessness,23,High,Referral / eligibility screening,https://westendnh.org/programs/life-lines-programs/
YP-0260,19,New Castle,career_pathway;case_management;college;general_support;homelessness;housing;independent_living;postsecondary;young_adults,R003,West End Neighborhood House Life Lines,Housing & Case Management,Statewide,16,23,case_management;housing,23,High,Referral or program inquiry,https://westendnh.org/programs/life-lines/
YP-0261,17,Kent,academic_support;career;career_readiness;case_management;education;employment;general_support;homelessness;housing;independent_living;job_training;paid_work,R003,West End Neighborhood House Life Lines,Housing & Case Management,Statewide,16,23,case_management;education;employment;housing,43,High,Referral or program inquiry,https://westendnh.org/programs/life-lines/
YP-0261,17,Kent,academic_support;career;career_readiness;case_management;education;employment;general_support;homelessness;housing;independent_living;job_training;paid_work,R007,Delaware 211,Resource Navigation,Statewide,0,99,education;general_support;housing,33,High,"Call 211, text zip code to 898-211, or use website",https://delaware211.org/
YP-0261,17,Kent,academic_support;career;career_readiness;case_management;education;employment;general_support;homelessness;housing;independent_living;job_training;paid_work,R018,Boys & Girls Clubs of Delaware - Education and Career,Education & Career,Statewide,6,18,academic_support;career,22,Medium,Join local club / program inquiry,https://www.bgclubs.org/education-and-career
YP-0261,17,Kent,academic_support;career;career_readiness;case_management;education;employment;general_support;homelessness;housing;independent_living;job_training;paid_work,R001,DSCYF Independent Living Services,Independent Living,Statewide,14,21,housing,13,High,Caseworker/DFS referral,https://kids.delaware.gov/family-services/independent-living/
YP-0261,17,Kent,academic_support;career;career_readiness;case_management;education;employment;general_support;homelessness;housing;independent_living;job_training;paid_work,R025,Delaware Department of Labor - Vocational Rehabilitation Transition Services,Disability / Employment,Statewide,14,24,employment,13,High,DVR referral / school referral,https://labor.delaware.gov/divisions/dvr/transition-services/
YP-0262,16,New Castle,academic_support;career;career_readiness;case_management;community;education;employment;financial_literacy;general_support;homelessness;housing;independent_living;job_training;life_skills;mentorship;paid_work;positive_adult;transition_support,R003,West End Neighborhood House Life Lines,Housing & Case Management,Statewide,16,23,case_management;education;employment;financial_literacy;housing;life_skills,63,High,Referral or program inquiry,https://westendnh.org/programs/life-lines/
YP-0262,16,New Castle,academic_support;career;career_readiness;case_management;community;education;employment;financial_literacy;general_support;homelessness;housing;independent_living;job_training;life_skills;mentorship;paid_work;positive_adult;transition_support,R001,DSCYF Independent Living Services,Independent Living,Statewide,14,21,housing;life_skills;mentorship;transition_support,43,High,Caseworker/DFS referral,https://kids.delaware.gov/family-services/independent-living/
YP-0262,16,New Castle,academic_support;career;career_readiness;case_management;community;education;employment;financial_literacy;general_support;homelessness;housing;independent_living;job_training;life_skills;mentorship;paid_work;positive_adult;transition_support,R016,The Warehouse,Teen Center / Engagement,New Castle,13,24,community;education;employment;mentorship,42,Medium,Membership / program enrollment,https://teenwarehouse.org/
YP-0262,16,New Castle,academic_support;career;career_readiness;case_management;community;education;employment;financial_literacy;general_support;homelessness;housing;independent_living;job_training;life_skills;mentorship;paid_work;positive_adult;transition_support,R007,Delaware 211,Resource Navigation,Statewide,0,99,education;general_support;housing,33,High,"Call 211, text zip code to 898-211, or use website",https://delaware211.org/
YP-0262,16,New Castle,academic_support;career;career_readiness;case_management;community;education;employment;financial_literacy;general_support;homelessness;housing;independent_living;job_training;life_skills;mentorship;paid_work;positive_adult;transition_support,R005,People's Place Independent Living,Independent Living,Statewide,16,23,case_management;life_skills;transition_support,33,High,DFS referral or self-referral for 18-23,https://peoplesplace2.com/services/independent-living
YP-0263,18,New Castle,career;career_pathway;case_management;college;community;employment;financial_literacy;general_support;homelessness;housing;independent_living;job_training;life_skills;mentorship;paid_work;positive_adult;postsecondary;transition_support;young_adults,R003,West End Neighborhood House Life Lines,Housing & Case Management,Statewide,16,23,case_management;employment;financial_literacy;housing;life_skills,53,High,Referral or program inquiry,https://westendnh.org/programs/life-lines/
YP-0263,18,New Castle,career;career_pathway;case_management;college;community;employment;financial_literacy;general_support;homelessness;housing;independent_living;job_training;life_skills;mentorship;paid_work;positive_adult;postsecondary;transition_support;young_adults,R001,DSCYF Independent Living Services,Independent Living,Statewide,14,21,housing;life_skills;mentorship;transition_support,43,High,Caseworker/DFS referral,https://kids.delaware.gov/family-services/independent-living/
YP-0263,18,New Castle,career;career_pathway;case_management;college;community;employment;financial_literacy;general_support;homelessness;housing;independent_living;job_training;life_skills;mentorship;paid_work;positive_adult;postsecondary;transition_support;young_adults,R005,People's Place Independent Living,Independent Living,Statewide,16,23,case_management;life_skills;transition_support,33,High,DFS referral or self-referral for 18-23,https://peoplesplace2.com/services/independent-living
YP-0263,18,New Castle,career;career_pathway;case_management;college;community;employment;financial_literacy;general_support;homelessness;housing;independent_living;job_training;life_skills;mentorship;paid_work;positive_adult;postsecondary;transition_support;young_adults,R022,West End Education and Employment Department,Employment & Education,New Castle,16,24,career_pathway;paid_work;postsecondary,33,High,Program inquiry,https://westendnh.org/programs/academic-education/
YP-0263,18,New Castle,career;career_pathway;case_management;college;community;employment;financial_literacy;general_support;homelessness;housing;independent_living;job_training;life_skills;mentorship;paid_work;positive_adult;postsecondary;transition_support;young_adults,R016,The Warehouse,Teen Center / Engagement,New Castle,13,24,community;employment;mentorship,32,Medium,Membership / program enrollment,https://teenwarehouse.org/
YP-0264,15,New Castle,career;career_pathway;case_management;college;employment;financial_literacy;general_support;homelessness;housing;independent_living;job_training;life_skills;paid_work;postsecondary;transition_support,R001,DSCYF Independent Living Services,Independent Living,Statewide,14,21,housing;life_skills;transition_support,33,High,Caseworker/DFS referral,https://kids.delaware.gov/family-services/independent-living/
YP-0264,15,New Castle,career;career_pathway;case_management;college;employment;financial_literacy;general_support;homelessness;housing;independent_living;job_training;life_skills;paid_work;postsecondary;transition_support,R007,Delaware 211,Resource Navigation,Statewide,0,99,general_support;housing,23,High,"Call 211, text zip code to 898-211, or use website",https://delaware211.org/
YP-0264,15,New Castle,career;career_pathway;case_management;college;employment;financial_literacy;general_support;homelessness;housing;independent_living;job_training;life_skills;paid_work;postsecondary;transition_support,R025,Delaware Department of Labor - Vocational Rehabilitation Transition Services,Disability / Employment,Statewide,14,24,employment,13,High,DVR referral / school referral,https://labor.delaware.gov/divisions/dvr/transition-services/
YP-0264,15,New Castle,career;career_pathway;case_management;college;employment;financial_literacy;general_support;homelessness;housing;independent_living;job_training;life_skills;paid_work;postsecondary;transition_support,R018,Boys & Girls Clubs of Delaware - Education and Career,Education & Career,Statewide,6,18,career,12,Medium,Join local club / program inquiry,https://www.bgclubs.org/education-and-career
YP-0264,15,New Castle,career;career_pathway;case_management;college;employment;financial_literacy;general_support;homelessness;housing;independent_living;job_training;life_skills;paid_work;postsecondary;transition_support,R027,Independent Resources Inc. Youth Transition Life Skills Program,Disability / Life Skills,Statewide,14,28,life_skills,12,Medium,Program inquiry / referral,https://www.iri-delaware.org/iri/25-transition-life-skills-program/
YP-0265,17,New Castle,academic_support;career;career_readiness;case_management;education;employment;financial_literacy;general_support;homelessness;housing;independent_living;internship;life_skills;professional_skills;transition_support,R003,West End Neighborhood House Life Lines,Housing & Case Management,Statewide,16,23,case_management;education;employment;financial_literacy;housing;life_skills,63,High,Referral or program inquiry,https://westendnh.org/programs/life-lines/
YP-0265,17,New Castle,academic_support;career;career_readiness;case_management;education;employment;financial_literacy;general_support;homelessness;housing;independent_living;internship;life_skills;professional_skills;transition_support,R001,DSCYF Independent Living Services,Independent Living,Statewide,14,21,housing;life_skills;transition_support,33,High,Caseworker/DFS referral,https://kids.delaware.gov/family-services/independent-living/
YP-0265,17,New Castle,academic_support;career;career_readiness;case_management;education;employment;financial_literacy;general_support;homelessness;housing;independent_living;internship;life_skills;professional_skills;transition_support,R007,Delaware 211,Resource Navigation,Statewide,0,99,education;general_support;housing,33,High,"Call 211, text zip code to 898-211, or use website",https://delaware211.org/
YP-0265,17,New Castle,academic_support;career;career_readiness;case_management;education;employment;financial_literacy;general_support;homelessness;housing;independent_living;internship;life_skills;professional_skills;transition_support,R005,People's Place Independent Living,Independent Living,Statewide,16,23,case_management;life_skills;transition_support,33,High,DFS referral or self-referral for 18-23,https://peoplesplace2.com/services/independent-living
YP-0265,17,New Castle,academic_support;career;career_readiness;case_management;education;employment;financial_literacy;general_support;homelessness;housing;independent_living;internship;life_skills;professional_skills;transition_support,R019,YMCA of Delaware Teen Workforce Development,Employment,Statewide,15,19,internship;professional_skills,23,High,Interest form / program enrollment,https://www.ymcade.org/teen-workforce-development/
YP-0266,13,Kent,career_pathway;college;general_support;postsecondary,R007,Delaware 211,Resource Navigation,Statewide,0,99,general_support,13,High,"Call 211, text zip code to 898-211, or use website",https://delaware211.org/
YP-0267,13,Sussex,career;career_pathway;college;employment;general_support;postsecondary;professional_skills;resume,R007,Delaware 211,Resource Navigation,Statewide,0,99,general_support,13,High,"Call 211, text zip code to 898-211, or use website",https://delaware211.org/
YP-0267,13,Sussex,career;career_pathway;college;employment;general_support;postsecondary;professional_skills;resume,R018,Boys & Girls Clubs of Delaware - Education and Career,Education & Career,Statewide,6,18,career,12,Medium,Join local club / program inquiry,https://www.bgclubs.org/education-and-career
YP-0268,16,Sussex,career;career_pathway;case_management;education;employment;general_support;homelessness;housing;independent_living;job_training;paid_work;postsecondary,R003,West End Neighborhood House Life Lines,Housing & Case Management,Statewide,16,23,case_management;education;employment;housing,43,High,Referral or program inquiry,https://westendnh.org/programs/life-lines/
YP-0268,16,Sussex,career;career_pathway;case_management;education;employment;general_support;homelessness;housing;independent_living;job_training;paid_work;postsecondary,R007,Delaware 211,Resource Navigation,Statewide,0,99,education;general_support;housing,33,High,"Call 211, text zip code to 898-211, or use website",https://delaware211.org/
YP-0268,16,Sussex,career;career_pathway;case_management;education;employment;general_support;homelessness;housing;independent_living;job_training;paid_work;postsecondary,R001,DSCYF Independent Living Services,Independent Living,Statewide,14,21,housing,13,High,Caseworker/DFS referral,https://kids.delaware.gov/family-services/independent-living/
YP-0268,16,Sussex,career;career_pathway;case_management;education;employment;general_support;homelessness;housing;independent_living;job_training;paid_work;postsecondary,R025,Delaware Department of Labor - Vocational Rehabilitation Transition Services,Disability / Employment,Statewide,14,24,employment,13,High,DVR referral / school referral,https://labor.delaware.gov/divisions/dvr/transition-services/
YP-0268,16,Sussex,career;career_pathway;case_management;education;employment;general_support;homelessness;housing;independent_living;job_training;paid_work;postsecondary,R005,People's Place Independent Living,Independent Living,Statewide,16,23,case_management,13,High,DFS referral or self-referral for 18-23,https://peoplesplace2.com/services/independent-living
YP-0269,13,New Castle,career;career_pathway;college;community;employment;general_support;job_training;mentorship;paid_work;positive_adult;postsecondary,R016,The Warehouse,Teen Center / Engagement,New Castle,13,24,community;employment;mentorship,32,Medium,Membership / program enrollment,https://teenwarehouse.org/
YP-0269,13,New Castle,career;career_pathway;college;community;employment;general_support;job_training;mentorship;paid_work;positive_adult;postsecondary,R017,Big Brothers Big Sisters of Delaware,Mentorship,Statewide,6,18,mentorship;positive_adult,23,High,Enroll youth / mentor match inquiry,https://bbbsde.org/
YP-0269,13,New Castle,career;career_pathway;college;community;employment;general_support;job_training;mentorship;paid_work;positive_adult;postsecondary,R007,Delaware 211,Resource Navigation,Statewide,0,99,general_support,13,High,"Call 211, text zip code to 898-211, or use website",https://delaware211.org/
YP-0269,13,New Castle,career;career_pathway;college;community;employment;general_support;job_training;mentorship;paid_work;positive_adult;postsecondary,R018,Boys & Girls Clubs of Delaware - Education and Career,Education & Career,Statewide,6,18,career,12,Medium,Join local club / program inquiry,https://www.bgclubs.org/education-and-career
YP-0270,19,Sussex,academic_support;career;career_readiness;case_management;community;education;employment;financial_literacy;general_support;independent_living;internship;life_skills;mentorship;positive_adult;professional_skills;transition_support;young_adults,R003,West End Neighborhood House Life Lines,Housing & Case Management,Statewide,16,23,case_management;education;employment;financial_literacy;life_skills,53,High,Referral or program inquiry,https://westendnh.org/programs/life-lines/
YP-0270,19,Sussex,academic_support;career;career_readiness;case_management;community;education;employment;financial_literacy;general_support;independent_living;internship;life_skills;mentorship;positive_adult;professional_skills;transition_support;young_adults,R001,DSCYF Independent Living Services,Independent Living,Statewide,14,21,life_skills;mentorship;transition_support,33,High,Caseworker/DFS referral,https://kids.delaware.gov/family-services/independent-living/
YP-0270,19,Sussex,academic_support;career;career_readiness;case_management;community;education;employment;financial_literacy;general_support;independent_living;internship;life_skills;mentorship;positive_adult;professional_skills;transition_support;young_adults,R005,People's Place Independent Living,Independent Living,Statewide,16,23,case_management;life_skills;transition_support,33,High,DFS referral or self-referral for 18-23,https://peoplesplace2.com/services/independent-living
YP-0270,19,Sussex,academic_support;career;career_readiness;case_management;community;education;employment;financial_literacy;general_support;independent_living;internship;life_skills;mentorship;positive_adult;professional_skills;transition_support;young_adults,R007,Delaware 211,Resource Navigation,Statewide,0,99,education;general_support,23,High,"Call 211, text zip code to 898-211, or use website",https://delaware211.org/
YP-0270,19,Sussex,academic_support;career;career_readiness;case_management;community;education;employment;financial_literacy;general_support;independent_living;internship;life_skills;mentorship;positive_adult;professional_skills;transition_support;young_adults,R019,YMCA of Delaware Teen Workforce Development,Employment,Statewide,15,19,internship;professional_skills,23,High,Interest form / program enrollment,https://www.ymcade.org/teen-workforce-development/
YP-0271,19,New Castle,academic_support;career;career_readiness;education;employment;general_support;independent_living;internship;professional_skills;young_adults,R007,Delaware 211,Resource Navigation,Statewide,0,99,education;general_support,23,High,"Call 211, text zip code to 898-211, or use website",https://delaware211.org/
YP-0271,19,New Castle,academic_support;career;career_readiness;education;employment;general_support;independent_living;internship;professional_skills;young_adults,R003,West End Neighborhood House Life Lines,Housing & Case Management,Statewide,16,23,education;employment,23,High,Referral or program inquiry,https://westendnh.org/programs/life-lines/
YP-0271,19,New Castle,academic_support;career;career_readiness;education;employment;general_support;independent_living;internship;professional_skills;young_adults,R019,YMCA of Delaware Teen Workforce Development,Employment,Statewide,15,19,internship;professional_skills,23,High,Interest form / program enrollment,https://www.ymcade.org/teen-workforce-development/
YP-0271,19,New Castle,academic_support;career;career_readiness;education;employment;general_support;independent_living;internship;professional_skills;young_adults,R016,The Warehouse,Teen Center / Engagement,New Castle,13,24,education;employment,22,Medium,Membership / program enrollment,https://teenwarehouse.org/
YP-0271,19,New Castle,academic_support;career;career_readiness;education;employment;general_support;independent_living;internship;professional_skills;young_adults,R002,DSCYF ASSIST / Aftercare 18-21,Aftercare,Statewide,18,21,independent_living,13,High,Caseworker/DFS referral,https://kids.delaware.gov/family-services/il-provider-resources/
YP-0272,16,New Castle,career;career_pathway;case_management;college;community;employment;financial_literacy;general_support;job_training;life_skills;mentorship;paid_work;positive_adult;postsecondary;transition_support,R003,West End Neighborhood House Life Lines,Housing & Case Management,Statewide,16,23,case_management;employment;financial_literacy;life_skills,43,High,Referral or program inquiry,https://westendnh.org/programs/life-lines/
YP-0272,16,New Castle,career;career_pathway;case_management;college;community;employment;financial_literacy;general_support;job_training;life_skills;mentorship;paid_work;positive_adult;postsecondary;transition_support,R001,DSCYF Independent Living Services,Independent Living,Statewide,14,21,life_skills;mentorship;transition_support,33,High,Caseworker/DFS referral,https://kids.delaware.gov/family-services/independent-living/
YP-0272,16,New Castle,career;career_pathway;case_management;college;community;employment;financial_literacy;general_support;job_training;life_skills;mentorship;paid_work;positive_adult;postsecondary;transition_support,R005,People's Place Independent Living,Independent Living,Statewide,16,23,case_management;life_skills;transition_support,33,High,DFS referral or self-referral for 18-23,https://peoplesplace2.com/services/independent-living
YP-0272,16,New Castle,career;career_pathway;case_management;college;community;employment;financial_literacy;general_support;job_training;life_skills;mentorship;paid_work;positive_adult;postsecondary;transition_support,R022,West End Education and Employment Department,Employment & Education,New Castle,16,24,career_pathway;paid_work;postsecondary,33,High,Program inquiry,https://westendnh.org/programs/academic-education/
YP-0272,16,New Castle,career;career_pathway;case_management;college;community;employment;financial_literacy;general_support;job_training;life_skills;mentorship;paid_work;positive_adult;postsecondary;transition_support,R016,The Warehouse,Teen Center / Engagement,New Castle,13,24,community;employment;mentorship,32,Medium,Membership / program enrollment,https://teenwarehouse.org/
YP-0273,19,Kent,GED;career;case_management;credentials;education;employment;financial_literacy;general_support;homelessness;housing;independent_living;life_skills;postsecondary;professional_skills;resume;transition_support;young_adults,R003,West End Neighborhood House Life Lines,Housing & Case Management,Statewide,16,23,case_management;education;employment;financial_literacy;housing;life_skills,63,High,Referral or program inquiry,https://westendnh.org/programs/life-lines/
YP-0273,19,Kent,GED;career;case_management;credentials;education;employment;financial_literacy;general_support;homelessness;housing;independent_living;life_skills;postsecondary;professional_skills;resume;transition_support;young_adults,R001,DSCYF Independent Living Services,Independent Living,Statewide,14,21,housing;life_skills;transition_support,33,High,Caseworker/DFS referral,https://kids.delaware.gov/family-services/independent-living/
YP-0273,19,Kent,GED;career;case_management;credentials;education;employment;financial_literacy;general_support;homelessness;housing;independent_living;life_skills;postsecondary;professional_skills;resume;transition_support;young_adults,R007,Delaware 211,Resource Navigation,Statewide,0,99,education;general_support;housing,33,High,"Call 211, text zip code to 898-211, or use website",https://delaware211.org/
YP-0273,19,Kent,GED;career;case_management;credentials;education;employment;financial_literacy;general_support;homelessness;housing;independent_living;life_skills;postsecondary;professional_skills;resume;transition_support;young_adults,R005,People's Place Independent Living,Independent Living,Statewide,16,23,case_management;life_skills;transition_support,33,High,DFS referral or self-referral for 18-23,https://peoplesplace2.com/services/independent-living
YP-0273,19,Kent,GED;career;case_management;credentials;education;employment;financial_literacy;general_support;homelessness;housing;independent_living;life_skills;postsecondary;professional_skills;resume;transition_support;young_adults,R002,DSCYF ASSIST / Aftercare 18-21,Aftercare,Statewide,18,21,housing;independent_living,23,High,Caseworker/DFS referral,https://kids.delaware.gov/family-services/il-provider-resources/
YP-0274,19,New Castle,academic_support;career_readiness;case_management;education;financial_literacy;general_support;homelessness;housing;independent_living;life_skills;transition_support;young_adults,R003,West End Neighborhood House Life Lines,Housing & Case Management,Statewide,16,23,case_management;education;financial_literacy;housing;life_skills,53,High,Referral or program inquiry,https://westendnh.org/programs/life-lines/
YP-0274,19,New Castle,academic_support;career_readiness;case_management;education;financial_literacy;general_support;homelessness;housing;independent_living;life_skills;transition_support;young_adults,R001,DSCYF Independent Living Services,Independent Living,Statewide,14,21,housing;life_skills;transition_support,33,High,Caseworker/DFS referral,https://kids.delaware.gov/family-services/independent-living/
YP-0274,19,New Castle,academic_support;career_readiness;case_management;education;financial_literacy;general_support;homelessness;housing;independent_living;life_skills;transition_support;young_adults,R007,Delaware 211,Resource Navigation,Statewide,0,99,education;general_support;housing,33,High,"Call 211, text zip code to 898-211, or use website",https://delaware211.org/
YP-0274,19,New Castle,academic_support;career_readiness;case_management;education;financial_literacy;general_support;homelessness;housing;independent_living;life_skills;transition_support;young_adults,R005,People's Place Independent Living,Independent Living,Statewide,16,23,case_management;life_skills;transition_support,33,High,DFS referral or self-referral for 18-23,https://peoplesplace2.com/services/independent-living
YP-0274,19,New Castle,academic_support;career_readiness;case_management;education;financial_literacy;general_support;homelessness;housing;independent_living;life_skills;transition_support;young_adults,R002,DSCYF ASSIST / Aftercare 18-21,Aftercare,Statewide,18,21,housing;independent_living,23,High,Caseworker/DFS referral,https://kids.delaware.gov/family-services/il-provider-resources/
YP-0275,16,Sussex,career;career_pathway;college;employment;general_support;job_training;paid_work;postsecondary,R007,Delaware 211,Resource Navigation,Statewide,0,99,general_support,13,High,"Call 211, text zip code to 898-211, or use website",https://delaware211.org/
YP-0275,16,Sussex,career;career_pathway;college;employment;general_support;job_training;paid_work;postsecondary,R025,Delaware Department of Labor - Vocational Rehabilitation Transition Services,Disability / Employment,Statewide,14,24,employment,13,High,DVR referral / school referral,https://labor.delaware.gov/divisions/dvr/transition-services/
YP-0275,16,Sussex,career;career_pathway;college;employment;general_support;job_training;paid_work;postsecondary,R003,West End Neighborhood House Life Lines,Housing & Case Management,Statewide,16,23,employment,13,High,Referral or program inquiry,https://westendnh.org/programs/life-lines/
YP-0275,16,Sussex,career;career_pathway;college;employment;general_support;job_training;paid_work;postsecondary,R018,Boys & Girls Clubs of Delaware - Education and Career,Education & Career,Statewide,6,18,career,12,Medium,Join local club / program inquiry,https://www.bgclubs.org/education-and-career
YP-0275,16,Sussex,career;career_pathway;college;employment;general_support;job_training;paid_work;postsecondary,R061,Delaware Parent Resources - Higher Education Guide,Education Navigation,Statewide,14,24,college,11,Low,Website navigation / caseworker support,https://delaware.gov/guides/parent-resources/
YP-0276,13,Kent,academic_support;career;career_readiness;education;employment;general_support;job_training;paid_work,R007,Delaware 211,Resource Navigation,Statewide,0,99,education;general_support,23,High,"Call 211, text zip code to 898-211, or use website",https://delaware211.org/
YP-0276,13,Kent,academic_support;career;career_readiness;education;employment;general_support;job_training;paid_work,R018,Boys & Girls Clubs of Delaware - Education and Career,Education & Career,Statewide,6,18,academic_support;career,22,Medium,Join local club / program inquiry,https://www.bgclubs.org/education-and-career
YP-0276,13,Kent,academic_support;career;career_readiness;education;employment;general_support;job_training;paid_work,R055,Delaware LGBTQ+ Resources and Organizations,LGBTQ+ Support,Statewide,0,99,education,12,Medium,Resource navigation,https://history.delaware.gov/lgbtq-history/local-lgbtq-resources-and-organizations/
YP-0276,13,Kent,academic_support;career;career_readiness;education;employment;general_support;job_training;paid_work,R046,Junior Achievement of Delaware,Financial Literacy & Career,Statewide,5,18,career_readiness,12,Medium,School/community program inquiry,https://delaware.ja.org/
YP-0276,13,Kent,academic_support;career;career_readiness;education;employment;general_support;job_training;paid_work,R042,Mental Health Association in Delaware,Mental Health,Statewide,0,99,education,12,Medium,Program inquiry / referral,https://www.mhainde.org/
YP-0277,13,New Castle,academic_support;career;career_readiness;case_management;education;employment;general_support;homelessness;housing;independent_living;job_training;paid_work,R007,Delaware 211,Resource Navigation,Statewide,0,99,education;general_support;housing,33,High,"Call 211, text zip code to 898-211, or use website",https://delaware211.org/
YP-0277,13,New Castle,academic_support;career;career_readiness;case_management;education;employment;general_support;homelessness;housing;independent_living;job_training;paid_work,R018,Boys & Girls Clubs of Delaware - Education and Career,Education & Career,Statewide,6,18,academic_support;career,22,Medium,Join local club / program inquiry,https://www.bgclubs.org/education-and-career
YP-0277,13,New Castle,academic_support;career;career_readiness;case_management;education;employment;general_support;homelessness;housing;independent_living;job_training;paid_work,R016,The Warehouse,Teen Center / Engagement,New Castle,13,24,education;employment,22,Medium,Membership / program enrollment,https://teenwarehouse.org/
YP-0277,13,New Castle,academic_support;career;career_readiness;case_management;education;employment;general_support;homelessness;housing;independent_living;job_training;paid_work,R055,Delaware LGBTQ+ Resources and Organizations,LGBTQ+ Support,Statewide,0,99,education,12,Medium,Resource navigation,https://history.delaware.gov/lgbtq-history/local-lgbtq-resources-and-organizations/
YP-0277,13,New Castle,academic_support;career;career_readiness;case_management;education;employment;general_support;homelessness;housing;independent_living;job_training;paid_work,R046,Junior Achievement of Delaware,Financial Literacy & Career,Statewide,5,18,career_readiness,12,Medium,School/community program inquiry,https://delaware.ja.org/
YP-0278,18,Sussex,career;career_pathway;case_management;college;community;employment;financial_literacy;general_support;homelessness;housing;independent_living;internship;life_skills;mentorship;positive_adult;postsecondary;professional_skills;transition_support;young_adults,R003,West End Neighborhood House Life Lines,Housing & Case Management,Statewide,16,23,case_management;employment;financial_literacy;housing;life_skills,53,High,Referral or program inquiry,https://westendnh.org/programs/life-lines/
YP-0278,18,Sussex,career;career_pathway;case_management;college;community;employment;financial_literacy;general_support;homelessness;housing;independent_living;internship;life_skills;mentorship;positive_adult;postsecondary;professional_skills;transition_support;young_adults,R001,DSCYF Independent Living Services,Independent Living,Statewide,14,21,housing;life_skills;mentorship;transition_support,43,High,Caseworker/DFS referral,https://kids.delaware.gov/family-services/independent-living/
YP-0278,18,Sussex,career;career_pathway;case_management;college;community;employment;financial_literacy;general_support;homelessness;housing;independent_living;internship;life_skills;mentorship;positive_adult;postsecondary;professional_skills;transition_support;young_adults,R005,People's Place Independent Living,Independent Living,Statewide,16,23,case_management;life_skills;transition_support,33,High,DFS referral or self-referral for 18-23,https://peoplesplace2.com/services/independent-living
YP-0278,18,Sussex,career;career_pathway;case_management;college;community;employment;financial_literacy;general_support;homelessness;housing;independent_living;internship;life_skills;mentorship;positive_adult;postsecondary;professional_skills;transition_support;young_adults,R017,Big Brothers Big Sisters of Delaware,Mentorship,Statewide,6,18,mentorship;positive_adult,23,High,Enroll youth / mentor match inquiry,https://bbbsde.org/
YP-0278,18,Sussex,career;career_pathway;case_management;college;community;employment;financial_literacy;general_support;homelessness;housing;independent_living;internship;life_skills;mentorship;positive_adult;postsecondary;professional_skills;transition_support;young_adults,R002,DSCYF ASSIST / Aftercare 18-21,Aftercare,Statewide,18,21,housing;independent_living,23,High,Caseworker/DFS referral,https://kids.delaware.gov/family-services/il-provider-resources/
YP-0279,15,Sussex,academic_support;career;career_readiness;education;employment;general_support;job_training;paid_work,R007,Delaware 211,Resource Navigation,Statewide,0,99,education;general_support,23,High,"Call 211, text zip code to 898-211, or use website",https://delaware211.org/
YP-0279,15,Sussex,academic_support;career;career_readiness;education;employment;general_support;job_training;paid_work,R018,Boys & Girls Clubs of Delaware - Education and Career,Education & Career,Statewide,6,18,academic_support;career,22,Medium,Join local club / program inquiry,https://www.bgclubs.org/education-and-career
YP-0279,15,Sussex,academic_support;career;career_readiness;education;employment;general_support;job_training;paid_work,R025,Delaware Department of Labor - Vocational Rehabilitation Transition Services,Disability / Employment,Statewide,14,24,employment,13,High,DVR referral / school referral,https://labor.delaware.gov/divisions/dvr/transition-services/
YP-0279,15,Sussex,academic_support;career;career_readiness;education;employment;general_support;job_training;paid_work,R055,Delaware LGBTQ+ Resources and Organizations,LGBTQ+ Support,Statewide,0,99,education,12,Medium,Resource navigation,https://history.delaware.gov/lgbtq-history/local-lgbtq-resources-and-organizations/
YP-0279,15,Sussex,academic_support;career;career_readiness;education;employment;general_support;job_training;paid_work,R024,Jobs for Delaware Graduates,Education & Employment,Statewide,14,21,career_readiness,12,Medium,School/program referral,https://jobsdegrads.org/
YP-0280,15,New Castle,career;career_pathway;case_management;community;education;employment;financial_literacy;general_support;homelessness;housing;independent_living;life_skills;mentorship;positive_adult;postsecondary;professional_skills;resume;transition_support,R001,DSCYF Independent Living Services,Independent Living,Statewide,14,21,housing;life_skills;mentorship;transition_support,43,High,Caseworker/DFS referral,https://kids.delaware.gov/family-services/independent-living/
YP-0280,15,New Castle,career;career_pathway;case_management;community;education;employment;financial_literacy;general_support;homelessness;housing;independent_living;life_skills;mentorship;positive_adult;postsecondary;professional_skills;resume;transition_support,R016,The Warehouse,Teen Center / Engagement,New Castle,13,24,community;education;employment;mentorship,42,Medium,Membership / program enrollment,https://teenwarehouse.org/
YP-0280,15,New Castle,career;career_pathway;case_management;community;education;employment;financial_literacy;general_support;homelessness;housing;independent_living;life_skills;mentorship;positive_adult;postsecondary;professional_skills;resume;transition_support,R007,Delaware 211,Resource Navigation,Statewide,0,99,education;general_support;housing,33,High,"Call 211, text zip code to 898-211, or use website",https://delaware211.org/
YP-0280,15,New Castle,career;career_pathway;case_management;community;education;employment;financial_literacy;general_support;homelessness;housing;independent_living;life_skills;mentorship;positive_adult;postsecondary;professional_skills;resume;transition_support,R017,Big Brothers Big Sisters of Delaware,Mentorship,Statewide,6,18,mentorship;positive_adult,23,High,Enroll youth / mentor match inquiry,https://bbbsde.org/
YP-0280,15,New Castle,career;career_pathway;case_management;community;education;employment;financial_literacy;general_support;homelessness;housing;independent_living;life_skills;mentorship;positive_adult;postsecondary;professional_skills;resume;transition_support,R019,YMCA of Delaware Teen Workforce Development,Employment,Statewide,15,19,professional_skills;resume,23,High,Interest form / program enrollment,https://www.ymcade.org/teen-workforce-development/
YP-0281,14,New Castle,career;career_pathway;case_management;college;employment;general_support;homelessness;housing;independent_living;postsecondary;professional_skills;resume,R007,Delaware 211,Resource Navigation,Statewide,0,99,general_support;housing,23,High,"Call 211, text zip code to 898-211, or use website",https://delaware211.org/
YP-0281,14,New Castle,career;career_pathway;case_management;college;employment;general_support;homelessness;housing;independent_living;postsecondary;professional_skills;resume,R001,DSCYF Independent Living Services,Independent Living,Statewide,14,21,housing,13,High,Caseworker/DFS referral,https://kids.delaware.gov/family-services/independent-living/
YP-0281,14,New Castle,career;career_pathway;case_management;college;employment;general_support;homelessness;housing;independent_living;postsecondary;professional_skills;resume,R025,Delaware Department of Labor - Vocational Rehabilitation Transition Services,Disability / Employment,Statewide,14,24,employment,13,High,DVR referral / school referral,https://labor.delaware.gov/divisions/dvr/transition-services/
YP-0281,14,New Castle,career;career_pathway;case_management;college;employment;general_support;homelessness;housing;independent_living;postsecondary;professional_skills;resume,R018,Boys & Girls Clubs of Delaware - Education and Career,Education & Career,Statewide,6,18,career,12,Medium,Join local club / program inquiry,https://www.bgclubs.org/education-and-career
YP-0281,14,New Castle,career;career_pathway;case_management;college;employment;general_support;homelessness;housing;independent_living;postsecondary;professional_skills;resume,R016,The Warehouse,Teen Center / Engagement,New Castle,13,24,employment,12,Medium,Membership / program enrollment,https://teenwarehouse.org/
YP-0282,17,New Castle,GED;career;credentials;education;employment;general_support;job_training;paid_work;postsecondary,R022,West End Education and Employment Department,Employment & Education,New Castle,16,24,GED;credentials;paid_work;postsecondary,43,High,Program inquiry,https://westendnh.org/programs/academic-education/
YP-0282,17,New Castle,GED;career;credentials;education;employment;general_support;job_training;paid_work;postsecondary,R007,Delaware 211,Resource Navigation,Statewide,0,99,education;general_support,23,High,"Call 211, text zip code to 898-211, or use website",https://delaware211.org/
YP-0282,17,New Castle,GED;career;credentials;education;employment;general_support;job_training;paid_work;postsecondary,R003,West End Neighborhood House Life Lines,Housing & Case Management,Statewide,16,23,education;employment,23,High,Referral or program inquiry,https://westendnh.org/programs/life-lines/
YP-0282,17,New Castle,GED;career;credentials;education;employment;general_support;job_training;paid_work;postsecondary,R021,Wilmington Housing Authority YouthBuild,Employment & Education,New Castle,16,24,GED;job_training,23,High,Program application,https://whadelaware.org/about-wha/employment-opportunities-and-training-programs/youthbuild
YP-0282,17,New Castle,GED;career;credentials;education;employment;general_support;job_training;paid_work;postsecondary,R023,The Challenge Program,Employment & Education,New Castle,16,24,GED;job_training,22,Medium,Program inquiry,https://www.challengeprogram.org/
YP-0283,19,New Castle,career_pathway;case_management;college;community;general_support;homelessness;housing;independent_living;mentorship;positive_adult;postsecondary;young_adults,R002,DSCYF ASSIST / Aftercare 18-21,Aftercare,Statewide,18,21,housing;independent_living,23,High,Caseworker/DFS referral,https://kids.delaware.gov/family-services/il-provider-resources/
YP-0283,19,New Castle,career_pathway;case_management;college;community;general_support;homelessness;housing;independent_living;mentorship;positive_adult;postsecondary;young_adults,R001,DSCYF Independent Living Services,Independent Living,Statewide,14,21,housing;mentorship,23,High,Caseworker/DFS referral,https://kids.delaware.gov/family-services/independent-living/
YP-0283,19,New Castle,career_pathway;case_management;college;community;general_support;homelessness;housing;independent_living;mentorship;positive_adult;postsecondary;young_adults,R007,Delaware 211,Resource Navigation,Statewide,0,99,general_support;housing,23,High,"Call 211, text zip code to 898-211, or use website",https://delaware211.org/
YP-0283,19,New Castle,career_pathway;case_management;college;community;general_support;homelessness;housing;independent_living;mentorship;positive_adult;postsecondary;young_adults,R022,West End Education and Employment Department,Employment & Education,New Castle,16,24,career_pathway;postsecondary,23,High,Program inquiry,https://westendnh.org/programs/academic-education/
YP-0283,19,New Castle,career_pathway;case_management;college;community;general_support;homelessness;housing;independent_living;mentorship;positive_adult;postsecondary;young_adults,R004,West End Life Lines Transitional Housing,Housing,Statewide,18,23,case_management;homelessness,23,High,Referral / eligibility screening,https://westendnh.org/programs/life-lines-programs/
YP-0284,19,Kent,GED;credentials;education;general_support;independent_living;postsecondary;young_adults,R007,Delaware 211,Resource Navigation,Statewide,0,99,education;general_support,23,High,"Call 211, text zip code to 898-211, or use website",https://delaware211.org/
YP-0284,19,Kent,GED;credentials;education;general_support;independent_living;postsecondary;young_adults,R002,DSCYF ASSIST / Aftercare 18-21,Aftercare,Statewide,18,21,independent_living,13,High,Caseworker/DFS referral,https://kids.delaware.gov/family-services/il-provider-resources/
YP-0284,19,Kent,GED;credentials;education;general_support;independent_living;postsecondary;young_adults,R003,West End Neighborhood House Life Lines,Housing & Case Management,Statewide,16,23,education,13,High,Referral or program inquiry,https://westendnh.org/programs/life-lines/
YP-0284,19,Kent,GED;credentials;education;general_support;independent_living;postsecondary;young_adults,R011,Delaware Courts Scholarships for Foster Care Alumni,Education Funding,Statewide,18,26,postsecondary,12,Medium,Application support,https://courts.delaware.gov/childadvocate/scholarships.aspx
YP-0284,19,Kent,GED;credentials;education;general_support;independent_living;postsecondary;young_adults,R055,Delaware LGBTQ+ Resources and Organizations,LGBTQ+ Support,Statewide,0,99,education,12,Medium,Resource navigation,https://history.delaware.gov/lgbtq-history/local-lgbtq-resources-and-organizations/
YP-0285,15,New Castle,career;career_pathway;college;employment;general_support;job_training;paid_work;postsecondary,R007,Delaware 211,Resource Navigation,Statewide,0,99,general_support,13,High,"Call 211, text zip code to 898-211, or use website",https://delaware211.org/
YP-0285,15,New Castle,career;career_pathway;college;employment;general_support;job_training;paid_work;postsecondary,R025,Delaware Department of Labor - Vocational Rehabilitation Transition Services,Disability / Employment,Statewide,14,24,employment,13,High,DVR referral / school referral,https://labor.delaware.gov/divisions/dvr/transition-services/
YP-0285,15,New Castle,career;career_pathway;college;employment;general_support;job_training;paid_work;postsecondary,R018,Boys & Girls Clubs of Delaware - Education and Career,Education & Career,Statewide,6,18,career,12,Medium,Join local club / program inquiry,https://www.bgclubs.org/education-and-career
YP-0285,15,New Castle,career;career_pathway;college;employment;general_support;job_training;paid_work;postsecondary,R020,New Castle County Youth Workforce Development Program,Employment,New Castle,14,21,paid_work,12,Medium,Application,https://www.newcastlede.gov/859/Youth-Workforce-Development-Program
YP-0285,15,New Castle,career;career_pathway;college;employment;general_support;job_training;paid_work;postsecondary,R016,The Warehouse,Teen Center / Engagement,New Castle,13,24,employment,12,Medium,Membership / program enrollment,https://teenwarehouse.org/
YP-0286,15,New Castle,career;career_pathway;case_management;college;community;employment;general_support;homelessness;housing;independent_living;job_training;mentorship;paid_work;positive_adult;postsecondary,R016,The Warehouse,Teen Center / Engagement,New Castle,13,24,community;employment;mentorship,32,Medium,Membership / program enrollment,https://teenwarehouse.org/
YP-0286,15,New Castle,career;career_pathway;case_management;college;community;employment;general_support;homelessness;housing;independent_living;job_training;mentorship;paid_work;positive_adult;postsecondary,R017,Big Brothers Big Sisters of Delaware,Mentorship,Statewide,6,18,mentorship;positive_adult,23,High,Enroll youth / mentor match inquiry,https://bbbsde.org/
YP-0286,15,New Castle,career;career_pathway;case_management;college;community;employment;general_support;homelessness;housing;independent_living;job_training;mentorship;paid_work;positive_adult;postsecondary,R001,DSCYF Independent Living Services,Independent Living,Statewide,14,21,housing;mentorship,23,High,Caseworker/DFS referral,https://kids.delaware.gov/family-services/independent-living/
YP-0286,15,New Castle,career;career_pathway;case_management;college;community;employment;general_support;homelessness;housing;independent_living;job_training;mentorship;paid_work;positive_adult;postsecondary,R007,Delaware 211,Resource Navigation,Statewide,0,99,general_support;housing,23,High,"Call 211, text zip code to 898-211, or use website",https://delaware211.org/
YP-0286,15,New Castle,career;career_pathway;case_management;college;community;employment;general_support;homelessness;housing;independent_living;job_training;mentorship;paid_work;positive_adult;postsecondary,R025,Delaware Department of Labor - Vocational Rehabilitation Transition Services,Disability / Employment,Statewide,14,24,employment,13,High,DVR referral / school referral,https://labor.delaware.gov/divisions/dvr/transition-services/
YP-0287,15,New Castle,career;career_pathway;case_management;education;employment;financial_literacy;general_support;job_training;life_skills;paid_work;postsecondary;transition_support,R001,DSCYF Independent Living Services,Independent Living,Statewide,14,21,life_skills;transition_support,23,High,Caseworker/DFS referral,https://kids.delaware.gov/family-services/independent-living/
YP-0287,15,New Castle,career;career_pathway;case_management;education;employment;financial_literacy;general_support;job_training;life_skills;paid_work;postsecondary;transition_support,R007,Delaware 211,Resource Navigation,Statewide,0,99,education;general_support,23,High,"Call 211, text zip code to 898-211, or use website",https://delaware211.org/
YP-0287,15,New Castle,career;career_pathway;case_management;education;employment;financial_literacy;general_support;job_training;life_skills;paid_work;postsecondary;transition_support,R016,The Warehouse,Teen Center / Engagement,New Castle,13,24,education;employment,22,Medium,Membership / program enrollment,https://teenwarehouse.org/
YP-0287,15,New Castle,career;career_pathway;case_management;education;employment;financial_literacy;general_support;job_training;life_skills;paid_work;postsecondary;transition_support,R025,Delaware Department of Labor - Vocational Rehabilitation Transition Services,Disability / Employment,Statewide,14,24,employment,13,High,DVR referral / school referral,https://labor.delaware.gov/divisions/dvr/transition-services/
YP-0287,15,New Castle,career;career_pathway;case_management;education;employment;financial_literacy;general_support;job_training;life_skills;paid_work;postsecondary;transition_support,R018,Boys & Girls Clubs of Delaware - Education and Career,Education & Career,Statewide,6,18,career,12,Medium,Join local club / program inquiry,https://www.bgclubs.org/education-and-career
YP-0288,16,Sussex,career_pathway;case_management;education;financial_literacy;general_support;homelessness;housing;independent_living;life_skills;postsecondary;transition_support,R003,West End Neighborhood House Life Lines,Housing & Case Management,Statewide,16,23,case_management;education;financial_literacy;housing;life_skills,53,High,Referral or program inquiry,https://westendnh.org/programs/life-lines/
YP-0288,16,Sussex,career_pathway;case_management;education;financial_literacy;general_support;homelessness;housing;independent_living;life_skills;postsecondary;transition_support,R001,DSCYF Independent Living Services,Independent Living,Statewide,14,21,housing;life_skills;transition_support,33,High,Caseworker/DFS referral,https://kids.delaware.gov/family-services/independent-living/
YP-0288,16,Sussex,career_pathway;case_management;education;financial_literacy;general_support;homelessness;housing;independent_living;life_skills;postsecondary;transition_support,R007,Delaware 211,Resource Navigation,Statewide,0,99,education;general_support;housing,33,High,"Call 211, text zip code to 898-211, or use website",https://delaware211.org/
YP-0288,16,Sussex,career_pathway;case_management;education;financial_literacy;general_support;homelessness;housing;independent_living;life_skills;postsecondary;transition_support,R005,People's Place Independent Living,Independent Living,Statewide,16,23,case_management;life_skills;transition_support,33,High,DFS referral or self-referral for 18-23,https://peoplesplace2.com/services/independent-living
YP-0288,16,Sussex,career_pathway;case_management;education;financial_literacy;general_support;homelessness;housing;independent_living;life_skills;postsecondary;transition_support,R055,Delaware LGBTQ+ Resources and Organizations,LGBTQ+ Support,Statewide,0,99,education,12,Medium,Resource navigation,https://history.delaware.gov/lgbtq-history/local-lgbtq-resources-and-organizations/
YP-0289,14,Kent,career_pathway;college;community;general_support;mentorship;positive_adult;postsecondary,R017,Big Brothers Big Sisters of Delaware,Mentorship,Statewide,6,18,mentorship;positive_adult,23,High,Enroll youth / mentor match inquiry,https://bbbsde.org/
YP-0289,14,Kent,career_pathway;college;community;general_support;mentorship;positive_adult;postsecondary,R001,DSCYF Independent Living Services,Independent Living,Statewide,14,21,mentorship,13,High,Caseworker/DFS referral,https://kids.delaware.gov/family-services/independent-living/
YP-0289,14,Kent,career_pathway;college;community;general_support;mentorship;positive_adult;postsecondary,R007,Delaware 211,Resource Navigation,Statewide,0,99,general_support,13,High,"Call 211, text zip code to 898-211, or use website",https://delaware211.org/
YP-0289,14,Kent,career_pathway;college;community;general_support;mentorship;positive_adult;postsecondary,R061,Delaware Parent Resources - Higher Education Guide,Education Navigation,Statewide,14,24,college,11,Low,Website navigation / caseworker support,https://delaware.gov/guides/parent-resources/
YP-0290,14,New Castle,GED;career;case_management;credentials;education;employment;financial_literacy;general_support;homelessness;housing;independent_living;life_skills;postsecondary;professional_skills;resume;transition_support,R001,DSCYF Independent Living Services,Independent Living,Statewide,14,21,housing;life_skills;transition_support,33,High,Caseworker/DFS referral,https://kids.delaware.gov/family-services/independent-living/
YP-0290,14,New Castle,GED;career;case_management;credentials;education;employment;financial_literacy;general_support;homelessness;housing;independent_living;life_skills;postsecondary;professional_skills;resume;transition_support,R007,Delaware 211,Resource Navigation,Statewide,0,99,education;general_support;housing,33,High,"Call 211, text zip code to 898-211, or use website",https://delaware211.org/
YP-0290,14,New Castle,GED;career;case_management;credentials;education;employment;financial_literacy;general_support;homelessness;housing;independent_living;life_skills;postsecondary;professional_skills;resume;transition_support,R016,The Warehouse,Teen Center / Engagement,New Castle,13,24,education;employment,22,Medium,Membership / program enrollment,https://teenwarehouse.org/
YP-0290,14,New Castle,GED;career;case_management;credentials;education;employment;financial_literacy;general_support;homelessness;housing;independent_living;life_skills;postsecondary;professional_skills;resume;transition_support,R025,Delaware Department of Labor - Vocational Rehabilitation Transition Services,Disability / Employment,Statewide,14,24,employment,13,High,DVR referral / school referral,https://labor.delaware.gov/divisions/dvr/transition-services/
YP-0290,14,New Castle,GED;career;case_management;credentials;education;employment;financial_literacy;general_support;homelessness;housing;independent_living;life_skills;postsecondary;professional_skills;resume;transition_support,R018,Boys & Girls Clubs of Delaware - Education and Career,Education & Career,Statewide,6,18,career,12,Medium,Join local club / program inquiry,https://www.bgclubs.org/education-and-career
YP-0291,19,New Castle,academic_support;career;career_readiness;case_management;education;employment;financial_literacy;general_support;independent_living;life_skills;professional_skills;resume;transition_support;young_adults,R003,West End Neighborhood House Life Lines,Housing & Case Management,Statewide,16,23,case_management;education;employment;financial_literacy;life_skills,53,High,Referral or program inquiry,https://westendnh.org/programs/life-lines/
YP-0291,19,New Castle,academic_support;career;career_readiness;case_management;education;employment;financial_literacy;general_support;independent_living;life_skills;professional_skills;resume;transition_support;young_adults,R005,People's Place Independent Living,Independent Living,Statewide,16,23,case_management;life_skills;transition_support,33,High,DFS referral or self-referral for 18-23,https://peoplesplace2.com/services/independent-living
YP-0291,19,New Castle,academic_support;career;career_readiness;case_management;education;employment;financial_literacy;general_support;independent_living;life_skills;professional_skills;resume;transition_support;young_adults,R001,DSCYF Independent Living Services,Independent Living,Statewide,14,21,life_skills;transition_support,23,High,Caseworker/DFS referral,https://kids.delaware.gov/family-services/independent-living/
YP-0291,19,New Castle,academic_support;career;career_readiness;case_management;education;employment;financial_literacy;general_support;independent_living;life_skills;professional_skills;resume;transition_support;young_adults,R007,Delaware 211,Resource Navigation,Statewide,0,99,education;general_support,23,High,"Call 211, text zip code to 898-211, or use website",https://delaware211.org/
YP-0291,19,New Castle,academic_support;career;career_readiness;case_management;education;employment;financial_literacy;general_support;independent_living;life_skills;professional_skills;resume;transition_support;young_adults,R019,YMCA of Delaware Teen Workforce Development,Employment,Statewide,15,19,professional_skills;resume,23,High,Interest form / program enrollment,https://www.ymcade.org/teen-workforce-development/
YP-0292,18,New Castle,career;career_pathway;case_management;community;education;employment;general_support;homelessness;housing;independent_living;mentorship;positive_adult;postsecondary;professional_skills;resume;young_adults,R003,West End Neighborhood House Life Lines,Housing & Case Management,Statewide,16,23,case_management;education;employment;housing,43,High,Referral or program inquiry,https://westendnh.org/programs/life-lines/
YP-0292,18,New Castle,career;career_pathway;case_management;community;education;employment;general_support;homelessness;housing;independent_living;mentorship;positive_adult;postsecondary;professional_skills;resume;young_adults,R016,The Warehouse,Teen Center / Engagement,New Castle,13,24,community;education;employment;mentorship,42,Medium,Membership / program enrollment,https://teenwarehouse.org/
YP-0292,18,New Castle,career;career_pathway;case_management;community;education;employment;general_support;homelessness;housing;independent_living;mentorship;positive_adult;postsecondary;professional_skills;resume;young_adults,R007,Delaware 211,Resource Navigation,Statewide,0,99,education;general_support;housing,33,High,"Call 211, text zip code to 898-211, or use website",https://delaware211.org/
YP-0292,18,New Castle,career;career_pathway;case_management;community;education;employment;general_support;homelessness;housing;independent_living;mentorship;positive_adult;postsecondary;professional_skills;resume;young_adults,R017,Big Brothers Big Sisters of Delaware,Mentorship,Statewide,6,18,mentorship;positive_adult,23,High,Enroll youth / mentor match inquiry,https://bbbsde.org/
YP-0292,18,New Castle,career;career_pathway;case_management;community;education;employment;general_support;homelessness;housing;independent_living;mentorship;positive_adult;postsecondary;professional_skills;resume;young_adults,R002,DSCYF ASSIST / Aftercare 18-21,Aftercare,Statewide,18,21,housing;independent_living,23,High,Caseworker/DFS referral,https://kids.delaware.gov/family-services/il-provider-resources/
YP-0293,13,New Castle,career;career_pathway;case_management;education;employment;financial_literacy;general_support;homelessness;housing;independent_living;job_training;life_skills;paid_work;postsecondary;transition_support,R007,Delaware 211,Resource Navigation,Statewide,0,99,education;general_support;housing,33,High,"Call 211, text zip code to 898-211, or use website",https://delaware211.org/
YP-0293,13,New Castle,career;career_pathway;case_management;education;employment;financial_literacy;general_support;homelessness;housing;independent_living;job_training;life_skills;paid_work;postsecondary;transition_support,R016,The Warehouse,Teen Center / Engagement,New Castle,13,24,education;employment,22,Medium,Membership / program enrollment,https://teenwarehouse.org/
YP-0293,13,New Castle,career;career_pathway;case_management;education;employment;financial_literacy;general_support;homelessness;housing;independent_living;job_training;life_skills;paid_work;postsecondary;transition_support,R018,Boys & Girls Clubs of Delaware - Education and Career,Education & Career,Statewide,6,18,career,12,Medium,Join local club / program inquiry,https://www.bgclubs.org/education-and-career
YP-0293,13,New Castle,career;career_pathway;case_management;education;employment;financial_literacy;general_support;homelessness;housing;independent_living;job_training;life_skills;paid_work;postsecondary;transition_support,R055,Delaware LGBTQ+ Resources and Organizations,LGBTQ+ Support,Statewide,0,99,education,12,Medium,Resource navigation,https://history.delaware.gov/lgbtq-history/local-lgbtq-resources-and-organizations/
YP-0293,13,New Castle,career;career_pathway;case_management;education;employment;financial_literacy;general_support;homelessness;housing;independent_living;job_training;life_skills;paid_work;postsecondary;transition_support,R046,Junior Achievement of Delaware,Financial Literacy & Career,Statewide,5,18,financial_literacy,12,Medium,School/community program inquiry,https://delaware.ja.org/
YP-0294,17,Sussex,academic_support;career_readiness;case_management;education;general_support;homelessness;housing;independent_living,R007,Delaware 211,Resource Navigation,Statewide,0,99,education;general_support;housing,33,High,"Call 211, text zip code to 898-211, or use website",https://delaware211.org/
YP-0294,17,Sussex,academic_support;career_readiness;case_management;education;general_support;homelessness;housing;independent_living,R003,West End Neighborhood House Life Lines,Housing & Case Management,Statewide,16,23,case_management;education;housing,33,High,Referral or program inquiry,https://westendnh.org/programs/life-lines/
YP-0294,17,Sussex,academic_support;career_readiness;case_management;education;general_support;homelessness;housing;independent_living,R001,DSCYF Independent Living Services,Independent Living,Statewide,14,21,housing,13,High,Caseworker/DFS referral,https://kids.delaware.gov/family-services/independent-living/
YP-0294,17,Sussex,academic_support;career_readiness;case_management;education;general_support;homelessness;housing;independent_living,R005,People's Place Independent Living,Independent Living,Statewide,16,23,case_management,13,High,DFS referral or self-referral for 18-23,https://peoplesplace2.com/services/independent-living
YP-0294,17,Sussex,academic_support;career_readiness;case_management;education;general_support;homelessness;housing;independent_living,R018,Boys & Girls Clubs of Delaware - Education and Career,Education & Career,Statewide,6,18,academic_support,12,Medium,Join local club / program inquiry,https://www.bgclubs.org/education-and-career
YP-0295,17,New Castle,academic_support;career;career_readiness;case_management;community;education;employment;general_support;homelessness;housing;independent_living;mentorship;positive_adult;professional_skills;resume,R003,West End Neighborhood House Life Lines,Housing & Case Management,Statewide,16,23,case_management;education;employment;housing,43,High,Referral or program inquiry,https://westendnh.org/programs/life-lines/
YP-0295,17,New Castle,academic_support;career;career_readiness;case_management;community;education;employment;general_support;homelessness;housing;independent_living;mentorship;positive_adult;professional_skills;resume,R016,The Warehouse,Teen Center / Engagement,New Castle,13,24,community;education;employment;mentorship,42,Medium,Membership / program enrollment,https://teenwarehouse.org/
YP-0295,17,New Castle,academic_support;career;career_readiness;case_management;community;education;employment;general_support;homelessness;housing;independent_living;mentorship;positive_adult;professional_skills;resume,R007,Delaware 211,Resource Navigation,Statewide,0,99,education;general_support;housing,33,High,"Call 211, text zip code to 898-211, or use website",https://delaware211.org/
YP-0295,17,New Castle,academic_support;career;career_readiness;case_management;community;education;employment;general_support;homelessness;housing;independent_living;mentorship;positive_adult;professional_skills;resume,R017,Big Brothers Big Sisters of Delaware,Mentorship,Statewide,6,18,mentorship;positive_adult,23,High,Enroll youth / mentor match inquiry,https://bbbsde.org/
YP-0295,17,New Castle,academic_support;career;career_readiness;case_management;community;education;employment;general_support;homelessness;housing;independent_living;mentorship;positive_adult;professional_skills;resume,R001,DSCYF Independent Living Services,Independent Living,Statewide,14,21,housing;mentorship,23,High,Caseworker/DFS referral,https://kids.delaware.gov/family-services/independent-living/
YP-0296,18,Sussex,career;career_pathway;college;employment;general_support;independent_living;job_training;paid_work;postsecondary;young_adults,R002,DSCYF ASSIST / Aftercare 18-21,Aftercare,Statewide,18,21,independent_living,13,High,Caseworker/DFS referral,https://kids.delaware.gov/family-services/il-provider-resources/
YP-0296,18,Sussex,career;career_pathway;college;employment;general_support;independent_living;job_training;paid_work;postsecondary;young_adults,R007,Delaware 211,Resource Navigation,Statewide,0,99,general_support,13,High,"Call 211, text zip code to 898-211, or use website",https://delaware211.org/
YP-0296,18,Sussex,career;career_pathway;college;employment;general_support;independent_living;job_training;paid_work;postsecondary;young_adults,R025,Delaware Department of Labor - Vocational Rehabilitation Transition Services,Disability / Employment,Statewide,14,24,employment,13,High,DVR referral / school referral,https://labor.delaware.gov/divisions/dvr/transition-services/
YP-0296,18,Sussex,career;career_pathway;college;employment;general_support;independent_living;job_training;paid_work;postsecondary;young_adults,R009,Foster Care Tuition Waiver Program,Education Funding,Statewide,18,26,college,13,High,Eligibility application / caseworker support,https://kids.delaware.gov/family-services/foster-care-tuition-waiver-program/
YP-0296,18,Sussex,career;career_pathway;college;employment;general_support;independent_living;job_training;paid_work;postsecondary;young_adults,R003,West End Neighborhood House Life Lines,Housing & Case Management,Statewide,16,23,employment,13,High,Referral or program inquiry,https://westendnh.org/programs/life-lines/
YP-0297,18,Sussex,career;career_pathway;case_management;college;community;employment;financial_literacy;general_support;independent_living;life_skills;mentorship;positive_adult;postsecondary;professional_skills;resume;transition_support;young_adults,R003,West End Neighborhood House Life Lines,Housing & Case Management,Statewide,16,23,case_management;employment;financial_literacy;life_skills,43,High,Referral or program inquiry,https://westendnh.org/programs/life-lines/
YP-0297,18,Sussex,career;career_pathway;case_management;college;community;employment;financial_literacy;general_support;independent_living;life_skills;mentorship;positive_adult;postsecondary;professional_skills;resume;transition_support;young_adults,R001,DSCYF Independent Living Services,Independent Living,Statewide,14,21,life_skills;mentorship;transition_support,33,High,Caseworker/DFS referral,https://kids.delaware.gov/family-services/independent-living/
YP-0297,18,Sussex,career;career_pathway;case_management;college;community;employment;financial_literacy;general_support;independent_living;life_skills;mentorship;positive_adult;postsecondary;professional_skills;resume;transition_support;young_adults,R005,People's Place Independent Living,Independent Living,Statewide,16,23,case_management;life_skills;transition_support,33,High,DFS referral or self-referral for 18-23,https://peoplesplace2.com/services/independent-living
YP-0297,18,Sussex,career;career_pathway;case_management;college;community;employment;financial_literacy;general_support;independent_living;life_skills;mentorship;positive_adult;postsecondary;professional_skills;resume;transition_support;young_adults,R017,Big Brothers Big Sisters of Delaware,Mentorship,Statewide,6,18,mentorship;positive_adult,23,High,Enroll youth / mentor match inquiry,https://bbbsde.org/
YP-0297,18,Sussex,career;career_pathway;case_management;college;community;employment;financial_literacy;general_support;independent_living;life_skills;mentorship;positive_adult;postsecondary;professional_skills;resume;transition_support;young_adults,R019,YMCA of Delaware Teen Workforce Development,Employment,Statewide,15,19,professional_skills;resume,23,High,Interest form / program enrollment,https://www.ymcade.org/teen-workforce-development/
YP-0298,15,New Castle,career;career_pathway;case_management;college;employment;financial_literacy;general_support;job_training;life_skills;paid_work;postsecondary;transition_support,R001,DSCYF Independent Living Services,Independent Living,Statewide,14,21,life_skills;transition_support,23,High,Caseworker/DFS referral,https://kids.delaware.gov/family-services/independent-living/
YP-0298,15,New Castle,career;career_pathway;case_management;college;employment;financial_literacy;general_support;job_training;life_skills;paid_work;postsecondary;transition_support,R007,Delaware 211,Resource Navigation,Statewide,0,99,general_support,13,High,"Call 211, text zip code to 898-211, or use website",https://delaware211.org/
YP-0298,15,New Castle,career;career_pathway;case_management;college;employment;financial_literacy;general_support;job_training;life_skills;paid_work;postsecondary;transition_support,R025,Delaware Department of Labor - Vocational Rehabilitation Transition Services,Disability / Employment,Statewide,14,24,employment,13,High,DVR referral / school referral,https://labor.delaware.gov/divisions/dvr/transition-services/
YP-0298,15,New Castle,career;career_pathway;case_management;college;employment;financial_literacy;general_support;job_training;life_skills;paid_work;postsecondary;transition_support,R018,Boys & Girls Clubs of Delaware - Education and Career,Education & Career,Statewide,6,18,career,12,Medium,Join local club / program inquiry,https://www.bgclubs.org/education-and-career
YP-0298,15,New Castle,career;career_pathway;case_management;college;employment;financial_literacy;general_support;job_training;life_skills;paid_work;postsecondary;transition_support,R027,Independent Resources Inc. Youth Transition Life Skills Program,Disability / Life Skills,Statewide,14,28,life_skills,12,Medium,Program inquiry / referral,https://www.iri-delaware.org/iri/25-transition-life-skills-program/
YP-0299,14,Sussex,academic_support;career_readiness;education;general_support,R007,Delaware 211,Resource Navigation,Statewide,0,99,education;general_support,23,High,"Call 211, text zip code to 898-211, or use website",https://delaware211.org/
YP-0299,14,Sussex,academic_support;career_readiness;education;general_support,R018,Boys & Girls Clubs of Delaware - Education and Career,Education & Career,Statewide,6,18,academic_support,12,Medium,Join local club / program inquiry,https://www.bgclubs.org/education-and-career
YP-0299,14,Sussex,academic_support;career_readiness;education;general_support,R055,Delaware LGBTQ+ Resources and Organizations,LGBTQ+ Support,Statewide,0,99,education,12,Medium,Resource navigation,https://history.delaware.gov/lgbtq-history/local-lgbtq-resources-and-organizations/
YP-0299,14,Sussex,academic_support;career_readiness;education;general_support,R024,Jobs for Delaware Graduates,Education & Employment,Statewide,14,21,career_readiness,12,Medium,School/program referral,https://jobsdegrads.org/
YP-0299,14,Sussex,academic_support;career_readiness;education;general_support,R046,Junior Achievement of Delaware,Financial Literacy & Career,Statewide,5,18,career_readiness,12,Medium,School/community program inquiry,https://delaware.ja.org/
YP-0300,17,New Castle,career;career_pathway;case_management;college;employment;financial_literacy;general_support;homelessness;housing;job_training;life_skills;paid_work;postsecondary;transition_support,R003,West End Neighborhood House Life Lines,Housing & Case Management,Statewide,16,23,case_management;employment;financial_literacy;housing;life_skills,53,High,Referral or program inquiry,https://westendnh.org/programs/life-lines/
YP-0300,17,New Castle,career;career_pathway;case_management;college;employment;financial_literacy;general_support;homelessness;housing;job_training;life_skills;paid_work;postsecondary;transition_support,R001,DSCYF Independent Living Services,Independent Living,Statewide,14,21,housing;life_skills;transition_support,33,High,Caseworker/DFS referral,https://kids.delaware.gov/family-services/independent-living/
YP-0300,17,New Castle,career;career_pathway;case_management;college;employment;financial_literacy;general_support;homelessness;housing;job_training;life_skills;paid_work;postsecondary;transition_support,R005,People's Place Independent Living,Independent Living,Statewide,16,23,case_management;life_skills;transition_support,33,High,DFS referral or self-referral for 18-23,https://peoplesplace2.com/services/independent-living
YP-0300,17,New Castle,career;career_pathway;case_management;college;employment;financial_literacy;general_support;homelessness;housing;job_training;life_skills;paid_work;postsecondary;transition_support,R022,West End Education and Employment Department,Employment & Education,New Castle,16,24,career_pathway;paid_work;postsecondary,33,High,Program inquiry,https://westendnh.org/programs/academic-education/
YP-0300,17,New Castle,career;career_pathway;case_management;college;employment;financial_literacy;general_support;homelessness;housing;job_training;life_skills;paid_work;postsecondary;transition_support,R007,Delaware 211,Resource Navigation,Statewide,0,99,general_support;housing,23,High,"Call 211, text zip code to 898-211, or use website",https://delaware211.org/
YP-0301,15,Kent,GED;career;case_management;credentials;education;employment;general_support;homelessness;housing;independent_living;job_training;paid_work;postsecondary,R007,Delaware 211,Resource Navigation,Statewide,0,99,education;general_support;housing,33,High,"Call 211, text zip code to 898-211, or use website",https://delaware211.org/
YP-0301,15,Kent,GED;career;case_management;credentials;education;employment;general_support;homelessness;housing;independent_living;job_training;paid_work;postsecondary,R001,DSCYF Independent Living Services,Independent Living,Statewide,14,21,housing,13,High,Caseworker/DFS referral,https://kids.delaware.gov/family-services/independent-living/
YP-0301,15,Kent,GED;career;case_management;credentials;education;employment;general_support;homelessness;housing;independent_living;job_training;paid_work;postsecondary,R025,Delaware Department of Labor - Vocational Rehabilitation Transition Services,Disability / Employment,Statewide,14,24,employment,13,High,DVR referral / school referral,https://labor.delaware.gov/divisions/dvr/transition-services/
YP-0301,15,Kent,GED;career;case_management;credentials;education;employment;general_support;homelessness;housing;independent_living;job_training;paid_work;postsecondary,R018,Boys & Girls Clubs of Delaware - Education and Career,Education & Career,Statewide,6,18,career,12,Medium,Join local club / program inquiry,https://www.bgclubs.org/education-and-career
YP-0301,15,Kent,GED;career;case_management;credentials;education;employment;general_support;homelessness;housing;independent_living;job_training;paid_work;postsecondary,R055,Delaware LGBTQ+ Resources and Organizations,LGBTQ+ Support,Statewide,0,99,education,12,Medium,Resource navigation,https://history.delaware.gov/lgbtq-history/local-lgbtq-resources-and-organizations/
YP-0302,19,New Castle,GED;career;case_management;community;credentials;education;employment;financial_literacy;general_support;homelessness;housing;independent_living;life_skills;mentorship;positive_adult;postsecondary;professional_skills;resume;transition_support;young_adults,R003,West End Neighborhood House Life Lines,Housing & Case Management,Statewide,16,23,case_management;education;employment;financial_literacy;housing;life_skills,63,High,Referral or program inquiry,https://westendnh.org/programs/life-lines/
YP-0302,19,New Castle,GED;career;case_management;community;credentials;education;employment;financial_literacy;general_support;homelessness;housing;independent_living;life_skills;mentorship;positive_adult;postsecondary;professional_skills;resume;transition_support;young_adults,R001,DSCYF Independent Living Services,Independent Living,Statewide,14,21,housing;life_skills;mentorship;transition_support,43,High,Caseworker/DFS referral,https://kids.delaware.gov/family-services/independent-living/
YP-0302,19,New Castle,GED;career;case_management;community;credentials;education;employment;financial_literacy;general_support;homelessness;housing;independent_living;life_skills;mentorship;positive_adult;postsecondary;professional_skills;resume;transition_support;young_adults,R016,The Warehouse,Teen Center / Engagement,New Castle,13,24,community;education;employment;mentorship,42,Medium,Membership / program enrollment,https://teenwarehouse.org/
YP-0302,19,New Castle,GED;career;case_management;community;credentials;education;employment;financial_literacy;general_support;homelessness;housing;independent_living;life_skills;mentorship;positive_adult;postsecondary;professional_skills;resume;transition_support;young_adults,R007,Delaware 211,Resource Navigation,Statewide,0,99,education;general_support;housing,33,High,"Call 211, text zip code to 898-211, or use website",https://delaware211.org/
YP-0302,19,New Castle,GED;career;case_management;community;credentials;education;employment;financial_literacy;general_support;homelessness;housing;independent_living;life_skills;mentorship;positive_adult;postsecondary;professional_skills;resume;transition_support;young_adults,R005,People's Place Independent Living,Independent Living,Statewide,16,23,case_management;life_skills;transition_support,33,High,DFS referral or self-referral for 18-23,https://peoplesplace2.com/services/independent-living
YP-0303,15,Sussex,academic_support;career;career_readiness;case_management;community;education;employment;financial_literacy;general_support;homelessness;housing;internship;life_skills;mentorship;positive_adult;professional_skills;transition_support,R001,DSCYF Independent Living Services,Independent Living,Statewide,14,21,housing;life_skills;mentorship;transition_support,43,High,Caseworker/DFS referral,https://kids.delaware.gov/family-services/independent-living/
YP-0303,15,Sussex,academic_support;career;career_readiness;case_management;community;education;employment;financial_literacy;general_support;homelessness;housing;internship;life_skills;mentorship;positive_adult;professional_skills;transition_support,R007,Delaware 211,Resource Navigation,Statewide,0,99,education;general_support;housing,33,High,"Call 211, text zip code to 898-211, or use website",https://delaware211.org/
YP-0303,15,Sussex,academic_support;career;career_readiness;case_management;community;education;employment;financial_literacy;general_support;homelessness;housing;internship;life_skills;mentorship;positive_adult;professional_skills;transition_support,R017,Big Brothers Big Sisters of Delaware,Mentorship,Statewide,6,18,mentorship;positive_adult,23,High,Enroll youth / mentor match inquiry,https://bbbsde.org/
YP-0303,15,Sussex,academic_support;career;career_readiness;case_management;community;education;employment;financial_literacy;general_support;homelessness;housing;internship;life_skills;mentorship;positive_adult;professional_skills;transition_support,R019,YMCA of Delaware Teen Workforce Development,Employment,Statewide,15,19,internship;professional_skills,23,High,Interest form / program enrollment,https://www.ymcade.org/teen-workforce-development/
YP-0303,15,Sussex,academic_support;career;career_readiness;case_management;community;education;employment;financial_literacy;general_support;homelessness;housing;internship;life_skills;mentorship;positive_adult;professional_skills;transition_support,R018,Boys & Girls Clubs of Delaware - Education and Career,Education & Career,Statewide,6,18,academic_support;career,22,Medium,Join local club / program inquiry,https://www.bgclubs.org/education-and-career
YP-0304,16,Kent,academic_support;career;career_readiness;case_management;education;employment;general_support;homelessness;housing;independent_living;job_training;paid_work,R003,West End Neighborhood House Life Lines,Housing & Case Management,Statewide,16,23,case_management;education;employment;housing,43,High,Referral or program inquiry,https://westendnh.org/programs/life-lines/
YP-0304,16,Kent,academic_support;career;career_readiness;case_management;education;employment;general_support;homelessness;housing;independent_living;job_training;paid_work,R007,Delaware 211,Resource Navigation,Statewide,0,99,education;general_support;housing,33,High,"Call 211, text zip code to 898-211, or use website",https://delaware211.org/
YP-0304,16,Kent,academic_support;career;career_readiness;case_management;education;employment;general_support;homelessness;housing;independent_living;job_training;paid_work,R018,Boys & Girls Clubs of Delaware - Education and Career,Education & Career,Statewide,6,18,academic_support;career,22,Medium,Join local club / program inquiry,https://www.bgclubs.org/education-and-career
YP-0304,16,Kent,academic_support;career;career_readiness;case_management;education;employment;general_support;homelessness;housing;independent_living;job_training;paid_work,R001,DSCYF Independent Living Services,Independent Living,Statewide,14,21,housing,13,High,Caseworker/DFS referral,https://kids.delaware.gov/family-services/independent-living/
YP-0304,16,Kent,academic_support;career;career_readiness;case_management;education;employment;general_support;homelessness;housing;independent_living;job_training;paid_work,R025,Delaware Department of Labor - Vocational Rehabilitation Transition Services,Disability / Employment,Statewide,14,24,employment,13,High,DVR referral / school referral,https://labor.delaware.gov/divisions/dvr/transition-services/
YP-0305,16,New Castle,career;career_pathway;education;employment;general_support;job_training;paid_work;postsecondary,R022,West End Education and Employment Department,Employment & Education,New Castle,16,24,career_pathway;paid_work;postsecondary,33,High,Program inquiry,https://westendnh.org/programs/academic-education/
YP-0305,16,New Castle,career;career_pathway;education;employment;general_support;job_training;paid_work;postsecondary,R007,Delaware 211,Resource Navigation,Statewide,0,99,education;general_support,23,High,"Call 211, text zip code to 898-211, or use website",https://delaware211.org/
YP-0305,16,New Castle,career;career_pathway;education;employment;general_support;job_training;paid_work;postsecondary,R003,West End Neighborhood House Life Lines,Housing & Case Management,Statewide,16,23,education;employment,23,High,Referral or program inquiry,https://westendnh.org/programs/life-lines/
YP-0305,16,New Castle,career;career_pathway;education;employment;general_support;job_training;paid_work;postsecondary,R016,The Warehouse,Teen Center / Engagement,New Castle,13,24,education;employment,22,Medium,Membership / program enrollment,https://teenwarehouse.org/
YP-0305,16,New Castle,career;career_pathway;education;employment;general_support;job_training;paid_work;postsecondary,R025,Delaware Department of Labor - Vocational Rehabilitation Transition Services,Disability / Employment,Statewide,14,24,employment,13,High,DVR referral / school referral,https://labor.delaware.gov/divisions/dvr/transition-services/
YP-0306,19,New Castle,career_pathway;case_management;college;community;general_support;homelessness;housing;independent_living;mentorship;positive_adult;postsecondary;young_adults,R002,DSCYF ASSIST / Aftercare 18-21,Aftercare,Statewide,18,21,housing;independent_living,23,High,Caseworker/DFS referral,https://kids.delaware.gov/family-services/il-provider-resources/
YP-0306,19,New Castle,career_pathway;case_management;college;community;general_support;homelessness;housing;independent_living;mentorship;positive_adult;postsecondary;young_adults,R001,DSCYF Independent Living Services,Independent Living,Statewide,14,21,housing;mentorship,23,High,Caseworker/DFS referral,https://kids.delaware.gov/family-services/independent-living/
YP-0306,19,New Castle,career_pathway;case_management;college;community;general_support;homelessness;housing;independent_living;mentorship;positive_adult;postsecondary;young_adults,R007,Delaware 211,Resource Navigation,Statewide,0,99,general_support;housing,23,High,"Call 211, text zip code to 898-211, or use website",https://delaware211.org/
YP-0306,19,New Castle,career_pathway;case_management;college;community;general_support;homelessness;housing;independent_living;mentorship;positive_adult;postsecondary;young_adults,R022,West End Education and Employment Department,Employment & Education,New Castle,16,24,career_pathway;postsecondary,23,High,Program inquiry,https://westendnh.org/programs/academic-education/
YP-0306,19,New Castle,career_pathway;case_management;college;community;general_support;homelessness;housing;independent_living;mentorship;positive_adult;postsecondary;young_adults,R004,West End Life Lines Transitional Housing,Housing,Statewide,18,23,case_management;homelessness,23,High,Referral / eligibility screening,https://westendnh.org/programs/life-lines-programs/
YP-0307,19,New Castle,academic_support;career_readiness;education;general_support;independent_living;young_adults,R007,Delaware 211,Resource Navigation,Statewide,0,99,education;general_support,23,High,"Call 211, text zip code to 898-211, or use website",https://delaware211.org/
YP-0307,19,New Castle,academic_support;career_readiness;education;general_support;independent_living;young_adults,R002,DSCYF ASSIST / Aftercare 18-21,Aftercare,Statewide,18,21,independent_living,13,High,Caseworker/DFS referral,https://kids.delaware.gov/family-services/il-provider-resources/
YP-0307,19,New Castle,academic_support;career_readiness;education;general_support;independent_living;young_adults,R003,West End Neighborhood House Life Lines,Housing & Case Management,Statewide,16,23,education,13,High,Referral or program inquiry,https://westendnh.org/programs/life-lines/
YP-0307,19,New Castle,academic_support;career_readiness;education;general_support;independent_living;young_adults,R055,Delaware LGBTQ+ Resources and Organizations,LGBTQ+ Support,Statewide,0,99,education,12,Medium,Resource navigation,https://history.delaware.gov/lgbtq-history/local-lgbtq-resources-and-organizations/
YP-0307,19,New Castle,academic_support;career_readiness;education;general_support;independent_living;young_adults,R024,Jobs for Delaware Graduates,Education & Employment,Statewide,14,21,career_readiness,12,Medium,School/program referral,https://jobsdegrads.org/
YP-0308,14,Sussex,academic_support;career;career_readiness;community;education;employment;general_support;job_training;mentorship;paid_work;positive_adult,R017,Big Brothers Big Sisters of Delaware,Mentorship,Statewide,6,18,mentorship;positive_adult,23,High,Enroll youth / mentor match inquiry,https://bbbsde.org/
YP-0308,14,Sussex,academic_support;career;career_readiness;community;education;employment;general_support;job_training;mentorship;paid_work;positive_adult,R007,Delaware 211,Resource Navigation,Statewide,0,99,education;general_support,23,High,"Call 211, text zip code to 898-211, or use website",https://delaware211.org/
YP-0308,14,Sussex,academic_support;career;career_readiness;community;education;employment;general_support;job_training;mentorship;paid_work;positive_adult,R018,Boys & Girls Clubs of Delaware - Education and Career,Education & Career,Statewide,6,18,academic_support;career,22,Medium,Join local club / program inquiry,https://www.bgclubs.org/education-and-career
YP-0308,14,Sussex,academic_support;career;career_readiness;community;education;employment;general_support;job_training;mentorship;paid_work;positive_adult,R001,DSCYF Independent Living Services,Independent Living,Statewide,14,21,mentorship,13,High,Caseworker/DFS referral,https://kids.delaware.gov/family-services/independent-living/
YP-0308,14,Sussex,academic_support;career;career_readiness;community;education;employment;general_support;job_training;mentorship;paid_work;positive_adult,R025,Delaware Department of Labor - Vocational Rehabilitation Transition Services,Disability / Employment,Statewide,14,24,employment,13,High,DVR referral / school referral,https://labor.delaware.gov/divisions/dvr/transition-services/
YP-0309,15,New Castle,academic_support;career;career_readiness;case_management;community;education;employment;financial_literacy;general_support;life_skills;mentorship;positive_adult;professional_skills;resume;transition_support,R016,The Warehouse,Teen Center / Engagement,New Castle,13,24,community;education;employment;mentorship,42,Medium,Membership / program enrollment,https://teenwarehouse.org/
YP-0309,15,New Castle,academic_support;career;career_readiness;case_management;community;education;employment;financial_literacy;general_support;life_skills;mentorship;positive_adult;professional_skills;resume;transition_support,R001,DSCYF Independent Living Services,Independent Living,Statewide,14,21,life_skills;mentorship;transition_support,33,High,Caseworker/DFS referral,https://kids.delaware.gov/family-services/independent-living/
YP-0309,15,New Castle,academic_support;career;career_readiness;case_management;community;education;employment;financial_literacy;general_support;life_skills;mentorship;positive_adult;professional_skills;resume;transition_support,R017,Big Brothers Big Sisters of Delaware,Mentorship,Statewide,6,18,mentorship;positive_adult,23,High,Enroll youth / mentor match inquiry,https://bbbsde.org/
YP-0309,15,New Castle,academic_support;career;career_readiness;case_management;community;education;employment;financial_literacy;general_support;life_skills;mentorship;positive_adult;professional_skills;resume;transition_support,R007,Delaware 211,Resource Navigation,Statewide,0,99,education;general_support,23,High,"Call 211, text zip code to 898-211, or use website",https://delaware211.org/
YP-0309,15,New Castle,academic_support;career;career_readiness;case_management;community;education;employment;financial_literacy;general_support;life_skills;mentorship;positive_adult;professional_skills;resume;transition_support,R019,YMCA of Delaware Teen Workforce Development,Employment,Statewide,15,19,professional_skills;resume,23,High,Interest form / program enrollment,https://www.ymcade.org/teen-workforce-development/
YP-0310,19,Sussex,academic_support;career;career_readiness;case_management;education;employment;financial_literacy;general_support;homelessness;housing;independent_living;life_skills;professional_skills;resume;transition_support;young_adults,R003,West End Neighborhood House Life Lines,Housing & Case Management,Statewide,16,23,case_management;education;employment;financial_literacy;housing;life_skills,63,High,Referral or program inquiry,https://westendnh.org/programs/life-lines/
YP-0310,19,Sussex,academic_support;career;career_readiness;case_management;education;employment;financial_literacy;general_support;homelessness;housing;independent_living;life_skills;professional_skills;resume;transition_support;young_adults,R001,DSCYF Independent Living Services,Independent Living,Statewide,14,21,housing;life_skills;transition_support,33,High,Caseworker/DFS referral,https://kids.delaware.gov/family-services/independent-living/
YP-0310,19,Sussex,academic_support;career;career_readiness;case_management;education;employment;financial_literacy;general_support;homelessness;housing;independent_living;life_skills;professional_skills;resume;transition_support;young_adults,R007,Delaware 211,Resource Navigation,Statewide,0,99,education;general_support;housing,33,High,"Call 211, text zip code to 898-211, or use website",https://delaware211.org/
YP-0310,19,Sussex,academic_support;career;career_readiness;case_management;education;employment;financial_literacy;general_support;homelessness;housing;independent_living;life_skills;professional_skills;resume;transition_support;young_adults,R005,People's Place Independent Living,Independent Living,Statewide,16,23,case_management;life_skills;transition_support,33,High,DFS referral or self-referral for 18-23,https://peoplesplace2.com/services/independent-living
YP-0310,19,Sussex,academic_support;career;career_readiness;case_management;education;employment;financial_literacy;general_support;homelessness;housing;independent_living;life_skills;professional_skills;resume;transition_support;young_adults,R002,DSCYF ASSIST / Aftercare 18-21,Aftercare,Statewide,18,21,housing;independent_living,23,High,Caseworker/DFS referral,https://kids.delaware.gov/family-services/il-provider-resources/
YP-0311,17,New Castle,GED;community;credentials;education;general_support;mentorship;positive_adult;postsecondary,R022,West End Education and Employment Department,Employment & Education,New Castle,16,24,GED;credentials;postsecondary,33,High,Program inquiry,https://westendnh.org/programs/academic-education/
YP-0311,17,New Castle,GED;community;credentials;education;general_support;mentorship;positive_adult;postsecondary,R016,The Warehouse,Teen Center / Engagement,New Castle,13,24,community;education;mentorship,32,Medium,Membership / program enrollment,https://teenwarehouse.org/
YP-0311,17,New Castle,GED;community;credentials;education;general_support;mentorship;positive_adult;postsecondary,R017,Big Brothers Big Sisters of Delaware,Mentorship,Statewide,6,18,mentorship;positive_adult,23,High,Enroll youth / mentor match inquiry,https://bbbsde.org/
YP-0311,17,New Castle,GED;community;credentials;education;general_support;mentorship;positive_adult;postsecondary,R007,Delaware 211,Resource Navigation,Statewide,0,99,education;general_support,23,High,"Call 211, text zip code to 898-211, or use website",https://delaware211.org/
YP-0311,17,New Castle,GED;community;credentials;education;general_support;mentorship;positive_adult;postsecondary,R001,DSCYF Independent Living Services,Independent Living,Statewide,14,21,mentorship,13,High,Caseworker/DFS referral,https://kids.delaware.gov/family-services/independent-living/
YP-0312,19,New Castle,career;career_pathway;case_management;college;employment;financial_literacy;general_support;homelessness;housing;independent_living;life_skills;postsecondary;professional_skills;resume;transition_support;young_adults,R003,West End Neighborhood House Life Lines,Housing & Case Management,Statewide,16,23,case_management;employment;financial_literacy;housing;life_skills,53,High,Referral or program inquiry,https://westendnh.org/programs/life-lines/
YP-0312,19,New Castle,career;career_pathway;case_management;college;employment;financial_literacy;general_support;homelessness;housing;independent_living;life_skills;postsecondary;professional_skills;resume;transition_support;young_adults,R001,DSCYF Independent Living Services,Independent Living,Statewide,14,21,housing;life_skills;transition_support,33,High,Caseworker/DFS referral,https://kids.delaware.gov/family-services/independent-living/
YP-0312,19,New Castle,career;career_pathway;case_management;college;employment;financial_literacy;general_support;homelessness;housing;independent_living;life_skills;postsecondary;professional_skills;resume;transition_support;young_adults,R005,People's Place Independent Living,Independent Living,Statewide,16,23,case_management;life_skills;transition_support,33,High,DFS referral or self-referral for 18-23,https://peoplesplace2.com/services/independent-living
YP-0312,19,New Castle,career;career_pathway;case_management;college;employment;financial_literacy;general_support;homelessness;housing;independent_living;life_skills;postsecondary;professional_skills;resume;transition_support;young_adults,R002,DSCYF ASSIST / Aftercare 18-21,Aftercare,Statewide,18,21,housing;independent_living,23,High,Caseworker/DFS referral,https://kids.delaware.gov/family-services/il-provider-resources/
YP-0312,19,New Castle,career;career_pathway;case_management;college;employment;financial_literacy;general_support;homelessness;housing;independent_living;life_skills;postsecondary;professional_skills;resume;transition_support;young_adults,R007,Delaware 211,Resource Navigation,Statewide,0,99,general_support;housing,23,High,"Call 211, text zip code to 898-211, or use website",https://delaware211.org/
YP-0313,18,New Castle,career;career_pathway;case_management;college;employment;general_support;homelessness;housing;independent_living;internship;postsecondary;professional_skills;young_adults,R003,West End Neighborhood House Life Lines,Housing & Case Management,Statewide,16,23,case_management;employment;housing,33,High,Referral or program inquiry,https://westendnh.org/programs/life-lines/
YP-0313,18,New Castle,career;career_pathway;case_management;college;employment;general_support;homelessness;housing;independent_living;internship;postsecondary;professional_skills;young_adults,R002,DSCYF ASSIST / Aftercare 18-21,Aftercare,Statewide,18,21,housing;independent_living,23,High,Caseworker/DFS referral,https://kids.delaware.gov/family-services/il-provider-resources/
YP-0313,18,New Castle,career;career_pathway;case_management;college;employment;general_support;homelessness;housing;independent_living;internship;postsecondary;professional_skills;young_adults,R007,Delaware 211,Resource Navigation,Statewide,0,99,general_support;housing,23,High,"Call 211, text zip code to 898-211, or use website",https://delaware211.org/
YP-0313,18,New Castle,career;career_pathway;case_management;college;employment;general_support;homelessness;housing;independent_living;internship;postsecondary;professional_skills;young_adults,R022,West End Education and Employment Department,Employment & Education,New Castle,16,24,career_pathway;postsecondary,23,High,Program inquiry,https://westendnh.org/programs/academic-education/
YP-0313,18,New Castle,career;career_pathway;case_management;college;employment;general_support;homelessness;housing;independent_living;internship;postsecondary;professional_skills;young_adults,R004,West End Life Lines Transitional Housing,Housing,Statewide,18,23,case_management;homelessness,23,High,Referral / eligibility screening,https://westendnh.org/programs/life-lines-programs/
YP-0314,13,Kent,GED;career;community;credentials;education;employment;general_support;job_training;mentorship;paid_work;positive_adult;postsecondary,R017,Big Brothers Big Sisters of Delaware,Mentorship,Statewide,6,18,mentorship;positive_adult,23,High,Enroll youth / mentor match inquiry,https://bbbsde.org/
YP-0314,13,Kent,GED;career;community;credentials;education;employment;general_support;job_training;mentorship;paid_work;positive_adult;postsecondary,R007,Delaware 211,Resource Navigation,Statewide,0,99,education;general_support,23,High,"Call 211, text zip code to 898-211, or use website",https://delaware211.org/
YP-0314,13,Kent,GED;career;community;credentials;education;employment;general_support;job_training;mentorship;paid_work;positive_adult;postsecondary,R018,Boys & Girls Clubs of Delaware - Education and Career,Education & Career,Statewide,6,18,career,12,Medium,Join local club / program inquiry,https://www.bgclubs.org/education-and-career
YP-0314,13,Kent,GED;career;community;credentials;education;employment;general_support;job_training;mentorship;paid_work;positive_adult;postsecondary,R055,Delaware LGBTQ+ Resources and Organizations,LGBTQ+ Support,Statewide,0,99,education,12,Medium,Resource navigation,https://history.delaware.gov/lgbtq-history/local-lgbtq-resources-and-organizations/
YP-0314,13,Kent,GED;career;community;credentials;education;employment;general_support;job_training;mentorship;paid_work;positive_adult;postsecondary,R042,Mental Health Association in Delaware,Mental Health,Statewide,0,99,education,12,Medium,Program inquiry / referral,https://www.mhainde.org/
YP-0315,16,New Castle,academic_support;career;career_readiness;education;employment;general_support;job_training;paid_work,R007,Delaware 211,Resource Navigation,Statewide,0,99,education;general_support,23,High,"Call 211, text zip code to 898-211, or use website",https://delaware211.org/
YP-0315,16,New Castle,academic_support;career;career_readiness;education;employment;general_support;job_training;paid_work,R003,West End Neighborhood House Life Lines,Housing & Case Management,Statewide,16,23,education;employment,23,High,Referral or program inquiry,https://westendnh.org/programs/life-lines/
YP-0315,16,New Castle,academic_support;career;career_readiness;education;employment;general_support;job_training;paid_work,R018,Boys & Girls Clubs of Delaware - Education and Career,Education & Career,Statewide,6,18,academic_support;career,22,Medium,Join local club / program inquiry,https://www.bgclubs.org/education-and-career
YP-0315,16,New Castle,academic_support;career;career_readiness;education;employment;general_support;job_training;paid_work,R016,The Warehouse,Teen Center / Engagement,New Castle,13,24,education;employment,22,Medium,Membership / program enrollment,https://teenwarehouse.org/
YP-0315,16,New Castle,academic_support;career;career_readiness;education;employment;general_support;job_training;paid_work,R025,Delaware Department of Labor - Vocational Rehabilitation Transition Services,Disability / Employment,Statewide,14,24,employment,13,High,DVR referral / school referral,https://labor.delaware.gov/divisions/dvr/transition-services/
YP-0316,15,Sussex,academic_support;career;career_readiness;community;education;employment;general_support;mentorship;positive_adult;professional_skills;resume,R017,Big Brothers Big Sisters of Delaware,Mentorship,Statewide,6,18,mentorship;positive_adult,23,High,Enroll youth / mentor match inquiry,https://bbbsde.org/
YP-0316,15,Sussex,academic_support;career;career_readiness;community;education;employment;general_support;mentorship;positive_adult;professional_skills;resume,R007,Delaware 211,Resource Navigation,Statewide,0,99,education;general_support,23,High,"Call 211, text zip code to 898-211, or use website",https://delaware211.org/
YP-0316,15,Sussex,academic_support;career;career_readiness;community;education;employment;general_support;mentorship;positive_adult;professional_skills;resume,R019,YMCA of Delaware Teen Workforce Development,Employment,Statewide,15,19,professional_skills;resume,23,High,Interest form / program enrollment,https://www.ymcade.org/teen-workforce-development/
YP-0316,15,Sussex,academic_support;career;career_readiness;community;education;employment;general_support;mentorship;positive_adult;professional_skills;resume,R018,Boys & Girls Clubs of Delaware - Education and Career,Education & Career,Statewide,6,18,academic_support;career,22,Medium,Join local club / program inquiry,https://www.bgclubs.org/education-and-career
YP-0316,15,Sussex,academic_support;career;career_readiness;community;education;employment;general_support;mentorship;positive_adult;professional_skills;resume,R001,DSCYF Independent Living Services,Independent Living,Statewide,14,21,mentorship,13,High,Caseworker/DFS referral,https://kids.delaware.gov/family-services/independent-living/
YP-0317,14,New Castle,academic_support;career;career_readiness;case_management;education;employment;financial_literacy;general_support;homelessness;housing;independent_living;job_training;life_skills;paid_work;transition_support,R001,DSCYF Independent Living Services,Independent Living,Statewide,14,21,housing;life_skills;transition_support,33,High,Caseworker/DFS referral,https://kids.delaware.gov/family-services/independent-living/
YP-0317,14,New Castle,academic_support;career;career_readiness;case_management;education;employment;financial_literacy;general_support;homelessness;housing;independent_living;job_training;life_skills;paid_work;transition_support,R007,Delaware 211,Resource Navigation,Statewide,0,99,education;general_support;housing,33,High,"Call 211, text zip code to 898-211, or use website",https://delaware211.org/
YP-0317,14,New Castle,academic_support;career;career_readiness;case_management;education;employment;financial_literacy;general_support;homelessness;housing;independent_living;job_training;life_skills;paid_work;transition_support,R018,Boys & Girls Clubs of Delaware - Education and Career,Education & Career,Statewide,6,18,academic_support;career,22,Medium,Join local club / program inquiry,https://www.bgclubs.org/education-and-career
YP-0317,14,New Castle,academic_support;career;career_readiness;case_management;education;employment;financial_literacy;general_support;homelessness;housing;independent_living;job_training;life_skills;paid_work;transition_support,R046,Junior Achievement of Delaware,Financial Literacy & Career,Statewide,5,18,career_readiness;financial_literacy,22,Medium,School/community program inquiry,https://delaware.ja.org/
YP-0317,14,New Castle,academic_support;career;career_readiness;case_management;education;employment;financial_literacy;general_support;homelessness;housing;independent_living;job_training;life_skills;paid_work;transition_support,R016,The Warehouse,Teen Center / Engagement,New Castle,13,24,education;employment,22,Medium,Membership / program enrollment,https://teenwarehouse.org/
YP-0318,16,New Castle,career;career_pathway;case_management;education;employment;financial_literacy;general_support;homelessness;housing;job_training;life_skills;paid_work;postsecondary;transition_support,R003,West End Neighborhood House Life Lines,Housing & Case Management,Statewide,16,23,case_management;education;employment;financial_literacy;housing;life_skills,63,High,Referral or program inquiry,https://westendnh.org/programs/life-lines/
YP-0318,16,New Castle,career;career_pathway;case_management;education;employment;financial_literacy;general_support;homelessness;housing;job_training;life_skills;paid_work;postsecondary;transition_support,R001,DSCYF Independent Living Services,Independent Living,Statewide,14,21,housing;life_skills;transition_support,33,High,Caseworker/DFS referral,https://kids.delaware.gov/family-services/independent-living/
YP-0318,16,New Castle,career;career_pathway;case_management;education;employment;financial_literacy;general_support;homelessness;housing;job_training;life_skills;paid_work;postsecondary;transition_support,R007,Delaware 211,Resource Navigation,Statewide,0,99,education;general_support;housing,33,High,"Call 211, text zip code to 898-211, or use website",https://delaware211.org/
YP-0318,16,New Castle,career;career_pathway;case_management;education;employment;financial_literacy;general_support;homelessness;housing;job_training;life_skills;paid_work;postsecondary;transition_support,R005,People's Place Independent Living,Independent Living,Statewide,16,23,case_management;life_skills;transition_support,33,High,DFS referral or self-referral for 18-23,https://peoplesplace2.com/services/independent-living
YP-0318,16,New Castle,career;career_pathway;case_management;education;employment;financial_literacy;general_support;homelessness;housing;job_training;life_skills;paid_work;postsecondary;transition_support,R022,West End Education and Employment Department,Employment & Education,New Castle,16,24,career_pathway;paid_work;postsecondary,33,High,Program inquiry,https://westendnh.org/programs/academic-education/
YP-0319,16,Sussex,career;career_pathway;case_management;college;community;employment;general_support;homelessness;housing;independent_living;mentorship;positive_adult;postsecondary;professional_skills;resume,R003,West End Neighborhood House Life Lines,Housing & Case Management,Statewide,16,23,case_management;employment;housing,33,High,Referral or program inquiry,https://westendnh.org/programs/life-lines/
YP-0319,16,Sussex,career;career_pathway;case_management;college;community;employment;general_support;homelessness;housing;independent_living;mentorship;positive_adult;postsecondary;professional_skills;resume,R017,Big Brothers Big Sisters of Delaware,Mentorship,Statewide,6,18,mentorship;positive_adult,23,High,Enroll youth / mentor match inquiry,https://bbbsde.org/
YP-0319,16,Sussex,career;career_pathway;case_management;college;community;employment;general_support;homelessness;housing;independent_living;mentorship;positive_adult;postsecondary;professional_skills;resume,R001,DSCYF Independent Living Services,Independent Living,Statewide,14,21,housing;mentorship,23,High,Caseworker/DFS referral,https://kids.delaware.gov/family-services/independent-living/
YP-0319,16,Sussex,career;career_pathway;case_management;college;community;employment;general_support;homelessness;housing;independent_living;mentorship;positive_adult;postsecondary;professional_skills;resume,R007,Delaware 211,Resource Navigation,Statewide,0,99,general_support;housing,23,High,"Call 211, text zip code to 898-211, or use website",https://delaware211.org/
YP-0319,16,Sussex,career;career_pathway;case_management;college;community;employment;general_support;homelessness;housing;independent_living;mentorship;positive_adult;postsecondary;professional_skills;resume,R019,YMCA of Delaware Teen Workforce Development,Employment,Statewide,15,19,professional_skills;resume,23,High,Interest form / program enrollment,https://www.ymcade.org/teen-workforce-development/
YP-0320,14,New Castle,academic_support;career_readiness;case_management;education;general_support;homelessness;housing;independent_living,R007,Delaware 211,Resource Navigation,Statewide,0,99,education;general_support;housing,33,High,"Call 211, text zip code to 898-211, or use website",https://delaware211.org/
YP-0320,14,New Castle,academic_support;career_readiness;case_management;education;general_support;homelessness;housing;independent_living,R001,DSCYF Independent Living Services,Independent Living,Statewide,14,21,housing,13,High,Caseworker/DFS referral,https://kids.delaware.gov/family-services/independent-living/
YP-0320,14,New Castle,academic_support;career_readiness;case_management;education;general_support;homelessness;housing;independent_living,R018,Boys & Girls Clubs of Delaware - Education and Career,Education & Career,Statewide,6,18,academic_support,12,Medium,Join local club / program inquiry,https://www.bgclubs.org/education-and-career
YP-0320,14,New Castle,academic_support;career_readiness;case_management;education;general_support;homelessness;housing;independent_living,R055,Delaware LGBTQ+ Resources and Organizations,LGBTQ+ Support,Statewide,0,99,education,12,Medium,Resource navigation,https://history.delaware.gov/lgbtq-history/local-lgbtq-resources-and-organizations/
YP-0320,14,New Castle,academic_support;career_readiness;case_management;education;general_support;homelessness;housing;independent_living,R024,Jobs for Delaware Graduates,Education & Employment,Statewide,14,21,career_readiness,12,Medium,School/program referral,https://jobsdegrads.org/
YP-0321,15,New Castle,career;career_pathway;case_management;college;community;employment;general_support;homelessness;housing;job_training;mentorship;paid_work;positive_adult;postsecondary,R016,The Warehouse,Teen Center / Engagement,New Castle,13,24,community;employment;mentorship,32,Medium,Membership / program enrollment,https://teenwarehouse.org/
YP-0321,15,New Castle,career;career_pathway;case_management;college;community;employment;general_support;homelessness;housing;job_training;mentorship;paid_work;positive_adult;postsecondary,R017,Big Brothers Big Sisters of Delaware,Mentorship,Statewide,6,18,mentorship;positive_adult,23,High,Enroll youth / mentor match inquiry,https://bbbsde.org/
YP-0321,15,New Castle,career;career_pathway;case_management;college;community;employment;general_support;homelessness;housing;job_training;mentorship;paid_work;positive_adult;postsecondary,R001,DSCYF Independent Living Services,Independent Living,Statewide,14,21,housing;mentorship,23,High,Caseworker/DFS referral,https://kids.delaware.gov/family-services/independent-living/
YP-0321,15,New Castle,career;career_pathway;case_management;college;community;employment;general_support;homelessness;housing;job_training;mentorship;paid_work;positive_adult;postsecondary,R007,Delaware 211,Resource Navigation,Statewide,0,99,general_support;housing,23,High,"Call 211, text zip code to 898-211, or use website",https://delaware211.org/
YP-0321,15,New Castle,career;career_pathway;case_management;college;community;employment;general_support;homelessness;housing;job_training;mentorship;paid_work;positive_adult;postsecondary,R025,Delaware Department of Labor - Vocational Rehabilitation Transition Services,Disability / Employment,Statewide,14,24,employment,13,High,DVR referral / school referral,https://labor.delaware.gov/divisions/dvr/transition-services/
YP-0322,14,Sussex,career;career_pathway;case_management;college;employment;financial_literacy;general_support;homelessness;housing;independent_living;life_skills;postsecondary;professional_skills;resume;transition_support,R001,DSCYF Independent Living Services,Independent Living,Statewide,14,21,housing;life_skills;transition_support,33,High,Caseworker/DFS referral,https://kids.delaware.gov/family-services/independent-living/
YP-0322,14,Sussex,career;career_pathway;case_management;college;employment;financial_literacy;general_support;homelessness;housing;independent_living;life_skills;postsecondary;professional_skills;resume;transition_support,R007,Delaware 211,Resource Navigation,Statewide,0,99,general_support;housing,23,High,"Call 211, text zip code to 898-211, or use website",https://delaware211.org/
YP-0322,14,Sussex,career;career_pathway;case_management;college;employment;financial_literacy;general_support;homelessness;housing;independent_living;life_skills;postsecondary;professional_skills;resume;transition_support,R025,Delaware Department of Labor - Vocational Rehabilitation Transition Services,Disability / Employment,Statewide,14,24,employment,13,High,DVR referral / school referral,https://labor.delaware.gov/divisions/dvr/transition-services/
YP-0322,14,Sussex,career;career_pathway;case_management;college;employment;financial_literacy;general_support;homelessness;housing;independent_living;life_skills;postsecondary;professional_skills;resume;transition_support,R018,Boys & Girls Clubs of Delaware - Education and Career,Education & Career,Statewide,6,18,career,12,Medium,Join local club / program inquiry,https://www.bgclubs.org/education-and-career
YP-0322,14,Sussex,career;career_pathway;case_management;college;employment;financial_literacy;general_support;homelessness;housing;independent_living;life_skills;postsecondary;professional_skills;resume;transition_support,R027,Independent Resources Inc. Youth Transition Life Skills Program,Disability / Life Skills,Statewide,14,28,life_skills,12,Medium,Program inquiry / referral,https://www.iri-delaware.org/iri/25-transition-life-skills-program/
YP-0323,16,Kent,career_pathway;college;community;general_support;mentorship;positive_adult;postsecondary,R017,Big Brothers Big Sisters of Delaware,Mentorship,Statewide,6,18,mentorship;positive_adult,23,High,Enroll youth / mentor match inquiry,https://bbbsde.org/
YP-0323,16,Kent,career_pathway;college;community;general_support;mentorship;positive_adult;postsecondary,R001,DSCYF Independent Living Services,Independent Living,Statewide,14,21,mentorship,13,High,Caseworker/DFS referral,https://kids.delaware.gov/family-services/independent-living/
YP-0323,16,Kent,career_pathway;college;community;general_support;mentorship;positive_adult;postsecondary,R007,Delaware 211,Resource Navigation,Statewide,0,99,general_support,13,High,"Call 211, text zip code to 898-211, or use website",https://delaware211.org/
YP-0323,16,Kent,career_pathway;college;community;general_support;mentorship;positive_adult;postsecondary,R061,Delaware Parent Resources - Higher Education Guide,Education Navigation,Statewide,14,24,college,11,Low,Website navigation / caseworker support,https://delaware.gov/guides/parent-resources/
YP-0324,13,New Castle,career;career_pathway;college;employment;general_support;postsecondary;professional_skills;resume,R007,Delaware 211,Resource Navigation,Statewide,0,99,general_support,13,High,"Call 211, text zip code to 898-211, or use website",https://delaware211.org/
YP-0324,13,New Castle,career;career_pathway;college;employment;general_support;postsecondary;professional_skills;resume,R018,Boys & Girls Clubs of Delaware - Education and Career,Education & Career,Statewide,6,18,career,12,Medium,Join local club / program inquiry,https://www.bgclubs.org/education-and-career
YP-0324,13,New Castle,career;career_pathway;college;employment;general_support;postsecondary;professional_skills;resume,R016,The Warehouse,Teen Center / Engagement,New Castle,13,24,employment,12,Medium,Membership / program enrollment,https://teenwarehouse.org/
YP-0325,19,Sussex,career;career_pathway;college;community;employment;general_support;independent_living;internship;mentorship;positive_adult;postsecondary;professional_skills;young_adults,R019,YMCA of Delaware Teen Workforce Development,Employment,Statewide,15,19,internship;professional_skills,23,High,Interest form / program enrollment,https://www.ymcade.org/teen-workforce-development/
YP-0325,19,Sussex,career;career_pathway;college;community;employment;general_support;independent_living;internship;mentorship;positive_adult;postsecondary;professional_skills;young_adults,R002,DSCYF ASSIST / Aftercare 18-21,Aftercare,Statewide,18,21,independent_living,13,High,Caseworker/DFS referral,https://kids.delaware.gov/family-services/il-provider-resources/
YP-0325,19,Sussex,career;career_pathway;college;community;employment;general_support;independent_living;internship;mentorship;positive_adult;postsecondary;professional_skills;young_adults,R001,DSCYF Independent Living Services,Independent Living,Statewide,14,21,mentorship,13,High,Caseworker/DFS referral,https://kids.delaware.gov/family-services/independent-living/
YP-0325,19,Sussex,career;career_pathway;college;community;employment;general_support;independent_living;internship;mentorship;positive_adult;postsecondary;professional_skills;young_adults,R007,Delaware 211,Resource Navigation,Statewide,0,99,general_support,13,High,"Call 211, text zip code to 898-211, or use website",https://delaware211.org/
YP-0325,19,Sussex,career;career_pathway;college;community;employment;general_support;independent_living;internship;mentorship;positive_adult;postsecondary;professional_skills;young_adults,R025,Delaware Department of Labor - Vocational Rehabilitation Transition Services,Disability / Employment,Statewide,14,24,employment,13,High,DVR referral / school referral,https://labor.delaware.gov/divisions/dvr/transition-services/
YP-0326,16,Kent,career;career_pathway;case_management;education;employment;general_support;homelessness;housing;independent_living;job_training;paid_work;postsecondary,R003,West End Neighborhood House Life Lines,Housing & Case Management,Statewide,16,23,case_management;education;employment;housing,43,High,Referral or program inquiry,https://westendnh.org/programs/life-lines/
YP-0326,16,Kent,career;career_pathway;case_management;education;employment;general_support;homelessness;housing;independent_living;job_training;paid_work;postsecondary,R007,Delaware 211,Resource Navigation,Statewide,0,99,education;general_support;housing,33,High,"Call 211, text zip code to 898-211, or use website",https://delaware211.org/
YP-0326,16,Kent,career;career_pathway;case_management;education;employment;general_support;homelessness;housing;independent_living;job_training;paid_work;postsecondary,R001,DSCYF Independent Living Services,Independent Living,Statewide,14,21,housing,13,High,Caseworker/DFS referral,https://kids.delaware.gov/family-services/independent-living/
YP-0326,16,Kent,career;career_pathway;case_management;education;employment;general_support;homelessness;housing;independent_living;job_training;paid_work;postsecondary,R025,Delaware Department of Labor - Vocational Rehabilitation Transition Services,Disability / Employment,Statewide,14,24,employment,13,High,DVR referral / school referral,https://labor.delaware.gov/divisions/dvr/transition-services/
YP-0326,16,Kent,career;career_pathway;case_management;education;employment;general_support;homelessness;housing;independent_living;job_training;paid_work;postsecondary,R005,People's Place Independent Living,Independent Living,Statewide,16,23,case_management,13,High,DFS referral or self-referral for 18-23,https://peoplesplace2.com/services/independent-living
YP-0327,13,Kent,career;career_pathway;case_management;college;employment;general_support;homelessness;housing;job_training;paid_work;postsecondary,R007,Delaware 211,Resource Navigation,Statewide,0,99,general_support;housing,23,High,"Call 211, text zip code to 898-211, or use website",https://delaware211.org/
YP-0327,13,Kent,career;career_pathway;case_management;college;employment;general_support;homelessness;housing;job_training;paid_work;postsecondary,R018,Boys & Girls Clubs of Delaware - Education and Career,Education & Career,Statewide,6,18,career,12,Medium,Join local club / program inquiry,https://www.bgclubs.org/education-and-career
YP-0328,18,New Castle,academic_support;career_readiness;education;general_support;independent_living;young_adults,R007,Delaware 211,Resource Navigation,Statewide,0,99,education;general_support,23,High,"Call 211, text zip code to 898-211, or use website",https://delaware211.org/
YP-0328,18,New Castle,academic_support;career_readiness;education;general_support;independent_living;young_adults,R002,DSCYF ASSIST / Aftercare 18-21,Aftercare,Statewide,18,21,independent_living,13,High,Caseworker/DFS referral,https://kids.delaware.gov/family-services/il-provider-resources/
YP-0328,18,New Castle,academic_support;career_readiness;education;general_support;independent_living;young_adults,R003,West End Neighborhood House Life Lines,Housing & Case Management,Statewide,16,23,education,13,High,Referral or program inquiry,https://westendnh.org/programs/life-lines/
YP-0328,18,New Castle,academic_support;career_readiness;education;general_support;independent_living;young_adults,R018,Boys & Girls Clubs of Delaware - Education and Career,Education & Career,Statewide,6,18,academic_support,12,Medium,Join local club / program inquiry,https://www.bgclubs.org/education-and-career
YP-0328,18,New Castle,academic_support;career_readiness;education;general_support;independent_living;young_adults,R055,Delaware LGBTQ+ Resources and Organizations,LGBTQ+ Support,Statewide,0,99,education,12,Medium,Resource navigation,https://history.delaware.gov/lgbtq-history/local-lgbtq-resources-and-organizations/
YP-0329,19,New Castle,academic_support;career;career_readiness;education;employment;general_support;independent_living;job_training;paid_work;young_adults,R007,Delaware 211,Resource Navigation,Statewide,0,99,education;general_support,23,High,"Call 211, text zip code to 898-211, or use website",https://delaware211.org/
YP-0329,19,New Castle,academic_support;career;career_readiness;education;employment;general_support;independent_living;job_training;paid_work;young_adults,R003,West End Neighborhood House Life Lines,Housing & Case Management,Statewide,16,23,education;employment,23,High,Referral or program inquiry,https://westendnh.org/programs/life-lines/
YP-0329,19,New Castle,academic_support;career;career_readiness;education;employment;general_support;independent_living;job_training;paid_work;young_adults,R016,The Warehouse,Teen Center / Engagement,New Castle,13,24,education;employment,22,Medium,Membership / program enrollment,https://teenwarehouse.org/
YP-0329,19,New Castle,academic_support;career;career_readiness;education;employment;general_support;independent_living;job_training;paid_work;young_adults,R002,DSCYF ASSIST / Aftercare 18-21,Aftercare,Statewide,18,21,independent_living,13,High,Caseworker/DFS referral,https://kids.delaware.gov/family-services/il-provider-resources/
YP-0329,19,New Castle,academic_support;career;career_readiness;education;employment;general_support;independent_living;job_training;paid_work;young_adults,R025,Delaware Department of Labor - Vocational Rehabilitation Transition Services,Disability / Employment,Statewide,14,24,employment,13,High,DVR referral / school referral,https://labor.delaware.gov/divisions/dvr/transition-services/
YP-0330,13,New Castle,GED;career;credentials;education;employment;general_support;job_training;paid_work;postsecondary,R007,Delaware 211,Resource Navigation,Statewide,0,99,education;general_support,23,High,"Call 211, text zip code to 898-211, or use website",https://delaware211.org/
YP-0330,13,New Castle,GED;career;credentials;education;employment;general_support;job_training;paid_work;postsecondary,R016,The Warehouse,Teen Center / Engagement,New Castle,13,24,education;employment,22,Medium,Membership / program enrollment,https://teenwarehouse.org/
YP-0330,13,New Castle,GED;career;credentials;education;employment;general_support;job_training;paid_work;postsecondary,R018,Boys & Girls Clubs of Delaware - Education and Career,Education & Career,Statewide,6,18,career,12,Medium,Join local club / program inquiry,https://www.bgclubs.org/education-and-career
YP-0330,13,New Castle,GED;career;credentials;education;employment;general_support;job_training;paid_work;postsecondary,R055,Delaware LGBTQ+ Resources and Organizations,LGBTQ+ Support,Statewide,0,99,education,12,Medium,Resource navigation,https://history.delaware.gov/lgbtq-history/local-lgbtq-resources-and-organizations/
YP-0330,13,New Castle,GED;career;credentials;education;employment;general_support;job_training;paid_work;postsecondary,R042,Mental Health Association in Delaware,Mental Health,Statewide,0,99,education,12,Medium,Program inquiry / referral,https://www.mhainde.org/
YP-0331,16,New Castle,career;career_pathway;case_management;education;employment;general_support;homelessness;housing;independent_living;postsecondary;professional_skills;resume,R003,West End Neighborhood House Life Lines,Housing & Case Management,Statewide,16,23,case_management;education;employment;housing,43,High,Referral or program inquiry,https://westendnh.org/programs/life-lines/
YP-0331,16,New Castle,career;career_pathway;case_management;education;employment;general_support;homelessness;housing;independent_living;postsecondary;professional_skills;resume,R007,Delaware 211,Resource Navigation,Statewide,0,99,education;general_support;housing,33,High,"Call 211, text zip code to 898-211, or use website",https://delaware211.org/
YP-0331,16,New Castle,career;career_pathway;case_management;education;employment;general_support;homelessness;housing;independent_living;postsecondary;professional_skills;resume,R022,West End Education and Employment Department,Employment & Education,New Castle,16,24,career_pathway;postsecondary,23,High,Program inquiry,https://westendnh.org/programs/academic-education/
YP-0331,16,New Castle,career;career_pathway;case_management;education;employment;general_support;homelessness;housing;independent_living;postsecondary;professional_skills;resume,R019,YMCA of Delaware Teen Workforce Development,Employment,Statewide,15,19,professional_skills;resume,23,High,Interest form / program enrollment,https://www.ymcade.org/teen-workforce-development/
YP-0331,16,New Castle,career;career_pathway;case_management;education;employment;general_support;homelessness;housing;independent_living;postsecondary;professional_skills;resume,R016,The Warehouse,Teen Center / Engagement,New Castle,13,24,education;employment,22,Medium,Membership / program enrollment,https://teenwarehouse.org/
YP-0332,16,New Castle,academic_support;career;career_readiness;case_management;education;employment;general_support;homelessness;housing;job_training;paid_work,R003,West End Neighborhood House Life Lines,Housing & Case Management,Statewide,16,23,case_management;education;employment;housing,43,High,Referral or program inquiry,https://westendnh.org/programs/life-lines/
YP-0332,16,New Castle,academic_support;career;career_readiness;case_management;education;employment;general_support;homelessness;housing;job_training;paid_work,R007,Delaware 211,Resource Navigation,Statewide,0,99,education;general_support;housing,33,High,"Call 211, text zip code to 898-211, or use website",https://delaware211.org/
YP-0332,16,New Castle,academic_support;career;career_readiness;case_management;education;employment;general_support;homelessness;housing;job_training;paid_work,R018,Boys & Girls Clubs of Delaware - Education and Career,Education & Career,Statewide,6,18,academic_support;career,22,Medium,Join local club / program inquiry,https://www.bgclubs.org/education-and-career
YP-0332,16,New Castle,academic_support;career;career_readiness;case_management;education;employment;general_support;homelessness;housing;job_training;paid_work,R016,The Warehouse,Teen Center / Engagement,New Castle,13,24,education;employment,22,Medium,Membership / program enrollment,https://teenwarehouse.org/
YP-0332,16,New Castle,academic_support;career;career_readiness;case_management;education;employment;general_support;homelessness;housing;job_training;paid_work,R001,DSCYF Independent Living Services,Independent Living,Statewide,14,21,housing,13,High,Caseworker/DFS referral,https://kids.delaware.gov/family-services/independent-living/
YP-0333,15,Kent,career;career_pathway;case_management;community;education;employment;financial_literacy;general_support;life_skills;mentorship;positive_adult;postsecondary;professional_skills;resume;transition_support,R001,DSCYF Independent Living Services,Independent Living,Statewide,14,21,life_skills;mentorship;transition_support,33,High,Caseworker/DFS referral,https://kids.delaware.gov/family-services/independent-living/
YP-0333,15,Kent,career;career_pathway;case_management;community;education;employment;financial_literacy;general_support;life_skills;mentorship;positive_adult;postsecondary;professional_skills;resume;transition_support,R017,Big Brothers Big Sisters of Delaware,Mentorship,Statewide,6,18,mentorship;positive_adult,23,High,Enroll youth / mentor match inquiry,https://bbbsde.org/
YP-0333,15,Kent,career;career_pathway;case_management;community;education;employment;financial_literacy;general_support;life_skills;mentorship;positive_adult;postsecondary;professional_skills;resume;transition_support,R007,Delaware 211,Resource Navigation,Statewide,0,99,education;general_support,23,High,"Call 211, text zip code to 898-211, or use website",https://delaware211.org/
YP-0333,15,Kent,career;career_pathway;case_management;community;education;employment;financial_literacy;general_support;life_skills;mentorship;positive_adult;postsecondary;professional_skills;resume;transition_support,R019,YMCA of Delaware Teen Workforce Development,Employment,Statewide,15,19,professional_skills;resume,23,High,Interest form / program enrollment,https://www.ymcade.org/teen-workforce-development/
YP-0333,15,Kent,career;career_pathway;case_management;community;education;employment;financial_literacy;general_support;life_skills;mentorship;positive_adult;postsecondary;professional_skills;resume;transition_support,R025,Delaware Department of Labor - Vocational Rehabilitation Transition Services,Disability / Employment,Statewide,14,24,employment,13,High,DVR referral / school referral,https://labor.delaware.gov/divisions/dvr/transition-services/
YP-0334,14,New Castle,career;career_pathway;community;education;employment;general_support;job_training;mentorship;paid_work;positive_adult;postsecondary,R016,The Warehouse,Teen Center / Engagement,New Castle,13,24,community;education;employment;mentorship,42,Medium,Membership / program enrollment,https://teenwarehouse.org/
YP-0334,14,New Castle,career;career_pathway;community;education;employment;general_support;job_training;mentorship;paid_work;positive_adult;postsecondary,R017,Big Brothers Big Sisters of Delaware,Mentorship,Statewide,6,18,mentorship;positive_adult,23,High,Enroll youth / mentor match inquiry,https://bbbsde.org/
YP-0334,14,New Castle,career;career_pathway;community;education;employment;general_support;job_training;mentorship;paid_work;positive_adult;postsecondary,R007,Delaware 211,Resource Navigation,Statewide,0,99,education;general_support,23,High,"Call 211, text zip code to 898-211, or use website",https://delaware211.org/
YP-0334,14,New Castle,career;career_pathway;community;education;employment;general_support;job_training;mentorship;paid_work;positive_adult;postsecondary,R001,DSCYF Independent Living Services,Independent Living,Statewide,14,21,mentorship,13,High,Caseworker/DFS referral,https://kids.delaware.gov/family-services/independent-living/
YP-0334,14,New Castle,career;career_pathway;community;education;employment;general_support;job_training;mentorship;paid_work;positive_adult;postsecondary,R025,Delaware Department of Labor - Vocational Rehabilitation Transition Services,Disability / Employment,Statewide,14,24,employment,13,High,DVR referral / school referral,https://labor.delaware.gov/divisions/dvr/transition-services/
YP-0335,19,New Castle,academic_support;career_readiness;case_management;community;education;financial_literacy;general_support;independent_living;life_skills;mentorship;positive_adult;transition_support;young_adults,R003,West End Neighborhood House Life Lines,Housing & Case Management,Statewide,16,23,case_management;education;financial_literacy;life_skills,43,High,Referral or program inquiry,https://westendnh.org/programs/life-lines/
YP-0335,19,New Castle,academic_support;career_readiness;case_management;community;education;financial_literacy;general_support;independent_living;life_skills;mentorship;positive_adult;transition_support;young_adults,R001,DSCYF Independent Living Services,Independent Living,Statewide,14,21,life_skills;mentorship;transition_support,33,High,Caseworker/DFS referral,https://kids.delaware.gov/family-services/independent-living/
YP-0335,19,New Castle,academic_support;career_readiness;case_management;community;education;financial_literacy;general_support;independent_living;life_skills;mentorship;positive_adult;transition_support;young_adults,R005,People's Place Independent Living,Independent Living,Statewide,16,23,case_management;life_skills;transition_support,33,High,DFS referral or self-referral for 18-23,https://peoplesplace2.com/services/independent-living
YP-0335,19,New Castle,academic_support;career_readiness;case_management;community;education;financial_literacy;general_support;independent_living;life_skills;mentorship;positive_adult;transition_support;young_adults,R016,The Warehouse,Teen Center / Engagement,New Castle,13,24,community;education;mentorship,32,Medium,Membership / program enrollment,https://teenwarehouse.org/
YP-0335,19,New Castle,academic_support;career_readiness;case_management;community;education;financial_literacy;general_support;independent_living;life_skills;mentorship;positive_adult;transition_support;young_adults,R007,Delaware 211,Resource Navigation,Statewide,0,99,education;general_support,23,High,"Call 211, text zip code to 898-211, or use website",https://delaware211.org/
YP-0336,15,New Castle,career_pathway;college;general_support;postsecondary,R007,Delaware 211,Resource Navigation,Statewide,0,99,general_support,13,High,"Call 211, text zip code to 898-211, or use website",https://delaware211.org/
YP-0336,15,New Castle,career_pathway;college;general_support;postsecondary,R061,Delaware Parent Resources - Higher Education Guide,Education Navigation,Statewide,14,24,college,11,Low,Website navigation / caseworker support,https://delaware.gov/guides/parent-resources/
YP-0337,18,Sussex,career;career_pathway;case_management;college;employment;general_support;homelessness;housing;independent_living;postsecondary;professional_skills;resume;young_adults,R003,West End Neighborhood House Life Lines,Housing & Case Management,Statewide,16,23,case_management;employment;housing,33,High,Referral or program inquiry,https://westendnh.org/programs/life-lines/
YP-0337,18,Sussex,career;career_pathway;case_management;college;employment;general_support;homelessness;housing;independent_living;postsecondary;professional_skills;resume;young_adults,R002,DSCYF ASSIST / Aftercare 18-21,Aftercare,Statewide,18,21,housing;independent_living,23,High,Caseworker/DFS referral,https://kids.delaware.gov/family-services/il-provider-resources/
YP-0337,18,Sussex,career;career_pathway;case_management;college;employment;general_support;homelessness;housing;independent_living;postsecondary;professional_skills;resume;young_adults,R007,Delaware 211,Resource Navigation,Statewide,0,99,general_support;housing,23,High,"Call 211, text zip code to 898-211, or use website",https://delaware211.org/
YP-0337,18,Sussex,career;career_pathway;case_management;college;employment;general_support;homelessness;housing;independent_living;postsecondary;professional_skills;resume;young_adults,R004,West End Life Lines Transitional Housing,Housing,Statewide,18,23,case_management;homelessness,23,High,Referral / eligibility screening,https://westendnh.org/programs/life-lines-programs/
YP-0337,18,Sussex,career;career_pathway;case_management;college;employment;general_support;homelessness;housing;independent_living;postsecondary;professional_skills;resume;young_adults,R019,YMCA of Delaware Teen Workforce Development,Employment,Statewide,15,19,professional_skills;resume,23,High,Interest form / program enrollment,https://www.ymcade.org/teen-workforce-development/
YP-0338,15,New Castle,GED;community;credentials;education;general_support;mentorship;positive_adult;postsecondary,R016,The Warehouse,Teen Center / Engagement,New Castle,13,24,community;education;mentorship,32,Medium,Membership / program enrollment,https://teenwarehouse.org/
YP-0338,15,New Castle,GED;community;credentials;education;general_support;mentorship;positive_adult;postsecondary,R017,Big Brothers Big Sisters of Delaware,Mentorship,Statewide,6,18,mentorship;positive_adult,23,High,Enroll youth / mentor match inquiry,https://bbbsde.org/
YP-0338,15,New Castle,GED;community;credentials;education;general_support;mentorship;positive_adult;postsecondary,R007,Delaware 211,Resource Navigation,Statewide,0,99,education;general_support,23,High,"Call 211, text zip code to 898-211, or use website",https://delaware211.org/
YP-0338,15,New Castle,GED;community;credentials;education;general_support;mentorship;positive_adult;postsecondary,R001,DSCYF Independent Living Services,Independent Living,Statewide,14,21,mentorship,13,High,Caseworker/DFS referral,https://kids.delaware.gov/family-services/independent-living/
YP-0338,15,New Castle,GED;community;credentials;education;general_support;mentorship;positive_adult;postsecondary,R055,Delaware LGBTQ+ Resources and Organizations,LGBTQ+ Support,Statewide,0,99,education,12,Medium,Resource navigation,https://history.delaware.gov/lgbtq-history/local-lgbtq-resources-and-organizations/
YP-0339,18,Sussex,career;career_pathway;case_management;community;education;employment;financial_literacy;general_support;independent_living;internship;life_skills;mentorship;positive_adult;postsecondary;professional_skills;transition_support;young_adults,R003,West End Neighborhood House Life Lines,Housing & Case Management,Statewide,16,23,case_management;education;employment;financial_literacy;life_skills,53,High,Referral or program inquiry,https://westendnh.org/programs/life-lines/
YP-0339,18,Sussex,career;career_pathway;case_management;community;education;employment;financial_literacy;general_support;independent_living;internship;life_skills;mentorship;positive_adult;postsecondary;professional_skills;transition_support;young_adults,R001,DSCYF Independent Living Services,Independent Living,Statewide,14,21,life_skills;mentorship;transition_support,33,High,Caseworker/DFS referral,https://kids.delaware.gov/family-services/independent-living/
YP-0339,18,Sussex,career;career_pathway;case_management;community;education;employment;financial_literacy;general_support;independent_living;internship;life_skills;mentorship;positive_adult;postsecondary;professional_skills;transition_support;young_adults,R005,People's Place Independent Living,Independent Living,Statewide,16,23,case_management;life_skills;transition_support,33,High,DFS referral or self-referral for 18-23,https://peoplesplace2.com/services/independent-living
YP-0339,18,Sussex,career;career_pathway;case_management;community;education;employment;financial_literacy;general_support;independent_living;internship;life_skills;mentorship;positive_adult;postsecondary;professional_skills;transition_support;young_adults,R017,Big Brothers Big Sisters of Delaware,Mentorship,Statewide,6,18,mentorship;positive_adult,23,High,Enroll youth / mentor match inquiry,https://bbbsde.org/
YP-0339,18,Sussex,career;career_pathway;case_management;community;education;employment;financial_literacy;general_support;independent_living;internship;life_skills;mentorship;positive_adult;postsecondary;professional_skills;transition_support;young_adults,R007,Delaware 211,Resource Navigation,Statewide,0,99,education;general_support,23,High,"Call 211, text zip code to 898-211, or use website",https://delaware211.org/
YP-0340,19,Kent,career_pathway;education;general_support;independent_living;postsecondary;young_adults,R007,Delaware 211,Resource Navigation,Statewide,0,99,education;general_support,23,High,"Call 211, text zip code to 898-211, or use website",https://delaware211.org/
YP-0340,19,Kent,career_pathway;education;general_support;independent_living;postsecondary;young_adults,R002,DSCYF ASSIST / Aftercare 18-21,Aftercare,Statewide,18,21,independent_living,13,High,Caseworker/DFS referral,https://kids.delaware.gov/family-services/il-provider-resources/
YP-0340,19,Kent,career_pathway;education;general_support;independent_living;postsecondary;young_adults,R003,West End Neighborhood House Life Lines,Housing & Case Management,Statewide,16,23,education,13,High,Referral or program inquiry,https://westendnh.org/programs/life-lines/
YP-0340,19,Kent,career_pathway;education;general_support;independent_living;postsecondary;young_adults,R011,Delaware Courts Scholarships for Foster Care Alumni,Education Funding,Statewide,18,26,postsecondary,12,Medium,Application support,https://courts.delaware.gov/childadvocate/scholarships.aspx
YP-0340,19,Kent,career_pathway;education;general_support;independent_living;postsecondary;young_adults,R055,Delaware LGBTQ+ Resources and Organizations,LGBTQ+ Support,Statewide,0,99,education,12,Medium,Resource navigation,https://history.delaware.gov/lgbtq-history/local-lgbtq-resources-and-organizations/
YP-0341,19,Sussex,career;career_pathway;case_management;education;employment;general_support;homelessness;housing;independent_living;job_training;paid_work;postsecondary;young_adults,R003,West End Neighborhood House Life Lines,Housing & Case Management,Statewide,16,23,case_management;education;employment;housing,43,High,Referral or program inquiry,https://westendnh.org/programs/life-lines/
YP-0341,19,Sussex,career;career_pathway;case_management;education;employment;general_support;homelessness;housing;independent_living;job_training;paid_work;postsecondary;young_adults,R007,Delaware 211,Resource Navigation,Statewide,0,99,education;general_support;housing,33,High,"Call 211, text zip code to 898-211, or use website",https://delaware211.org/
YP-0341,19,Sussex,career;career_pathway;case_management;education;employment;general_support;homelessness;housing;independent_living;job_training;paid_work;postsecondary;young_adults,R002,DSCYF ASSIST / Aftercare 18-21,Aftercare,Statewide,18,21,housing;independent_living,23,High,Caseworker/DFS referral,https://kids.delaware.gov/family-services/il-provider-resources/
YP-0341,19,Sussex,career;career_pathway;case_management;education;employment;general_support;homelessness;housing;independent_living;job_training;paid_work;postsecondary;young_adults,R004,West End Life Lines Transitional Housing,Housing,Statewide,18,23,case_management;homelessness,23,High,Referral / eligibility screening,https://westendnh.org/programs/life-lines-programs/
YP-0341,19,Sussex,career;career_pathway;case_management;education;employment;general_support;homelessness;housing;independent_living;job_training;paid_work;postsecondary;young_adults,R048,Community Legal Aid Society Inc. (CLASI),Legal Aid,Statewide,18,99,housing,13,High,Legal intake / eligibility screening,https://www.declasi.org/
YP-0342,19,New Castle,career_pathway;case_management;college;community;financial_literacy;general_support;independent_living;life_skills;mentorship;positive_adult;postsecondary;transition_support;young_adults,R001,DSCYF Independent Living Services,Independent Living,Statewide,14,21,life_skills;mentorship;transition_support,33,High,Caseworker/DFS referral,https://kids.delaware.gov/family-services/independent-living/
YP-0342,19,New Castle,career_pathway;case_management;college;community;financial_literacy;general_support;independent_living;life_skills;mentorship;positive_adult;postsecondary;transition_support;young_adults,R005,People's Place Independent Living,Independent Living,Statewide,16,23,case_management;life_skills;transition_support,33,High,DFS referral or self-referral for 18-23,https://peoplesplace2.com/services/independent-living
YP-0342,19,New Castle,career_pathway;case_management;college;community;financial_literacy;general_support;independent_living;life_skills;mentorship;positive_adult;postsecondary;transition_support;young_adults,R003,West End Neighborhood House Life Lines,Housing & Case Management,Statewide,16,23,case_management;financial_literacy;life_skills,33,High,Referral or program inquiry,https://westendnh.org/programs/life-lines/
YP-0342,19,New Castle,career_pathway;case_management;college;community;financial_literacy;general_support;independent_living;life_skills;mentorship;positive_adult;postsecondary;transition_support;young_adults,R022,West End Education and Employment Department,Employment & Education,New Castle,16,24,career_pathway;postsecondary,23,High,Program inquiry,https://westendnh.org/programs/academic-education/
YP-0342,19,New Castle,career_pathway;case_management;college;community;financial_literacy;general_support;independent_living;life_skills;mentorship;positive_adult;postsecondary;transition_support;young_adults,R016,The Warehouse,Teen Center / Engagement,New Castle,13,24,community;mentorship,22,Medium,Membership / program enrollment,https://teenwarehouse.org/
YP-0343,18,New Castle,GED;career;credentials;education;employment;general_support;independent_living;job_training;paid_work;postsecondary;young_adults,R022,West End Education and Employment Department,Employment & Education,New Castle,16,24,GED;credentials;paid_work;postsecondary,43,High,Program inquiry,https://westendnh.org/programs/academic-education/
YP-0343,18,New Castle,GED;career;credentials;education;employment;general_support;independent_living;job_training;paid_work;postsecondary;young_adults,R007,Delaware 211,Resource Navigation,Statewide,0,99,education;general_support,23,High,"Call 211, text zip code to 898-211, or use website",https://delaware211.org/
YP-0343,18,New Castle,GED;career;credentials;education;employment;general_support;independent_living;job_training;paid_work;postsecondary;young_adults,R003,West End Neighborhood House Life Lines,Housing & Case Management,Statewide,16,23,education;employment,23,High,Referral or program inquiry,https://westendnh.org/programs/life-lines/
YP-0343,18,New Castle,GED;career;credentials;education;employment;general_support;independent_living;job_training;paid_work;postsecondary;young_adults,R021,Wilmington Housing Authority YouthBuild,Employment & Education,New Castle,16,24,GED;job_training,23,High,Program application,https://whadelaware.org/about-wha/employment-opportunities-and-training-programs/youthbuild
YP-0343,18,New Castle,GED;career;credentials;education;employment;general_support;independent_living;job_training;paid_work;postsecondary;young_adults,R023,The Challenge Program,Employment & Education,New Castle,16,24,GED;job_training,22,Medium,Program inquiry,https://www.challengeprogram.org/
YP-0344,18,New Castle,career;career_pathway;case_management;college;employment;financial_literacy;general_support;homelessness;housing;independent_living;life_skills;postsecondary;professional_skills;resume;transition_support;young_adults,R003,West End Neighborhood House Life Lines,Housing & Case Management,Statewide,16,23,case_management;employment;financial_literacy;housing;life_skills,53,High,Referral or program inquiry,https://westendnh.org/programs/life-lines/
YP-0344,18,New Castle,career;career_pathway;case_management;college;employment;financial_literacy;general_support;homelessness;housing;independent_living;life_skills;postsecondary;professional_skills;resume;transition_support;young_adults,R001,DSCYF Independent Living Services,Independent Living,Statewide,14,21,housing;life_skills;transition_support,33,High,Caseworker/DFS referral,https://kids.delaware.gov/family-services/independent-living/
YP-0344,18,New Castle,career;career_pathway;case_management;college;employment;financial_literacy;general_support;homelessness;housing;independent_living;life_skills;postsecondary;professional_skills;resume;transition_support;young_adults,R005,People's Place Independent Living,Independent Living,Statewide,16,23,case_management;life_skills;transition_support,33,High,DFS referral or self-referral for 18-23,https://peoplesplace2.com/services/independent-living
YP-0344,18,New Castle,career;career_pathway;case_management;college;employment;financial_literacy;general_support;homelessness;housing;independent_living;life_skills;postsecondary;professional_skills;resume;transition_support;young_adults,R002,DSCYF ASSIST / Aftercare 18-21,Aftercare,Statewide,18,21,housing;independent_living,23,High,Caseworker/DFS referral,https://kids.delaware.gov/family-services/il-provider-resources/
YP-0344,18,New Castle,career;career_pathway;case_management;college;employment;financial_literacy;general_support;homelessness;housing;independent_living;life_skills;postsecondary;professional_skills;resume;transition_support;young_adults,R007,Delaware 211,Resource Navigation,Statewide,0,99,general_support;housing,23,High,"Call 211, text zip code to 898-211, or use website",https://delaware211.org/
YP-0345,15,New Castle,academic_support;career;career_readiness;case_management;education;employment;general_support;homelessness;housing;job_training;paid_work,R007,Delaware 211,Resource Navigation,Statewide,0,99,education;general_support;housing,33,High,"Call 211, text zip code to 898-211, or use website",https://delaware211.org/
YP-0345,15,New Castle,academic_support;career;career_readiness;case_management;education;employment;general_support;homelessness;housing;job_training;paid_work,R018,Boys & Girls Clubs of Delaware - Education and Career,Education & Career,Statewide,6,18,academic_support;career,22,Medium,Join local club / program inquiry,https://www.bgclubs.org/education-and-career
YP-0345,15,New Castle,academic_support;career;career_readiness;case_management;education;employment;general_support;homelessness;housing;job_training;paid_work,R016,The Warehouse,Teen Center / Engagement,New Castle,13,24,education;employment,22,Medium,Membership / program enrollment,https://teenwarehouse.org/
YP-0345,15,New Castle,academic_support;career;career_readiness;case_management;education;employment;general_support;homelessness;housing;job_training;paid_work,R001,DSCYF Independent Living Services,Independent Living,Statewide,14,21,housing,13,High,Caseworker/DFS referral,https://kids.delaware.gov/family-services/independent-living/
YP-0345,15,New Castle,academic_support;career;career_readiness;case_management;education;employment;general_support;homelessness;housing;job_training;paid_work,R025,Delaware Department of Labor - Vocational Rehabilitation Transition Services,Disability / Employment,Statewide,14,24,employment,13,High,DVR referral / school referral,https://labor.delaware.gov/divisions/dvr/transition-services/
YP-0346,16,New Castle,career;career_pathway;college;employment;general_support;job_training;paid_work;postsecondary,R022,West End Education and Employment Department,Employment & Education,New Castle,16,24,career_pathway;paid_work;postsecondary,33,High,Program inquiry,https://westendnh.org/programs/academic-education/
YP-0346,16,New Castle,career;career_pathway;college;employment;general_support;job_training;paid_work;postsecondary,R007,Delaware 211,Resource Navigation,Statewide,0,99,general_support,13,High,"Call 211, text zip code to 898-211, or use website",https://delaware211.org/
YP-0346,16,New Castle,career;career_pathway;college;employment;general_support;job_training;paid_work;postsecondary,R025,Delaware Department of Labor - Vocational Rehabilitation Transition Services,Disability / Employment,Statewide,14,24,employment,13,High,DVR referral / school referral,https://labor.delaware.gov/divisions/dvr/transition-services/
YP-0346,16,New Castle,career;career_pathway;college;employment;general_support;job_training;paid_work;postsecondary,R003,West End Neighborhood House Life Lines,Housing & Case Management,Statewide,16,23,employment,13,High,Referral or program inquiry,https://westendnh.org/programs/life-lines/
YP-0346,16,New Castle,career;career_pathway;college;employment;general_support;job_training;paid_work;postsecondary,R021,Wilmington Housing Authority YouthBuild,Employment & Education,New Castle,16,24,job_training,13,High,Program application,https://whadelaware.org/about-wha/employment-opportunities-and-training-programs/youthbuild
YP-0347,13,New Castle,GED;career;case_management;credentials;education;employment;general_support;homelessness;housing;independent_living;postsecondary;professional_skills;resume,R007,Delaware 211,Resource Navigation,Statewide,0,99,education;general_support;housing,33,High,"Call 211, text zip code to 898-211, or use website",https://delaware211.org/
YP-0347,13,New Castle,GED;career;case_management;credentials;education;employment;general_support;homelessness;housing;independent_living;postsecondary;professional_skills;resume,R016,The Warehouse,Teen Center / Engagement,New Castle,13,24,education;employment,22,Medium,Membership / program enrollment,https://teenwarehouse.org/
YP-0347,13,New Castle,GED;career;case_management;credentials;education;employment;general_support;homelessness;housing;independent_living;postsecondary;professional_skills;resume,R018,Boys & Girls Clubs of Delaware - Education and Career,Education & Career,Statewide,6,18,career,12,Medium,Join local club / program inquiry,https://www.bgclubs.org/education-and-career
YP-0347,13,New Castle,GED;career;case_management;credentials;education;employment;general_support;homelessness;housing;independent_living;postsecondary;professional_skills;resume,R055,Delaware LGBTQ+ Resources and Organizations,LGBTQ+ Support,Statewide,0,99,education,12,Medium,Resource navigation,https://history.delaware.gov/lgbtq-history/local-lgbtq-resources-and-organizations/
YP-0347,13,New Castle,GED;career;case_management;credentials;education;employment;general_support;homelessness;housing;independent_living;postsecondary;professional_skills;resume,R042,Mental Health Association in Delaware,Mental Health,Statewide,0,99,education,12,Medium,Program inquiry / referral,https://www.mhainde.org/
YP-0348,16,New Castle,academic_support;career;career_readiness;case_management;community;education;employment;general_support;homelessness;housing;job_training;mentorship;paid_work;positive_adult,R003,West End Neighborhood House Life Lines,Housing & Case Management,Statewide,16,23,case_management;education;employment;housing,43,High,Referral or program inquiry,https://westendnh.org/programs/life-lines/
YP-0348,16,New Castle,academic_support;career;career_readiness;case_management;community;education;employment;general_support;homelessness;housing;job_training;mentorship;paid_work;positive_adult,R016,The Warehouse,Teen Center / Engagement,New Castle,13,24,community;education;employment;mentorship,42,Medium,Membership / program enrollment,https://teenwarehouse.org/
YP-0348,16,New Castle,academic_support;career;career_readiness;case_management;community;education;employment;general_support;homelessness;housing;job_training;mentorship;paid_work;positive_adult,R007,Delaware 211,Resource Navigation,Statewide,0,99,education;general_support;housing,33,High,"Call 211, text zip code to 898-211, or use website",https://delaware211.org/
YP-0348,16,New Castle,academic_support;career;career_readiness;case_management;community;education;employment;general_support;homelessness;housing;job_training;mentorship;paid_work;positive_adult,R017,Big Brothers Big Sisters of Delaware,Mentorship,Statewide,6,18,mentorship;positive_adult,23,High,Enroll youth / mentor match inquiry,https://bbbsde.org/
YP-0348,16,New Castle,academic_support;career;career_readiness;case_management;community;education;employment;general_support;homelessness;housing;job_training;mentorship;paid_work;positive_adult,R001,DSCYF Independent Living Services,Independent Living,Statewide,14,21,housing;mentorship,23,High,Caseworker/DFS referral,https://kids.delaware.gov/family-services/independent-living/
YP-0349,18,Sussex,GED;career;case_management;credentials;education;employment;financial_literacy;general_support;homelessness;housing;independent_living;job_training;life_skills;paid_work;postsecondary;transition_support;young_adults,R003,West End Neighborhood House Life Lines,Housing & Case Management,Statewide,16,23,case_management;education;employment;financial_literacy;housing;life_skills,63,High,Referral or program inquiry,https://westendnh.org/programs/life-lines/
YP-0349,18,Sussex,GED;career;case_management;credentials;education;employment;financial_literacy;general_support;homelessness;housing;independent_living;job_training;life_skills;paid_work;postsecondary;transition_support;young_adults,R001,DSCYF Independent Living Services,Independent Living,Statewide,14,21,housing;life_skills;transition_support,33,High,Caseworker/DFS referral,https://kids.delaware.gov/family-services/independent-living/
YP-0349,18,Sussex,GED;career;case_management;credentials;education;employment;financial_literacy;general_support;homelessness;housing;independent_living;job_training;life_skills;paid_work;postsecondary;transition_support;young_adults,R007,Delaware 211,Resource Navigation,Statewide,0,99,education;general_support;housing,33,High,"Call 211, text zip code to 898-211, or use website",https://delaware211.org/
YP-0349,18,Sussex,GED;career;case_management;credentials;education;employment;financial_literacy;general_support;homelessness;housing;independent_living;job_training;life_skills;paid_work;postsecondary;transition_support;young_adults,R005,People's Place Independent Living,Independent Living,Statewide,16,23,case_management;life_skills;transition_support,33,High,DFS referral or self-referral for 18-23,https://peoplesplace2.com/services/independent-living
YP-0349,18,Sussex,GED;career;case_management;credentials;education;employment;financial_literacy;general_support;homelessness;housing;independent_living;job_training;life_skills;paid_work;postsecondary;transition_support;young_adults,R002,DSCYF ASSIST / Aftercare 18-21,Aftercare,Statewide,18,21,housing;independent_living,23,High,Caseworker/DFS referral,https://kids.delaware.gov/family-services/il-provider-resources/
YP-0350,14,New Castle,career;career_pathway;case_management;college;employment;general_support;homelessness;housing;job_training;paid_work;postsecondary,R007,Delaware 211,Resource Navigation,Statewide,0,99,general_support;housing,23,High,"Call 211, text zip code to 898-211, or use website",https://delaware211.org/
YP-0350,14,New Castle,career;career_pathway;case_management;college;employment;general_support;homelessness;housing;job_training;paid_work;postsecondary,R001,DSCYF Independent Living Services,Independent Living,Statewide,14,21,housing,13,High,Caseworker/DFS referral,https://kids.delaware.gov/family-services/independent-living/
YP-0350,14,New Castle,career;career_pathway;case_management;college;employment;general_support;homelessness;housing;job_training;paid_work;postsecondary,R025,Delaware Department of Labor - Vocational Rehabilitation Transition Services,Disability / Employment,Statewide,14,24,employment,13,High,DVR referral / school referral,https://labor.delaware.gov/divisions/dvr/transition-services/
YP-0350,14,New Castle,career;career_pathway;case_management;college;employment;general_support;homelessness;housing;job_training;paid_work;postsecondary,R018,Boys & Girls Clubs of Delaware - Education and Career,Education & Career,Statewide,6,18,career,12,Medium,Join local club / program inquiry,https://www.bgclubs.org/education-and-career
YP-0350,14,New Castle,career;career_pathway;case_management;college;employment;general_support;homelessness;housing;job_training;paid_work;postsecondary,R020,New Castle County Youth Workforce Development Program,Employment,New Castle,14,21,paid_work,12,Medium,Application,https://www.newcastlede.gov/859/Youth-Workforce-Development-Program
YP-0351,14,New Castle,academic_support;career;career_readiness;education;employment;general_support;job_training;paid_work,R007,Delaware 211,Resource Navigation,Statewide,0,99,education;general_support,23,High,"Call 211, text zip code to 898-211, or use website",https://delaware211.org/
YP-0351,14,New Castle,academic_support;career;career_readiness;education;employment;general_support;job_training;paid_work,R018,Boys & Girls Clubs of Delaware - Education and Career,Education & Career,Statewide,6,18,academic_support;career,22,Medium,Join local club / program inquiry,https://www.bgclubs.org/education-and-career
YP-0351,14,New Castle,academic_support;career;career_readiness;education;employment;general_support;job_training;paid_work,R016,The Warehouse,Teen Center / Engagement,New Castle,13,24,education;employment,22,Medium,Membership / program enrollment,https://teenwarehouse.org/
YP-0351,14,New Castle,academic_support;career;career_readiness;education;employment;general_support;job_training;paid_work,R025,Delaware Department of Labor - Vocational Rehabilitation Transition Services,Disability / Employment,Statewide,14,24,employment,13,High,DVR referral / school referral,https://labor.delaware.gov/divisions/dvr/transition-services/
YP-0351,14,New Castle,academic_support;career;career_readiness;education;employment;general_support;job_training;paid_work,R055,Delaware LGBTQ+ Resources and Organizations,LGBTQ+ Support,Statewide,0,99,education,12,Medium,Resource navigation,https://history.delaware.gov/lgbtq-history/local-lgbtq-resources-and-organizations/
YP-0352,16,New Castle,career;career_pathway;case_management;education;employment;financial_literacy;general_support;job_training;life_skills;paid_work;postsecondary;transition_support,R003,West End Neighborhood House Life Lines,Housing & Case Management,Statewide,16,23,case_management;education;employment;financial_literacy;life_skills,53,High,Referral or program inquiry,https://westendnh.org/programs/life-lines/
YP-0352,16,New Castle,career;career_pathway;case_management;education;employment;financial_literacy;general_support;job_training;life_skills;paid_work;postsecondary;transition_support,R005,People's Place Independent Living,Independent Living,Statewide,16,23,case_management;life_skills;transition_support,33,High,DFS referral or self-referral for 18-23,https://peoplesplace2.com/services/independent-living
YP-0352,16,New Castle,career;career_pathway;case_management;education;employment;financial_literacy;general_support;job_training;life_skills;paid_work;postsecondary;transition_support,R022,West End Education and Employment Department,Employment & Education,New Castle,16,24,career_pathway;paid_work;postsecondary,33,High,Program inquiry,https://westendnh.org/programs/academic-education/
YP-0352,16,New Castle,career;career_pathway;case_management;education;employment;financial_literacy;general_support;job_training;life_skills;paid_work;postsecondary;transition_support,R001,DSCYF Independent Living Services,Independent Living,Statewide,14,21,life_skills;transition_support,23,High,Caseworker/DFS referral,https://kids.delaware.gov/family-services/independent-living/
YP-0352,16,New Castle,career;career_pathway;case_management;education;employment;financial_literacy;general_support;job_training;life_skills;paid_work;postsecondary;transition_support,R007,Delaware 211,Resource Navigation,Statewide,0,99,education;general_support,23,High,"Call 211, text zip code to 898-211, or use website",https://delaware211.org/
YP-0353,13,New Castle,career;career_pathway;college;employment;general_support;job_training;paid_work;postsecondary,R007,Delaware 211,Resource Navigation,Statewide,0,99,general_support,13,High,"Call 211, text zip code to 898-211, or use website",https://delaware211.org/
YP-0353,13,New Castle,career;career_pathway;college;employment;general_support;job_training;paid_work;postsecondary,R018,Boys & Girls Clubs of Delaware - Education and Career,Education & Career,Statewide,6,18,career,12,Medium,Join local club / program inquiry,https://www.bgclubs.org/education-and-career
YP-0353,13,New Castle,career;career_pathway;college;employment;general_support;job_training;paid_work;postsecondary,R016,The Warehouse,Teen Center / Engagement,New Castle,13,24,employment,12,Medium,Membership / program enrollment,https://teenwarehouse.org/
YP-0354,18,New Castle,academic_support;career;career_readiness;case_management;education;employment;general_support;homelessness;housing;independent_living;professional_skills;resume;young_adults,R003,West End Neighborhood House Life Lines,Housing & Case Management,Statewide,16,23,case_management;education;employment;housing,43,High,Referral or program inquiry,https://westendnh.org/programs/life-lines/
YP-0354,18,New Castle,academic_support;career;career_readiness;case_management;education;employment;general_support;homelessness;housing;independent_living;professional_skills;resume;young_adults,R007,Delaware 211,Resource Navigation,Statewide,0,99,education;general_support;housing,33,High,"Call 211, text zip code to 898-211, or use website",https://delaware211.org/
YP-0354,18,New Castle,academic_support;career;career_readiness;case_management;education;employment;general_support;homelessness;housing;independent_living;professional_skills;resume;young_adults,R002,DSCYF ASSIST / Aftercare 18-21,Aftercare,Statewide,18,21,housing;independent_living,23,High,Caseworker/DFS referral,https://kids.delaware.gov/family-services/il-provider-resources/
YP-0354,18,New Castle,academic_support;career;career_readiness;case_management;education;employment;general_support;homelessness;housing;independent_living;professional_skills;resume;young_adults,R004,West End Life Lines Transitional Housing,Housing,Statewide,18,23,case_management;homelessness,23,High,Referral / eligibility screening,https://westendnh.org/programs/life-lines-programs/
YP-0354,18,New Castle,academic_support;career;career_readiness;case_management;education;employment;general_support;homelessness;housing;independent_living;professional_skills;resume;young_adults,R019,YMCA of Delaware Teen Workforce Development,Employment,Statewide,15,19,professional_skills;resume,23,High,Interest form / program enrollment,https://www.ymcade.org/teen-workforce-development/
YP-0355,14,New Castle,career;career_pathway;college;employment;general_support;postsecondary;professional_skills;resume,R007,Delaware 211,Resource Navigation,Statewide,0,99,general_support,13,High,"Call 211, text zip code to 898-211, or use website",https://delaware211.org/
YP-0355,14,New Castle,career;career_pathway;college;employment;general_support;postsecondary;professional_skills;resume,R025,Delaware Department of Labor - Vocational Rehabilitation Transition Services,Disability / Employment,Statewide,14,24,employment,13,High,DVR referral / school referral,https://labor.delaware.gov/divisions/dvr/transition-services/
YP-0355,14,New Castle,career;career_pathway;college;employment;general_support;postsecondary;professional_skills;resume,R018,Boys & Girls Clubs of Delaware - Education and Career,Education & Career,Statewide,6,18,career,12,Medium,Join local club / program inquiry,https://www.bgclubs.org/education-and-career
YP-0355,14,New Castle,career;career_pathway;college;employment;general_support;postsecondary;professional_skills;resume,R016,The Warehouse,Teen Center / Engagement,New Castle,13,24,employment,12,Medium,Membership / program enrollment,https://teenwarehouse.org/
YP-0355,14,New Castle,career;career_pathway;college;employment;general_support;postsecondary;professional_skills;resume,R061,Delaware Parent Resources - Higher Education Guide,Education Navigation,Statewide,14,24,college,11,Low,Website navigation / caseworker support,https://delaware.gov/guides/parent-resources/
YP-0356,14,New Castle,academic_support;career;career_readiness;education;employment;general_support;job_training;paid_work,R007,Delaware 211,Resource Navigation,Statewide,0,99,education;general_support,23,High,"Call 211, text zip code to 898-211, or use website",https://delaware211.org/
YP-0356,14,New Castle,academic_support;career;career_readiness;education;employment;general_support;job_training;paid_work,R018,Boys & Girls Clubs of Delaware - Education and Career,Education & Career,Statewide,6,18,academic_support;career,22,Medium,Join local club / program inquiry,https://www.bgclubs.org/education-and-career
YP-0356,14,New Castle,academic_support;career;career_readiness;education;employment;general_support;job_training;paid_work,R016,The Warehouse,Teen Center / Engagement,New Castle,13,24,education;employment,22,Medium,Membership / program enrollment,https://teenwarehouse.org/
YP-0356,14,New Castle,academic_support;career;career_readiness;education;employment;general_support;job_training;paid_work,R025,Delaware Department of Labor - Vocational Rehabilitation Transition Services,Disability / Employment,Statewide,14,24,employment,13,High,DVR referral / school referral,https://labor.delaware.gov/divisions/dvr/transition-services/
YP-0356,14,New Castle,academic_support;career;career_readiness;education;employment;general_support;job_training;paid_work,R055,Delaware LGBTQ+ Resources and Organizations,LGBTQ+ Support,Statewide,0,99,education,12,Medium,Resource navigation,https://history.delaware.gov/lgbtq-history/local-lgbtq-resources-and-organizations/
YP-0357,16,New Castle,career;career_pathway;case_management;community;education;employment;financial_literacy;general_support;homelessness;housing;independent_living;job_training;life_skills;mentorship;paid_work;positive_adult;postsecondary;transition_support,R003,West End Neighborhood House Life Lines,Housing & Case Management,Statewide,16,23,case_management;education;employment;financial_literacy;housing;life_skills,63,High,Referral or program inquiry,https://westendnh.org/programs/life-lines/
YP-0357,16,New Castle,career;career_pathway;case_management;community;education;employment;financial_literacy;general_support;homelessness;housing;independent_living;job_training;life_skills;mentorship;paid_work;positive_adult;postsecondary;transition_support,R001,DSCYF Independent Living Services,Independent Living,Statewide,14,21,housing;life_skills;mentorship;transition_support,43,High,Caseworker/DFS referral,https://kids.delaware.gov/family-services/independent-living/
YP-0357,16,New Castle,career;career_pathway;case_management;community;education;employment;financial_literacy;general_support;homelessness;housing;independent_living;job_training;life_skills;mentorship;paid_work;positive_adult;postsecondary;transition_support,R016,The Warehouse,Teen Center / Engagement,New Castle,13,24,community;education;employment;mentorship,42,Medium,Membership / program enrollment,https://teenwarehouse.org/
YP-0357,16,New Castle,career;career_pathway;case_management;community;education;employment;financial_literacy;general_support;homelessness;housing;independent_living;job_training;life_skills;mentorship;paid_work;positive_adult;postsecondary;transition_support,R007,Delaware 211,Resource Navigation,Statewide,0,99,education;general_support;housing,33,High,"Call 211, text zip code to 898-211, or use website",https://delaware211.org/
YP-0357,16,New Castle,career;career_pathway;case_management;community;education;employment;financial_literacy;general_support;homelessness;housing;independent_living;job_training;life_skills;mentorship;paid_work;positive_adult;postsecondary;transition_support,R005,People's Place Independent Living,Independent Living,Statewide,16,23,case_management;life_skills;transition_support,33,High,DFS referral or self-referral for 18-23,https://peoplesplace2.com/services/independent-living
YP-0358,14,New Castle,career;career_pathway;case_management;community;education;employment;general_support;homelessness;housing;job_training;mentorship;paid_work;positive_adult;postsecondary,R016,The Warehouse,Teen Center / Engagement,New Castle,13,24,community;education;employment;mentorship,42,Medium,Membership / program enrollment,https://teenwarehouse.org/
YP-0358,14,New Castle,career;career_pathway;case_management;community;education;employment;general_support;homelessness;housing;job_training;mentorship;paid_work;positive_adult;postsecondary,R007,Delaware 211,Resource Navigation,Statewide,0,99,education;general_support;housing,33,High,"Call 211, text zip code to 898-211, or use website",https://delaware211.org/
YP-0358,14,New Castle,career;career_pathway;case_management;community;education;employment;general_support;homelessness;housing;job_training;mentorship;paid_work;positive_adult;postsecondary,R017,Big Brothers Big Sisters of Delaware,Mentorship,Statewide,6,18,mentorship;positive_adult,23,High,Enroll youth / mentor match inquiry,https://bbbsde.org/
YP-0358,14,New Castle,career;career_pathway;case_management;community;education;employment;general_support;homelessness;housing;job_training;mentorship;paid_work;positive_adult;postsecondary,R001,DSCYF Independent Living Services,Independent Living,Statewide,14,21,housing;mentorship,23,High,Caseworker/DFS referral,https://kids.delaware.gov/family-services/independent-living/
YP-0358,14,New Castle,career;career_pathway;case_management;community;education;employment;general_support;homelessness;housing;job_training;mentorship;paid_work;positive_adult;postsecondary,R025,Delaware Department of Labor - Vocational Rehabilitation Transition Services,Disability / Employment,Statewide,14,24,employment,13,High,DVR referral / school referral,https://labor.delaware.gov/divisions/dvr/transition-services/
YP-0359,13,New Castle,career;career_pathway;case_management;community;education;employment;financial_literacy;general_support;homelessness;housing;independent_living;job_training;life_skills;mentorship;paid_work;positive_adult;postsecondary;transition_support,R016,The Warehouse,Teen Center / Engagement,New Castle,13,24,community;education;employment;mentorship,42,Medium,Membership / program enrollment,https://teenwarehouse.org/
YP-0359,13,New Castle,career;career_pathway;case_management;community;education;employment;financial_literacy;general_support;homelessness;housing;independent_living;job_training;life_skills;mentorship;paid_work;positive_adult;postsecondary;transition_support,R007,Delaware 211,Resource Navigation,Statewide,0,99,education;general_support;housing,33,High,"Call 211, text zip code to 898-211, or use website",https://delaware211.org/
YP-0359,13,New Castle,career;career_pathway;case_management;community;education;employment;financial_literacy;general_support;homelessness;housing;independent_living;job_training;life_skills;mentorship;paid_work;positive_adult;postsecondary;transition_support,R017,Big Brothers Big Sisters of Delaware,Mentorship,Statewide,6,18,mentorship;positive_adult,23,High,Enroll youth / mentor match inquiry,https://bbbsde.org/
YP-0359,13,New Castle,career;career_pathway;case_management;community;education;employment;financial_literacy;general_support;homelessness;housing;independent_living;job_training;life_skills;mentorship;paid_work;positive_adult;postsecondary;transition_support,R018,Boys & Girls Clubs of Delaware - Education and Career,Education & Career,Statewide,6,18,career,12,Medium,Join local club / program inquiry,https://www.bgclubs.org/education-and-career
YP-0359,13,New Castle,career;career_pathway;case_management;community;education;employment;financial_literacy;general_support;homelessness;housing;independent_living;job_training;life_skills;mentorship;paid_work;positive_adult;postsecondary;transition_support,R055,Delaware LGBTQ+ Resources and Organizations,LGBTQ+ Support,Statewide,0,99,education,12,Medium,Resource navigation,https://history.delaware.gov/lgbtq-history/local-lgbtq-resources-and-organizations/
YP-0360,16,Kent,career;career_pathway;case_management;education;employment;general_support;homelessness;housing;postsecondary;professional_skills;resume,R003,West End Neighborhood House Life Lines,Housing & Case Management,Statewide,16,23,case_management;education;employment;housing,43,High,Referral or program inquiry,https://westendnh.org/programs/life-lines/
YP-0360,16,Kent,career;career_pathway;case_management;education;employment;general_support;homelessness;housing;postsecondary;professional_skills;resume,R007,Delaware 211,Resource Navigation,Statewide,0,99,education;general_support;housing,33,High,"Call 211, text zip code to 898-211, or use website",https://delaware211.org/
YP-0360,16,Kent,career;career_pathway;case_management;education;employment;general_support;homelessness;housing;postsecondary;professional_skills;resume,R019,YMCA of Delaware Teen Workforce Development,Employment,Statewide,15,19,professional_skills;resume,23,High,Interest form / program enrollment,https://www.ymcade.org/teen-workforce-development/
YP-0360,16,Kent,career;career_pathway;case_management;education;employment;general_support;homelessness;housing;postsecondary;professional_skills;resume,R001,DSCYF Independent Living Services,Independent Living,Statewide,14,21,housing,13,High,Caseworker/DFS referral,https://kids.delaware.gov/family-services/independent-living/
YP-0360,16,Kent,career;career_pathway;case_management;education;employment;general_support;homelessness;housing;postsecondary;professional_skills;resume,R025,Delaware Department of Labor - Vocational Rehabilitation Transition Services,Disability / Employment,Statewide,14,24,employment,13,High,DVR referral / school referral,https://labor.delaware.gov/divisions/dvr/transition-services/
YP-0361,15,Kent,GED;career;credentials;education;employment;general_support;job_training;paid_work;postsecondary,R007,Delaware 211,Resource Navigation,Statewide,0,99,education;general_support,23,High,"Call 211, text zip code to 898-211, or use website",https://delaware211.org/
YP-0361,15,Kent,GED;career;credentials;education;employment;general_support;job_training;paid_work;postsecondary,R025,Delaware Department of Labor - Vocational Rehabilitation Transition Services,Disability / Employment,Statewide,14,24,employment,13,High,DVR referral / school referral,https://labor.delaware.gov/divisions/dvr/transition-services/
YP-0361,15,Kent,GED;career;credentials;education;employment;general_support;job_training;paid_work;postsecondary,R018,Boys & Girls Clubs of Delaware - Education and Career,Education & Career,Statewide,6,18,career,12,Medium,Join local club / program inquiry,https://www.bgclubs.org/education-and-career
YP-0361,15,Kent,GED;career;credentials;education;employment;general_support;job_training;paid_work;postsecondary,R055,Delaware LGBTQ+ Resources and Organizations,LGBTQ+ Support,Statewide,0,99,education,12,Medium,Resource navigation,https://history.delaware.gov/lgbtq-history/local-lgbtq-resources-and-organizations/
YP-0361,15,Kent,GED;career;credentials;education;employment;general_support;job_training;paid_work;postsecondary,R042,Mental Health Association in Delaware,Mental Health,Statewide,0,99,education,12,Medium,Program inquiry / referral,https://www.mhainde.org/
YP-0362,16,New Castle,career;career_pathway;case_management;college;employment;financial_literacy;general_support;homelessness;housing;independent_living;job_training;life_skills;paid_work;postsecondary;transition_support,R003,West End Neighborhood House Life Lines,Housing & Case Management,Statewide,16,23,case_management;employment;financial_literacy;housing;life_skills,53,High,Referral or program inquiry,https://westendnh.org/programs/life-lines/
YP-0362,16,New Castle,career;career_pathway;case_management;college;employment;financial_literacy;general_support;homelessness;housing;independent_living;job_training;life_skills;paid_work;postsecondary;transition_support,R001,DSCYF Independent Living Services,Independent Living,Statewide,14,21,housing;life_skills;transition_support,33,High,Caseworker/DFS referral,https://kids.delaware.gov/family-services/independent-living/
YP-0362,16,New Castle,career;career_pathway;case_management;college;employment;financial_literacy;general_support;homelessness;housing;independent_living;job_training;life_skills;paid_work;postsecondary;transition_support,R005,People's Place Independent Living,Independent Living,Statewide,16,23,case_management;life_skills;transition_support,33,High,DFS referral or self-referral for 18-23,https://peoplesplace2.com/services/independent-living
YP-0362,16,New Castle,career;career_pathway;case_management;college;employment;financial_literacy;general_support;homelessness;housing;independent_living;job_training;life_skills;paid_work;postsecondary;transition_support,R022,West End Education and Employment Department,Employment & Education,New Castle,16,24,career_pathway;paid_work;postsecondary,33,High,Program inquiry,https://westendnh.org/programs/academic-education/
YP-0362,16,New Castle,career;career_pathway;case_management;college;employment;financial_literacy;general_support;homelessness;housing;independent_living;job_training;life_skills;paid_work;postsecondary;transition_support,R007,Delaware 211,Resource Navigation,Statewide,0,99,general_support;housing,23,High,"Call 211, text zip code to 898-211, or use website",https://delaware211.org/
YP-0363,19,Sussex,GED;case_management;credentials;education;general_support;homelessness;housing;independent_living;postsecondary;young_adults,R007,Delaware 211,Resource Navigation,Statewide,0,99,education;general_support;housing,33,High,"Call 211, text zip code to 898-211, or use website",https://delaware211.org/
YP-0363,19,Sussex,GED;case_management;credentials;education;general_support;homelessness;housing;independent_living;postsecondary;young_adults,R003,West End Neighborhood House Life Lines,Housing & Case Management,Statewide,16,23,case_management;education;housing,33,High,Referral or program inquiry,https://westendnh.org/programs/life-lines/
YP-0363,19,Sussex,GED;case_management;credentials;education;general_support;homelessness;housing;independent_living;postsecondary;young_adults,R002,DSCYF ASSIST / Aftercare 18-21,Aftercare,Statewide,18,21,housing;independent_living,23,High,Caseworker/DFS referral,https://kids.delaware.gov/family-services/il-provider-resources/
YP-0363,19,Sussex,GED;case_management;credentials;education;general_support;homelessness;housing;independent_living;postsecondary;young_adults,R004,West End Life Lines Transitional Housing,Housing,Statewide,18,23,case_management;homelessness,23,High,Referral / eligibility screening,https://westendnh.org/programs/life-lines-programs/
YP-0363,19,Sussex,GED;case_management;credentials;education;general_support;homelessness;housing;independent_living;postsecondary;young_adults,R048,Community Legal Aid Society Inc. (CLASI),Legal Aid,Statewide,18,99,housing,13,High,Legal intake / eligibility screening,https://www.declasi.org/
YP-0364,19,New Castle,academic_support;career;career_readiness;case_management;education;employment;general_support;homelessness;housing;independent_living;professional_skills;resume;young_adults,R003,West End Neighborhood House Life Lines,Housing & Case Management,Statewide,16,23,case_management;education;employment;housing,43,High,Referral or program inquiry,https://westendnh.org/programs/life-lines/
YP-0364,19,New Castle,academic_support;career;career_readiness;case_management;education;employment;general_support;homelessness;housing;independent_living;professional_skills;resume;young_adults,R007,Delaware 211,Resource Navigation,Statewide,0,99,education;general_support;housing,33,High,"Call 211, text zip code to 898-211, or use website",https://delaware211.org/
YP-0364,19,New Castle,academic_support;career;career_readiness;case_management;education;employment;general_support;homelessness;housing;independent_living;professional_skills;resume;young_adults,R002,DSCYF ASSIST / Aftercare 18-21,Aftercare,Statewide,18,21,housing;independent_living,23,High,Caseworker/DFS referral,https://kids.delaware.gov/family-services/il-provider-resources/
YP-0364,19,New Castle,academic_support;career;career_readiness;case_management;education;employment;general_support;homelessness;housing;independent_living;professional_skills;resume;young_adults,R004,West End Life Lines Transitional Housing,Housing,Statewide,18,23,case_management;homelessness,23,High,Referral / eligibility screening,https://westendnh.org/programs/life-lines-programs/
YP-0364,19,New Castle,academic_support;career;career_readiness;case_management;education;employment;general_support;homelessness;housing;independent_living;professional_skills;resume;young_adults,R019,YMCA of Delaware Teen Workforce Development,Employment,Statewide,15,19,professional_skills;resume,23,High,Interest form / program enrollment,https://www.ymcade.org/teen-workforce-development/
YP-0365,19,Sussex,GED;community;credentials;education;general_support;independent_living;mentorship;positive_adult;postsecondary;young_adults,R007,Delaware 211,Resource Navigation,Statewide,0,99,education;general_support,23,High,"Call 211, text zip code to 898-211, or use website",https://delaware211.org/
YP-0365,19,Sussex,GED;community;credentials;education;general_support;independent_living;mentorship;positive_adult;postsecondary;young_adults,R002,DSCYF ASSIST / Aftercare 18-21,Aftercare,Statewide,18,21,independent_living,13,High,Caseworker/DFS referral,https://kids.delaware.gov/family-services/il-provider-resources/
YP-0365,19,Sussex,GED;community;credentials;education;general_support;independent_living;mentorship;positive_adult;postsecondary;young_adults,R001,DSCYF Independent Living Services,Independent Living,Statewide,14,21,mentorship,13,High,Caseworker/DFS referral,https://kids.delaware.gov/family-services/independent-living/
YP-0365,19,Sussex,GED;community;credentials;education;general_support;independent_living;mentorship;positive_adult;postsecondary;young_adults,R003,West End Neighborhood House Life Lines,Housing & Case Management,Statewide,16,23,education,13,High,Referral or program inquiry,https://westendnh.org/programs/life-lines/
YP-0365,19,Sussex,GED;community;credentials;education;general_support;independent_living;mentorship;positive_adult;postsecondary;young_adults,R011,Delaware Courts Scholarships for Foster Care Alumni,Education Funding,Statewide,18,26,postsecondary,12,Medium,Application support,https://courts.delaware.gov/childadvocate/scholarships.aspx
YP-0366,17,New Castle,career;career_pathway;case_management;college;community;employment;financial_literacy;general_support;homelessness;housing;independent_living;life_skills;mentorship;positive_adult;postsecondary;professional_skills;resume;transition_support,R003,West End Neighborhood House Life Lines,Housing & Case Management,Statewide,16,23,case_management;employment;financial_literacy;housing;life_skills,53,High,Referral or program inquiry,https://westendnh.org/programs/life-lines/
YP-0366,17,New Castle,career;career_pathway;case_management;college;community;employment;financial_literacy;general_support;homelessness;housing;independent_living;life_skills;mentorship;positive_adult;postsecondary;professional_skills;resume;transition_support,R001,DSCYF Independent Living Services,Independent Living,Statewide,14,21,housing;life_skills;mentorship;transition_support,43,High,Caseworker/DFS referral,https://kids.delaware.gov/family-services/independent-living/
YP-0366,17,New Castle,career;career_pathway;case_management;college;community;employment;financial_literacy;general_support;homelessness;housing;independent_living;life_skills;mentorship;positive_adult;postsecondary;professional_skills;resume;transition_support,R005,People's Place Independent Living,Independent Living,Statewide,16,23,case_management;life_skills;transition_support,33,High,DFS referral or self-referral for 18-23,https://peoplesplace2.com/services/independent-living
YP-0366,17,New Castle,career;career_pathway;case_management;college;community;employment;financial_literacy;general_support;homelessness;housing;independent_living;life_skills;mentorship;positive_adult;postsecondary;professional_skills;resume;transition_support,R016,The Warehouse,Teen Center / Engagement,New Castle,13,24,community;employment;mentorship,32,Medium,Membership / program enrollment,https://teenwarehouse.org/
YP-0366,17,New Castle,career;career_pathway;case_management;college;community;employment;financial_literacy;general_support;homelessness;housing;independent_living;life_skills;mentorship;positive_adult;postsecondary;professional_skills;resume;transition_support,R017,Big Brothers Big Sisters of Delaware,Mentorship,Statewide,6,18,mentorship;positive_adult,23,High,Enroll youth / mentor match inquiry,https://bbbsde.org/
YP-0367,15,New Castle,career;career_pathway;case_management;college;employment;financial_literacy;general_support;job_training;life_skills;paid_work;postsecondary;transition_support,R001,DSCYF Independent Living Services,Independent Living,Statewide,14,21,life_skills;transition_support,23,High,Caseworker/DFS referral,https://kids.delaware.gov/family-services/independent-living/
YP-0367,15,New Castle,career;career_pathway;case_management;college;employment;financial_literacy;general_support;job_training;life_skills;paid_work;postsecondary;transition_support,R007,Delaware 211,Resource Navigation,Statewide,0,99,general_support,13,High,"Call 211, text zip code to 898-211, or use website",https://delaware211.org/
YP-0367,15,New Castle,career;career_pathway;case_management;college;employment;financial_literacy;general_support;job_training;life_skills;paid_work;postsecondary;transition_support,R025,Delaware Department of Labor - Vocational Rehabilitation Transition Services,Disability / Employment,Statewide,14,24,employment,13,High,DVR referral / school referral,https://labor.delaware.gov/divisions/dvr/transition-services/
YP-0367,15,New Castle,career;career_pathway;case_management;college;employment;financial_literacy;general_support;job_training;life_skills;paid_work;postsecondary;transition_support,R018,Boys & Girls Clubs of Delaware - Education and Career,Education & Career,Statewide,6,18,career,12,Medium,Join local club / program inquiry,https://www.bgclubs.org/education-and-career
YP-0367,15,New Castle,career;career_pathway;case_management;college;employment;financial_literacy;general_support;job_training;life_skills;paid_work;postsecondary;transition_support,R027,Independent Resources Inc. Youth Transition Life Skills Program,Disability / Life Skills,Statewide,14,28,life_skills,12,Medium,Program inquiry / referral,https://www.iri-delaware.org/iri/25-transition-life-skills-program/
YP-0368,19,Sussex,career;career_pathway;case_management;college;employment;financial_literacy;general_support;homelessness;housing;independent_living;internship;life_skills;postsecondary;professional_skills;transition_support;young_adults,R003,West End Neighborhood House Life Lines,Housing & Case Management,Statewide,16,23,case_management;employment;financial_literacy;housing;life_skills,53,High,Referral or program inquiry,https://westendnh.org/programs/life-lines/
YP-0368,19,Sussex,career;career_pathway;case_management;college;employment;financial_literacy;general_support;homelessness;housing;independent_living;internship;life_skills;postsecondary;professional_skills;transition_support;young_adults,R001,DSCYF Independent Living Services,Independent Living,Statewide,14,21,housing;life_skills;transition_support,33,High,Caseworker/DFS referral,https://kids.delaware.gov/family-services/independent-living/
YP-0368,19,Sussex,career;career_pathway;case_management;college;employment;financial_literacy;general_support;homelessness;housing;independent_living;internship;life_skills;postsecondary;professional_skills;transition_support;young_adults,R005,People's Place Independent Living,Independent Living,Statewide,16,23,case_management;life_skills;transition_support,33,High,DFS referral or self-referral for 18-23,https://peoplesplace2.com/services/independent-living
YP-0368,19,Sussex,career;career_pathway;case_management;college;employment;financial_literacy;general_support;homelessness;housing;independent_living;internship;life_skills;postsecondary;professional_skills;transition_support;young_adults,R002,DSCYF ASSIST / Aftercare 18-21,Aftercare,Statewide,18,21,housing;independent_living,23,High,Caseworker/DFS referral,https://kids.delaware.gov/family-services/il-provider-resources/
YP-0368,19,Sussex,career;career_pathway;case_management;college;employment;financial_literacy;general_support;homelessness;housing;independent_living;internship;life_skills;postsecondary;professional_skills;transition_support;young_adults,R007,Delaware 211,Resource Navigation,Statewide,0,99,general_support;housing,23,High,"Call 211, text zip code to 898-211, or use website",https://delaware211.org/
YP-0369,15,New Castle,career;career_pathway;case_management;college;employment;financial_literacy;general_support;homelessness;housing;independent_living;job_training;life_skills;paid_work;postsecondary;transition_support,R001,DSCYF Independent Living Services,Independent Living,Statewide,14,21,housing;life_skills;transition_support,33,High,Caseworker/DFS referral,https://kids.delaware.gov/family-services/independent-living/
YP-0369,15,New Castle,career;career_pathway;case_management;college;employment;financial_literacy;general_support;homelessness;housing;independent_living;job_training;life_skills;paid_work;postsecondary;transition_support,R007,Delaware 211,Resource Navigation,Statewide,0,99,general_support;housing,23,High,"Call 211, text zip code to 898-211, or use website",https://delaware211.org/
YP-0369,15,New Castle,career;career_pathway;case_management;college;employment;financial_literacy;general_support;homelessness;housing;independent_living;job_training;life_skills;paid_work;postsecondary;transition_support,R025,Delaware Department of Labor - Vocational Rehabilitation Transition Services,Disability / Employment,Statewide,14,24,employment,13,High,DVR referral / school referral,https://labor.delaware.gov/divisions/dvr/transition-services/
YP-0369,15,New Castle,career;career_pathway;case_management;college;employment;financial_literacy;general_support;homelessness;housing;independent_living;job_training;life_skills;paid_work;postsecondary;transition_support,R018,Boys & Girls Clubs of Delaware - Education and Career,Education & Career,Statewide,6,18,career,12,Medium,Join local club / program inquiry,https://www.bgclubs.org/education-and-career
YP-0369,15,New Castle,career;career_pathway;case_management;college;employment;financial_literacy;general_support;homelessness;housing;independent_living;job_training;life_skills;paid_work;postsecondary;transition_support,R027,Independent Resources Inc. Youth Transition Life Skills Program,Disability / Life Skills,Statewide,14,28,life_skills,12,Medium,Program inquiry / referral,https://www.iri-delaware.org/iri/25-transition-life-skills-program/
YP-0370,19,New Castle,career;career_pathway;case_management;college;employment;financial_literacy;general_support;independent_living;life_skills;postsecondary;professional_skills;resume;transition_support;young_adults,R003,West End Neighborhood House Life Lines,Housing & Case Management,Statewide,16,23,case_management;employment;financial_literacy;life_skills,43,High,Referral or program inquiry,https://westendnh.org/programs/life-lines/
YP-0370,19,New Castle,career;career_pathway;case_management;college;employment;financial_literacy;general_support;independent_living;life_skills;postsecondary;professional_skills;resume;transition_support;young_adults,R005,People's Place Independent Living,Independent Living,Statewide,16,23,case_management;life_skills;transition_support,33,High,DFS referral or self-referral for 18-23,https://peoplesplace2.com/services/independent-living
YP-0370,19,New Castle,career;career_pathway;case_management;college;employment;financial_literacy;general_support;independent_living;life_skills;postsecondary;professional_skills;resume;transition_support;young_adults,R001,DSCYF Independent Living Services,Independent Living,Statewide,14,21,life_skills;transition_support,23,High,Caseworker/DFS referral,https://kids.delaware.gov/family-services/independent-living/
YP-0370,19,New Castle,career;career_pathway;case_management;college;employment;financial_literacy;general_support;independent_living;life_skills;postsecondary;professional_skills;resume;transition_support;young_adults,R022,West End Education and Employment Department,Employment & Education,New Castle,16,24,career_pathway;postsecondary,23,High,Program inquiry,https://westendnh.org/programs/academic-education/
YP-0370,19,New Castle,career;career_pathway;case_management;college;employment;financial_literacy;general_support;independent_living;life_skills;postsecondary;professional_skills;resume;transition_support;young_adults,R019,YMCA of Delaware Teen Workforce Development,Employment,Statewide,15,19,professional_skills;resume,23,High,Interest form / program enrollment,https://www.ymcade.org/teen-workforce-development/
YP-0371,18,New Castle,GED;career;case_management;community;credentials;education;employment;general_support;homelessness;housing;independent_living;mentorship;positive_adult;postsecondary;professional_skills;resume;young_adults,R003,West End Neighborhood House Life Lines,Housing & Case Management,Statewide,16,23,case_management;education;employment;housing,43,High,Referral or program inquiry,https://westendnh.org/programs/life-lines/
YP-0371,18,New Castle,GED;career;case_management;community;credentials;education;employment;general_support;homelessness;housing;independent_living;mentorship;positive_adult;postsecondary;professional_skills;resume;young_adults,R016,The Warehouse,Teen Center / Engagement,New Castle,13,24,community;education;employment;mentorship,42,Medium,Membership / program enrollment,https://teenwarehouse.org/
YP-0371,18,New Castle,GED;career;case_management;community;credentials;education;employment;general_support;homelessness;housing;independent_living;mentorship;positive_adult;postsecondary;professional_skills;resume;young_adults,R007,Delaware 211,Resource Navigation,Statewide,0,99,education;general_support;housing,33,High,"Call 211, text zip code to 898-211, or use website",https://delaware211.org/
YP-0371,18,New Castle,GED;career;case_management;community;credentials;education;employment;general_support;homelessness;housing;independent_living;mentorship;positive_adult;postsecondary;professional_skills;resume;young_adults,R022,West End Education and Employment Department,Employment & Education,New Castle,16,24,GED;credentials;postsecondary,33,High,Program inquiry,https://westendnh.org/programs/academic-education/
YP-0371,18,New Castle,GED;career;case_management;community;credentials;education;employment;general_support;homelessness;housing;independent_living;mentorship;positive_adult;postsecondary;professional_skills;resume;young_adults,R017,Big Brothers Big Sisters of Delaware,Mentorship,Statewide,6,18,mentorship;positive_adult,23,High,Enroll youth / mentor match inquiry,https://bbbsde.org/
YP-0372,17,Kent,GED;case_management;credentials;education;general_support;homelessness;housing;independent_living;postsecondary,R007,Delaware 211,Resource Navigation,Statewide,0,99,education;general_support;housing,33,High,"Call 211, text zip code to 898-211, or use website",https://delaware211.org/
YP-0372,17,Kent,GED;case_management;credentials;education;general_support;homelessness;housing;independent_living;postsecondary,R003,West End Neighborhood House Life Lines,Housing & Case Management,Statewide,16,23,case_management;education;housing,33,High,Referral or program inquiry,https://westendnh.org/programs/life-lines/
YP-0372,17,Kent,GED;case_management;credentials;education;general_support;homelessness;housing;independent_living;postsecondary,R001,DSCYF Independent Living Services,Independent Living,Statewide,14,21,housing,13,High,Caseworker/DFS referral,https://kids.delaware.gov/family-services/independent-living/
YP-0372,17,Kent,GED;case_management;credentials;education;general_support;homelessness;housing;independent_living;postsecondary,R005,People's Place Independent Living,Independent Living,Statewide,16,23,case_management,13,High,DFS referral or self-referral for 18-23,https://peoplesplace2.com/services/independent-living
YP-0372,17,Kent,GED;case_management;credentials;education;general_support;homelessness;housing;independent_living;postsecondary,R055,Delaware LGBTQ+ Resources and Organizations,LGBTQ+ Support,Statewide,0,99,education,12,Medium,Resource navigation,https://history.delaware.gov/lgbtq-history/local-lgbtq-resources-and-organizations/
YP-0373,19,New Castle,GED;case_management;community;credentials;education;financial_literacy;general_support;homelessness;housing;independent_living;life_skills;mentorship;positive_adult;postsecondary;transition_support;young_adults,R003,West End Neighborhood House Life Lines,Housing & Case Management,Statewide,16,23,case_management;education;financial_literacy;housing;life_skills,53,High,Referral or program inquiry,https://westendnh.org/programs/life-lines/
YP-0373,19,New Castle,GED;case_management;community;credentials;education;financial_literacy;general_support;homelessness;housing;independent_living;life_skills;mentorship;positive_adult;postsecondary;transition_support;young_adults,R001,DSCYF Independent Living Services,Independent Living,Statewide,14,21,housing;life_skills;mentorship;transition_support,43,High,Caseworker/DFS referral,https://kids.delaware.gov/family-services/independent-living/
YP-0373,19,New Castle,GED;case_management;community;credentials;education;financial_literacy;general_support;homelessness;housing;independent_living;life_skills;mentorship;positive_adult;postsecondary;transition_support;young_adults,R007,Delaware 211,Resource Navigation,Statewide,0,99,education;general_support;housing,33,High,"Call 211, text zip code to 898-211, or use website",https://delaware211.org/
YP-0373,19,New Castle,GED;case_management;community;credentials;education;financial_literacy;general_support;homelessness;housing;independent_living;life_skills;mentorship;positive_adult;postsecondary;transition_support;young_adults,R005,People's Place Independent Living,Independent Living,Statewide,16,23,case_management;life_skills;transition_support,33,High,DFS referral or self-referral for 18-23,https://peoplesplace2.com/services/independent-living
YP-0373,19,New Castle,GED;case_management;community;credentials;education;financial_literacy;general_support;homelessness;housing;independent_living;life_skills;mentorship;positive_adult;postsecondary;transition_support;young_adults,R022,West End Education and Employment Department,Employment & Education,New Castle,16,24,GED;credentials;postsecondary,33,High,Program inquiry,https://westendnh.org/programs/academic-education/
YP-0374,19,Sussex,academic_support;career;career_readiness;case_management;education;employment;general_support;homelessness;housing;independent_living;professional_skills;resume;young_adults,R003,West End Neighborhood House Life Lines,Housing & Case Management,Statewide,16,23,case_management;education;employment;housing,43,High,Referral or program inquiry,https://westendnh.org/programs/life-lines/
YP-0374,19,Sussex,academic_support;career;career_readiness;case_management;education;employment;general_support;homelessness;housing;independent_living;professional_skills;resume;young_adults,R007,Delaware 211,Resource Navigation,Statewide,0,99,education;general_support;housing,33,High,"Call 211, text zip code to 898-211, or use website",https://delaware211.org/
YP-0374,19,Sussex,academic_support;career;career_readiness;case_management;education;employment;general_support;homelessness;housing;independent_living;professional_skills;resume;young_adults,R002,DSCYF ASSIST / Aftercare 18-21,Aftercare,Statewide,18,21,housing;independent_living,23,High,Caseworker/DFS referral,https://kids.delaware.gov/family-services/il-provider-resources/
YP-0374,19,Sussex,academic_support;career;career_readiness;case_management;education;employment;general_support;homelessness;housing;independent_living;professional_skills;resume;young_adults,R004,West End Life Lines Transitional Housing,Housing,Statewide,18,23,case_management;homelessness,23,High,Referral / eligibility screening,https://westendnh.org/programs/life-lines-programs/
YP-0374,19,Sussex,academic_support;career;career_readiness;case_management;education;employment;general_support;homelessness;housing;independent_living;professional_skills;resume;young_adults,R019,YMCA of Delaware Teen Workforce Development,Employment,Statewide,15,19,professional_skills;resume,23,High,Interest form / program enrollment,https://www.ymcade.org/teen-workforce-development/
YP-0375,19,Sussex,GED;career;case_management;community;credentials;education;employment;general_support;homelessness;housing;independent_living;job_training;mentorship;paid_work;positive_adult;postsecondary;young_adults,R003,West End Neighborhood House Life Lines,Housing & Case Management,Statewide,16,23,case_management;education;employment;housing,43,High,Referral or program inquiry,https://westendnh.org/programs/life-lines/
YP-0375,19,Sussex,GED;career;case_management;community;credentials;education;employment;general_support;homelessness;housing;independent_living;job_training;mentorship;paid_work;positive_adult;postsecondary;young_adults,R007,Delaware 211,Resource Navigation,Statewide,0,99,education;general_support;housing,33,High,"Call 211, text zip code to 898-211, or use website",https://delaware211.org/
YP-0375,19,Sussex,GED;career;case_management;community;credentials;education;employment;general_support;homelessness;housing;independent_living;job_training;mentorship;paid_work;positive_adult;postsecondary;young_adults,R002,DSCYF ASSIST / Aftercare 18-21,Aftercare,Statewide,18,21,housing;independent_living,23,High,Caseworker/DFS referral,https://kids.delaware.gov/family-services/il-provider-resources/
YP-0375,19,Sussex,GED;career;case_management;community;credentials;education;employment;general_support;homelessness;housing;independent_living;job_training;mentorship;paid_work;positive_adult;postsecondary;young_adults,R001,DSCYF Independent Living Services,Independent Living,Statewide,14,21,housing;mentorship,23,High,Caseworker/DFS referral,https://kids.delaware.gov/family-services/independent-living/
YP-0375,19,Sussex,GED;career;case_management;community;credentials;education;employment;general_support;homelessness;housing;independent_living;job_training;mentorship;paid_work;positive_adult;postsecondary;young_adults,R004,West End Life Lines Transitional Housing,Housing,Statewide,18,23,case_management;homelessness,23,High,Referral / eligibility screening,https://westendnh.org/programs/life-lines-programs/
YP-0376,16,Sussex,career;career_pathway;case_management;education;employment;financial_literacy;general_support;homelessness;housing;independent_living;job_training;life_skills;paid_work;postsecondary;transition_support,R003,West End Neighborhood House Life Lines,Housing & Case Management,Statewide,16,23,case_management;education;employment;financial_literacy;housing;life_skills,63,High,Referral or program inquiry,https://westendnh.org/programs/life-lines/
YP-0376,16,Sussex,career;career_pathway;case_management;education;employment;financial_literacy;general_support;homelessness;housing;independent_living;job_training;life_skills;paid_work;postsecondary;transition_support,R001,DSCYF Independent Living Services,Independent Living,Statewide,14,21,housing;life_skills;transition_support,33,High,Caseworker/DFS referral,https://kids.delaware.gov/family-services/independent-living/
YP-0376,16,Sussex,career;career_pathway;case_management;education;employment;financial_literacy;general_support;homelessness;housing;independent_living;job_training;life_skills;paid_work;postsecondary;transition_support,R007,Delaware 211,Resource Navigation,Statewide,0,99,education;general_support;housing,33,High,"Call 211, text zip code to 898-211, or use website",https://delaware211.org/
YP-0376,16,Sussex,career;career_pathway;case_management;education;employment;financial_literacy;general_support;homelessness;housing;independent_living;job_training;life_skills;paid_work;postsecondary;transition_support,R005,People's Place Independent Living,Independent Living,Statewide,16,23,case_management;life_skills;transition_support,33,High,DFS referral or self-referral for 18-23,https://peoplesplace2.com/services/independent-living
YP-0376,16,Sussex,career;career_pathway;case_management;education;employment;financial_literacy;general_support;homelessness;housing;independent_living;job_training;life_skills;paid_work;postsecondary;transition_support,R025,Delaware Department of Labor - Vocational Rehabilitation Transition Services,Disability / Employment,Statewide,14,24,employment,13,High,DVR referral / school referral,https://labor.delaware.gov/divisions/dvr/transition-services/
YP-0377,15,New Castle,academic_support;career_readiness;case_management;education;general_support;homelessness;housing;independent_living,R007,Delaware 211,Resource Navigation,Statewide,0,99,education;general_support;housing,33,High,"Call 211, text zip code to 898-211, or use website",https://delaware211.org/
YP-0377,15,New Castle,academic_support;career_readiness;case_management;education;general_support;homelessness;housing;independent_living,R001,DSCYF Independent Living Services,Independent Living,Statewide,14,21,housing,13,High,Caseworker/DFS referral,https://kids.delaware.gov/family-services/independent-living/
YP-0377,15,New Castle,academic_support;career_readiness;case_management;education;general_support;homelessness;housing;independent_living,R018,Boys & Girls Clubs of Delaware - Education and Career,Education & Career,Statewide,6,18,academic_support,12,Medium,Join local club / program inquiry,https://www.bgclubs.org/education-and-career
YP-0377,15,New Castle,academic_support;career_readiness;case_management;education;general_support;homelessness;housing;independent_living,R055,Delaware LGBTQ+ Resources and Organizations,LGBTQ+ Support,Statewide,0,99,education,12,Medium,Resource navigation,https://history.delaware.gov/lgbtq-history/local-lgbtq-resources-and-organizations/
YP-0377,15,New Castle,academic_support;career_readiness;case_management;education;general_support;homelessness;housing;independent_living,R024,Jobs for Delaware Graduates,Education & Employment,Statewide,14,21,career_readiness,12,Medium,School/program referral,https://jobsdegrads.org/
YP-0378,18,Kent,academic_support;career;career_readiness;case_management;community;education;employment;financial_literacy;general_support;homelessness;housing;independent_living;job_training;life_skills;mentorship;paid_work;positive_adult;transition_support;young_adults,R003,West End Neighborhood House Life Lines,Housing & Case Management,Statewide,16,23,case_management;education;employment;financial_literacy;housing;life_skills,63,High,Referral or program inquiry,https://westendnh.org/programs/life-lines/
YP-0378,18,Kent,academic_support;career;career_readiness;case_management;community;education;employment;financial_literacy;general_support;homelessness;housing;independent_living;job_training;life_skills;mentorship;paid_work;positive_adult;transition_support;young_adults,R001,DSCYF Independent Living Services,Independent Living,Statewide,14,21,housing;life_skills;mentorship;transition_support,43,High,Caseworker/DFS referral,https://kids.delaware.gov/family-services/independent-living/
YP-0378,18,Kent,academic_support;career;career_readiness;case_management;community;education;employment;financial_literacy;general_support;homelessness;housing;independent_living;job_training;life_skills;mentorship;paid_work;positive_adult;transition_support;young_adults,R007,Delaware 211,Resource Navigation,Statewide,0,99,education;general_support;housing,33,High,"Call 211, text zip code to 898-211, or use website",https://delaware211.org/
YP-0378,18,Kent,academic_support;career;career_readiness;case_management;community;education;employment;financial_literacy;general_support;homelessness;housing;independent_living;job_training;life_skills;mentorship;paid_work;positive_adult;transition_support;young_adults,R005,People's Place Independent Living,Independent Living,Statewide,16,23,case_management;life_skills;transition_support,33,High,DFS referral or self-referral for 18-23,https://peoplesplace2.com/services/independent-living
YP-0378,18,Kent,academic_support;career;career_readiness;case_management;community;education;employment;financial_literacy;general_support;homelessness;housing;independent_living;job_training;life_skills;mentorship;paid_work;positive_adult;transition_support;young_adults,R017,Big Brothers Big Sisters of Delaware,Mentorship,Statewide,6,18,mentorship;positive_adult,23,High,Enroll youth / mentor match inquiry,https://bbbsde.org/
YP-0379,18,New Castle,GED;career;credentials;education;employment;general_support;independent_living;job_training;paid_work;postsecondary;young_adults,R022,West End Education and Employment Department,Employment & Education,New Castle,16,24,GED;credentials;paid_work;postsecondary,43,High,Program inquiry,https://westendnh.org/programs/academic-education/
YP-0379,18,New Castle,GED;career;credentials;education;employment;general_support;independent_living;job_training;paid_work;postsecondary;young_adults,R007,Delaware 211,Resource Navigation,Statewide,0,99,education;general_support,23,High,"Call 211, text zip code to 898-211, or use website",https://delaware211.org/
YP-0379,18,New Castle,GED;career;credentials;education;employment;general_support;independent_living;job_training;paid_work;postsecondary;young_adults,R003,West End Neighborhood House Life Lines,Housing & Case Management,Statewide,16,23,education;employment,23,High,Referral or program inquiry,https://westendnh.org/programs/life-lines/
YP-0379,18,New Castle,GED;career;credentials;education;employment;general_support;independent_living;job_training;paid_work;postsecondary;young_adults,R021,Wilmington Housing Authority YouthBuild,Employment & Education,New Castle,16,24,GED;job_training,23,High,Program application,https://whadelaware.org/about-wha/employment-opportunities-and-training-programs/youthbuild
YP-0379,18,New Castle,GED;career;credentials;education;employment;general_support;independent_living;job_training;paid_work;postsecondary;young_adults,R023,The Challenge Program,Employment & Education,New Castle,16,24,GED;job_training,22,Medium,Program inquiry,https://www.challengeprogram.org/
YP-0380,13,New Castle,career;career_pathway;case_management;college;community;employment;financial_literacy;general_support;homelessness;housing;job_training;life_skills;mentorship;paid_work;positive_adult;postsecondary;transition_support,R016,The Warehouse,Teen Center / Engagement,New Castle,13,24,community;employment;mentorship,32,Medium,Membership / program enrollment,https://teenwarehouse.org/
YP-0380,13,New Castle,career;career_pathway;case_management;college;community;employment;financial_literacy;general_support;homelessness;housing;job_training;life_skills;mentorship;paid_work;positive_adult;postsecondary;transition_support,R017,Big Brothers Big Sisters of Delaware,Mentorship,Statewide,6,18,mentorship;positive_adult,23,High,Enroll youth / mentor match inquiry,https://bbbsde.org/
YP-0380,13,New Castle,career;career_pathway;case_management;college;community;employment;financial_literacy;general_support;homelessness;housing;job_training;life_skills;mentorship;paid_work;positive_adult;postsecondary;transition_support,R007,Delaware 211,Resource Navigation,Statewide,0,99,general_support;housing,23,High,"Call 211, text zip code to 898-211, or use website",https://delaware211.org/
YP-0380,13,New Castle,career;career_pathway;case_management;college;community;employment;financial_literacy;general_support;homelessness;housing;job_training;life_skills;mentorship;paid_work;positive_adult;postsecondary;transition_support,R018,Boys & Girls Clubs of Delaware - Education and Career,Education & Career,Statewide,6,18,career,12,Medium,Join local club / program inquiry,https://www.bgclubs.org/education-and-career
YP-0380,13,New Castle,career;career_pathway;case_management;college;community;employment;financial_literacy;general_support;homelessness;housing;job_training;life_skills;mentorship;paid_work;positive_adult;postsecondary;transition_support,R046,Junior Achievement of Delaware,Financial Literacy & Career,Statewide,5,18,financial_literacy,12,Medium,School/community program inquiry,https://delaware.ja.org/
YP-0381,16,Kent,GED;career;case_management;credentials;education;employment;general_support;homelessness;housing;postsecondary;professional_skills;resume,R003,West End Neighborhood House Life Lines,Housing & Case Management,Statewide,16,23,case_management;education;employment;housing,43,High,Referral or program inquiry,https://westendnh.org/programs/life-lines/
YP-0381,16,Kent,GED;career;case_management;credentials;education;employment;general_support;homelessness;housing;postsecondary;professional_skills;resume,R007,Delaware 211,Resource Navigation,Statewide,0,99,education;general_support;housing,33,High,"Call 211, text zip code to 898-211, or use website",https://delaware211.org/
YP-0381,16,Kent,GED;career;case_management;credentials;education;employment;general_support;homelessness;housing;postsecondary;professional_skills;resume,R019,YMCA of Delaware Teen Workforce Development,Employment,Statewide,15,19,professional_skills;resume,23,High,Interest form / program enrollment,https://www.ymcade.org/teen-workforce-development/
YP-0381,16,Kent,GED;career;case_management;credentials;education;employment;general_support;homelessness;housing;postsecondary;professional_skills;resume,R001,DSCYF Independent Living Services,Independent Living,Statewide,14,21,housing,13,High,Caseworker/DFS referral,https://kids.delaware.gov/family-services/independent-living/
YP-0381,16,Kent,GED;career;case_management;credentials;education;employment;general_support;homelessness;housing;postsecondary;professional_skills;resume,R025,Delaware Department of Labor - Vocational Rehabilitation Transition Services,Disability / Employment,Statewide,14,24,employment,13,High,DVR referral / school referral,https://labor.delaware.gov/divisions/dvr/transition-services/
YP-0382,19,Kent,academic_support;career_readiness;case_management;education;financial_literacy;general_support;homelessness;housing;independent_living;life_skills;transition_support;young_adults,R003,West End Neighborhood House Life Lines,Housing & Case Management,Statewide,16,23,case_management;education;financial_literacy;housing;life_skills,53,High,Referral or program inquiry,https://westendnh.org/programs/life-lines/
YP-0382,19,Kent,academic_support;career_readiness;case_management;education;financial_literacy;general_support;homelessness;housing;independent_living;life_skills;transition_support;young_adults,R001,DSCYF Independent Living Services,Independent Living,Statewide,14,21,housing;life_skills;transition_support,33,High,Caseworker/DFS referral,https://kids.delaware.gov/family-services/independent-living/
YP-0382,19,Kent,academic_support;career_readiness;case_management;education;financial_literacy;general_support;homelessness;housing;independent_living;life_skills;transition_support;young_adults,R007,Delaware 211,Resource Navigation,Statewide,0,99,education;general_support;housing,33,High,"Call 211, text zip code to 898-211, or use website",https://delaware211.org/
YP-0382,19,Kent,academic_support;career_readiness;case_management;education;financial_literacy;general_support;homelessness;housing;independent_living;life_skills;transition_support;young_adults,R005,People's Place Independent Living,Independent Living,Statewide,16,23,case_management;life_skills;transition_support,33,High,DFS referral or self-referral for 18-23,https://peoplesplace2.com/services/independent-living
YP-0382,19,Kent,academic_support;career_readiness;case_management;education;financial_literacy;general_support;homelessness;housing;independent_living;life_skills;transition_support;young_adults,R002,DSCYF ASSIST / Aftercare 18-21,Aftercare,Statewide,18,21,housing;independent_living,23,High,Caseworker/DFS referral,https://kids.delaware.gov/family-services/il-provider-resources/
YP-0383,16,New Castle,academic_support;career;career_readiness;case_management;education;employment;general_support;homelessness;housing;independent_living;professional_skills;resume,R003,West End Neighborhood House Life Lines,Housing & Case Management,Statewide,16,23,case_management;education;employment;housing,43,High,Referral or program inquiry,https://westendnh.org/programs/life-lines/
YP-0383,16,New Castle,academic_support;career;career_readiness;case_management;education;employment;general_support;homelessness;housing;independent_living;professional_skills;resume,R007,Delaware 211,Resource Navigation,Statewide,0,99,education;general_support;housing,33,High,"Call 211, text zip code to 898-211, or use website",https://delaware211.org/
YP-0383,16,New Castle,academic_support;career;career_readiness;case_management;education;employment;general_support;homelessness;housing;independent_living;professional_skills;resume,R019,YMCA of Delaware Teen Workforce Development,Employment,Statewide,15,19,professional_skills;resume,23,High,Interest form / program enrollment,https://www.ymcade.org/teen-workforce-development/
YP-0383,16,New Castle,academic_support;career;career_readiness;case_management;education;employment;general_support;homelessness;housing;independent_living;professional_skills;resume,R018,Boys & Girls Clubs of Delaware - Education and Career,Education & Career,Statewide,6,18,academic_support;career,22,Medium,Join local club / program inquiry,https://www.bgclubs.org/education-and-career
YP-0383,16,New Castle,academic_support;career;career_readiness;case_management;education;employment;general_support;homelessness;housing;independent_living;professional_skills;resume,R016,The Warehouse,Teen Center / Engagement,New Castle,13,24,education;employment,22,Medium,Membership / program enrollment,https://teenwarehouse.org/
YP-0384,14,Sussex,GED;case_management;credentials;education;financial_literacy;general_support;life_skills;postsecondary;transition_support,R001,DSCYF Independent Living Services,Independent Living,Statewide,14,21,life_skills;transition_support,23,High,Caseworker/DFS referral,https://kids.delaware.gov/family-services/independent-living/
YP-0384,14,Sussex,GED;case_management;credentials;education;financial_literacy;general_support;life_skills;postsecondary;transition_support,R007,Delaware 211,Resource Navigation,Statewide,0,99,education;general_support,23,High,"Call 211, text zip code to 898-211, or use website",https://delaware211.org/
YP-0384,14,Sussex,GED;case_management;credentials;education;financial_literacy;general_support;life_skills;postsecondary;transition_support,R055,Delaware LGBTQ+ Resources and Organizations,LGBTQ+ Support,Statewide,0,99,education,12,Medium,Resource navigation,https://history.delaware.gov/lgbtq-history/local-lgbtq-resources-and-organizations/
YP-0384,14,Sussex,GED;case_management;credentials;education;financial_literacy;general_support;life_skills;postsecondary;transition_support,R027,Independent Resources Inc. Youth Transition Life Skills Program,Disability / Life Skills,Statewide,14,28,life_skills,12,Medium,Program inquiry / referral,https://www.iri-delaware.org/iri/25-transition-life-skills-program/
YP-0384,14,Sussex,GED;case_management;credentials;education;financial_literacy;general_support;life_skills;postsecondary;transition_support,R046,Junior Achievement of Delaware,Financial Literacy & Career,Statewide,5,18,financial_literacy,12,Medium,School/community program inquiry,https://delaware.ja.org/
YP-0385,15,Kent,academic_support;career;career_readiness;case_management;education;employment;financial_literacy;general_support;homelessness;housing;independent_living;job_training;life_skills;paid_work;transition_support,R001,DSCYF Independent Living Services,Independent Living,Statewide,14,21,housing;life_skills;transition_support,33,High,Caseworker/DFS referral,https://kids.delaware.gov/family-services/independent-living/
YP-0385,15,Kent,academic_support;career;career_readiness;case_management;education;employment;financial_literacy;general_support;homelessness;housing;independent_living;job_training;life_skills;paid_work;transition_support,R007,Delaware 211,Resource Navigation,Statewide,0,99,education;general_support;housing,33,High,"Call 211, text zip code to 898-211, or use website",https://delaware211.org/
YP-0385,15,Kent,academic_support;career;career_readiness;case_management;education;employment;financial_literacy;general_support;homelessness;housing;independent_living;job_training;life_skills;paid_work;transition_support,R018,Boys & Girls Clubs of Delaware - Education and Career,Education & Career,Statewide,6,18,academic_support;career,22,Medium,Join local club / program inquiry,https://www.bgclubs.org/education-and-career
YP-0385,15,Kent,academic_support;career;career_readiness;case_management;education;employment;financial_literacy;general_support;homelessness;housing;independent_living;job_training;life_skills;paid_work;transition_support,R046,Junior Achievement of Delaware,Financial Literacy & Career,Statewide,5,18,career_readiness;financial_literacy,22,Medium,School/community program inquiry,https://delaware.ja.org/
YP-0385,15,Kent,academic_support;career;career_readiness;case_management;education;employment;financial_literacy;general_support;homelessness;housing;independent_living;job_training;life_skills;paid_work;transition_support,R025,Delaware Department of Labor - Vocational Rehabilitation Transition Services,Disability / Employment,Statewide,14,24,employment,13,High,DVR referral / school referral,https://labor.delaware.gov/divisions/dvr/transition-services/
YP-0386,19,New Castle,career;career_pathway;case_management;college;community;employment;general_support;homelessness;housing;independent_living;job_training;mentorship;paid_work;positive_adult;postsecondary;young_adults,R022,West End Education and Employment Department,Employment & Education,New Castle,16,24,career_pathway;paid_work;postsecondary,33,High,Program inquiry,https://westendnh.org/programs/academic-education/
YP-0386,19,New Castle,career;career_pathway;case_management;college;community;employment;general_support;homelessness;housing;independent_living;job_training;mentorship;paid_work;positive_adult;postsecondary;young_adults,R003,West End Neighborhood House Life Lines,Housing & Case Management,Statewide,16,23,case_management;employment;housing,33,High,Referral or program inquiry,https://westendnh.org/programs/life-lines/
YP-0386,19,New Castle,career;career_pathway;case_management;college;community;employment;general_support;homelessness;housing;independent_living;job_training;mentorship;paid_work;positive_adult;postsecondary;young_adults,R016,The Warehouse,Teen Center / Engagement,New Castle,13,24,community;employment;mentorship,32,Medium,Membership / program enrollment,https://teenwarehouse.org/
YP-0386,19,New Castle,career;career_pathway;case_management;college;community;employment;general_support;homelessness;housing;independent_living;job_training;mentorship;paid_work;positive_adult;postsecondary;young_adults,R002,DSCYF ASSIST / Aftercare 18-21,Aftercare,Statewide,18,21,housing;independent_living,23,High,Caseworker/DFS referral,https://kids.delaware.gov/family-services/il-provider-resources/
YP-0386,19,New Castle,career;career_pathway;case_management;college;community;employment;general_support;homelessness;housing;independent_living;job_training;mentorship;paid_work;positive_adult;postsecondary;young_adults,R001,DSCYF Independent Living Services,Independent Living,Statewide,14,21,housing;mentorship,23,High,Caseworker/DFS referral,https://kids.delaware.gov/family-services/independent-living/
YP-0387,18,New Castle,career;career_pathway;community;education;employment;general_support;independent_living;job_training;mentorship;paid_work;positive_adult;postsecondary;young_adults,R016,The Warehouse,Teen Center / Engagement,New Castle,13,24,community;education;employment;mentorship,42,Medium,Membership / program enrollment,https://teenwarehouse.org/
YP-0387,18,New Castle,career;career_pathway;community;education;employment;general_support;independent_living;job_training;mentorship;paid_work;positive_adult;postsecondary;young_adults,R022,West End Education and Employment Department,Employment & Education,New Castle,16,24,career_pathway;paid_work;postsecondary,33,High,Program inquiry,https://westendnh.org/programs/academic-education/
YP-0387,18,New Castle,career;career_pathway;community;education;employment;general_support;independent_living;job_training;mentorship;paid_work;positive_adult;postsecondary;young_adults,R017,Big Brothers Big Sisters of Delaware,Mentorship,Statewide,6,18,mentorship;positive_adult,23,High,Enroll youth / mentor match inquiry,https://bbbsde.org/
YP-0387,18,New Castle,career;career_pathway;community;education;employment;general_support;independent_living;job_training;mentorship;paid_work;positive_adult;postsecondary;young_adults,R007,Delaware 211,Resource Navigation,Statewide,0,99,education;general_support,23,High,"Call 211, text zip code to 898-211, or use website",https://delaware211.org/
YP-0387,18,New Castle,career;career_pathway;community;education;employment;general_support;independent_living;job_training;mentorship;paid_work;positive_adult;postsecondary;young_adults,R003,West End Neighborhood House Life Lines,Housing & Case Management,Statewide,16,23,education;employment,23,High,Referral or program inquiry,https://westendnh.org/programs/life-lines/
YP-0388,16,New Castle,career;career_pathway;college;community;employment;general_support;job_training;mentorship;paid_work;positive_adult;postsecondary,R022,West End Education and Employment Department,Employment & Education,New Castle,16,24,career_pathway;paid_work;postsecondary,33,High,Program inquiry,https://westendnh.org/programs/academic-education/
YP-0388,16,New Castle,career;career_pathway;college;community;employment;general_support;job_training;mentorship;paid_work;positive_adult;postsecondary,R016,The Warehouse,Teen Center / Engagement,New Castle,13,24,community;employment;mentorship,32,Medium,Membership / program enrollment,https://teenwarehouse.org/
YP-0388,16,New Castle,career;career_pathway;college;community;employment;general_support;job_training;mentorship;paid_work;positive_adult;postsecondary,R017,Big Brothers Big Sisters of Delaware,Mentorship,Statewide,6,18,mentorship;positive_adult,23,High,Enroll youth / mentor match inquiry,https://bbbsde.org/
YP-0388,16,New Castle,career;career_pathway;college;community;employment;general_support;job_training;mentorship;paid_work;positive_adult;postsecondary,R001,DSCYF Independent Living Services,Independent Living,Statewide,14,21,mentorship,13,High,Caseworker/DFS referral,https://kids.delaware.gov/family-services/independent-living/
YP-0388,16,New Castle,career;career_pathway;college;community;employment;general_support;job_training;mentorship;paid_work;positive_adult;postsecondary,R007,Delaware 211,Resource Navigation,Statewide,0,99,general_support,13,High,"Call 211, text zip code to 898-211, or use website",https://delaware211.org/
YP-0389,19,Kent,career_pathway;college;general_support;independent_living;postsecondary;young_adults,R002,DSCYF ASSIST / Aftercare 18-21,Aftercare,Statewide,18,21,independent_living,13,High,Caseworker/DFS referral,https://kids.delaware.gov/family-services/il-provider-resources/
YP-0389,19,Kent,career_pathway;college;general_support;independent_living;postsecondary;young_adults,R007,Delaware 211,Resource Navigation,Statewide,0,99,general_support,13,High,"Call 211, text zip code to 898-211, or use website",https://delaware211.org/
YP-0389,19,Kent,career_pathway;college;general_support;independent_living;postsecondary;young_adults,R009,Foster Care Tuition Waiver Program,Education Funding,Statewide,18,26,college,13,High,Eligibility application / caseworker support,https://kids.delaware.gov/family-services/foster-care-tuition-waiver-program/
YP-0389,19,Kent,career_pathway;college;general_support;independent_living;postsecondary;young_adults,R011,Delaware Courts Scholarships for Foster Care Alumni,Education Funding,Statewide,18,26,postsecondary,12,Medium,Application support,https://courts.delaware.gov/childadvocate/scholarships.aspx
YP-0389,19,Kent,career_pathway;college;general_support;independent_living;postsecondary;young_adults,R010,Delaware Courts Youth in Transition / Scholarship Support,Education Funding,Statewide,18,26,college,12,Medium,Review eligibility and application steps,https://courts.delaware.gov/childadvocate/youth-in-transition.aspx
YP-0390,13,New Castle,career;career_pathway;college;employment;general_support;job_training;paid_work;postsecondary,R007,Delaware 211,Resource Navigation,Statewide,0,99,general_support,13,High,"Call 211, text zip code to 898-211, or use website",https://delaware211.org/
YP-0390,13,New Castle,career;career_pathway;college;employment;general_support;job_training;paid_work;postsecondary,R018,Boys & Girls Clubs of Delaware - Education and Career,Education & Career,Statewide,6,18,career,12,Medium,Join local club / program inquiry,https://www.bgclubs.org/education-and-career
YP-0390,13,New Castle,career;career_pathway;college;employment;general_support;job_training;paid_work;postsecondary,R016,The Warehouse,Teen Center / Engagement,New Castle,13,24,employment,12,Medium,Membership / program enrollment,https://teenwarehouse.org/
YP-0391,15,New Castle,career;career_pathway;case_management;college;employment;general_support;homelessness;housing;independent_living;postsecondary;professional_skills;resume,R007,Delaware 211,Resource Navigation,Statewide,0,99,general_support;housing,23,High,"Call 211, text zip code to 898-211, or use website",https://delaware211.org/
YP-0391,15,New Castle,career;career_pathway;case_management;college;employment;general_support;homelessness;housing;independent_living;postsecondary;professional_skills;resume,R019,YMCA of Delaware Teen Workforce Development,Employment,Statewide,15,19,professional_skills;resume,23,High,Interest form / program enrollment,https://www.ymcade.org/teen-workforce-development/
YP-0391,15,New Castle,career;career_pathway;case_management;college;employment;general_support;homelessness;housing;independent_living;postsecondary;professional_skills;resume,R001,DSCYF Independent Living Services,Independent Living,Statewide,14,21,housing,13,High,Caseworker/DFS referral,https://kids.delaware.gov/family-services/independent-living/
YP-0391,15,New Castle,career;career_pathway;case_management;college;employment;general_support;homelessness;housing;independent_living;postsecondary;professional_skills;resume,R025,Delaware Department of Labor - Vocational Rehabilitation Transition Services,Disability / Employment,Statewide,14,24,employment,13,High,DVR referral / school referral,https://labor.delaware.gov/divisions/dvr/transition-services/
YP-0391,15,New Castle,career;career_pathway;case_management;college;employment;general_support;homelessness;housing;independent_living;postsecondary;professional_skills;resume,R018,Boys & Girls Clubs of Delaware - Education and Career,Education & Career,Statewide,6,18,career,12,Medium,Join local club / program inquiry,https://www.bgclubs.org/education-and-career
YP-0392,17,New Castle,academic_support;career;career_readiness;education;employment;general_support;job_training;paid_work,R007,Delaware 211,Resource Navigation,Statewide,0,99,education;general_support,23,High,"Call 211, text zip code to 898-211, or use website",https://delaware211.org/
YP-0392,17,New Castle,academic_support;career;career_readiness;education;employment;general_support;job_training;paid_work,R003,West End Neighborhood House Life Lines,Housing & Case Management,Statewide,16,23,education;employment,23,High,Referral or program inquiry,https://westendnh.org/programs/life-lines/
YP-0392,17,New Castle,academic_support;career;career_readiness;education;employment;general_support;job_training;paid_work,R018,Boys & Girls Clubs of Delaware - Education and Career,Education & Career,Statewide,6,18,academic_support;career,22,Medium,Join local club / program inquiry,https://www.bgclubs.org/education-and-career
YP-0392,17,New Castle,academic_support;career;career_readiness;education;employment;general_support;job_training;paid_work,R016,The Warehouse,Teen Center / Engagement,New Castle,13,24,education;employment,22,Medium,Membership / program enrollment,https://teenwarehouse.org/
YP-0392,17,New Castle,academic_support;career;career_readiness;education;employment;general_support;job_training;paid_work,R025,Delaware Department of Labor - Vocational Rehabilitation Transition Services,Disability / Employment,Statewide,14,24,employment,13,High,DVR referral / school referral,https://labor.delaware.gov/divisions/dvr/transition-services/
YP-0393,15,Kent,career;career_pathway;case_management;education;employment;financial_literacy;general_support;homelessness;housing;independent_living;job_training;life_skills;paid_work;postsecondary;transition_support,R001,DSCYF Independent Living Services,Independent Living,Statewide,14,21,housing;life_skills;transition_support,33,High,Caseworker/DFS referral,https://kids.delaware.gov/family-services/independent-living/
YP-0393,15,Kent,career;career_pathway;case_management;education;employment;financial_literacy;general_support;homelessness;housing;independent_living;job_training;life_skills;paid_work;postsecondary;transition_support,R007,Delaware 211,Resource Navigation,Statewide,0,99,education;general_support;housing,33,High,"Call 211, text zip code to 898-211, or use website",https://delaware211.org/
YP-0393,15,Kent,career;career_pathway;case_management;education;employment;financial_literacy;general_support;homelessness;housing;independent_living;job_training;life_skills;paid_work;postsecondary;transition_support,R025,Delaware Department of Labor - Vocational Rehabilitation Transition Services,Disability / Employment,Statewide,14,24,employment,13,High,DVR referral / school referral,https://labor.delaware.gov/divisions/dvr/transition-services/
YP-0393,15,Kent,career;career_pathway;case_management;education;employment;financial_literacy;general_support;homelessness;housing;independent_living;job_training;life_skills;paid_work;postsecondary;transition_support,R018,Boys & Girls Clubs of Delaware - Education and Career,Education & Career,Statewide,6,18,career,12,Medium,Join local club / program inquiry,https://www.bgclubs.org/education-and-career
YP-0393,15,Kent,career;career_pathway;case_management;education;employment;financial_literacy;general_support;homelessness;housing;independent_living;job_training;life_skills;paid_work;postsecondary;transition_support,R055,Delaware LGBTQ+ Resources and Organizations,LGBTQ+ Support,Statewide,0,99,education,12,Medium,Resource navigation,https://history.delaware.gov/lgbtq-history/local-lgbtq-resources-and-organizations/
YP-0394,18,New Castle,academic_support;career;career_readiness;education;employment;general_support;independent_living;job_training;paid_work;young_adults,R007,Delaware 211,Resource Navigation,Statewide,0,99,education;general_support,23,High,"Call 211, text zip code to 898-211, or use website",https://delaware211.org/
YP-0394,18,New Castle,academic_support;career;career_readiness;education;employment;general_support;independent_living;job_training;paid_work;young_adults,R003,West End Neighborhood House Life Lines,Housing & Case Management,Statewide,16,23,education;employment,23,High,Referral or program inquiry,https://westendnh.org/programs/life-lines/
YP-0394,18,New Castle,academic_support;career;career_readiness;education;employment;general_support;independent_living;job_training;paid_work;young_adults,R018,Boys & Girls Clubs of Delaware - Education and Career,Education & Career,Statewide,6,18,academic_support;career,22,Medium,Join local club / program inquiry,https://www.bgclubs.org/education-and-career
YP-0394,18,New Castle,academic_support;career;career_readiness;education;employment;general_support;independent_living;job_training;paid_work;young_adults,R016,The Warehouse,Teen Center / Engagement,New Castle,13,24,education;employment,22,Medium,Membership / program enrollment,https://teenwarehouse.org/
YP-0394,18,New Castle,academic_support;career;career_readiness;education;employment;general_support;independent_living;job_training;paid_work;young_adults,R002,DSCYF ASSIST / Aftercare 18-21,Aftercare,Statewide,18,21,independent_living,13,High,Caseworker/DFS referral,https://kids.delaware.gov/family-services/il-provider-resources/
YP-0395,18,New Castle,career_pathway;college;general_support;independent_living;postsecondary;young_adults,R022,West End Education and Employment Department,Employment & Education,New Castle,16,24,career_pathway;postsecondary,23,High,Program inquiry,https://westendnh.org/programs/academic-education/
YP-0395,18,New Castle,career_pathway;college;general_support;independent_living;postsecondary;young_adults,R002,DSCYF ASSIST / Aftercare 18-21,Aftercare,Statewide,18,21,independent_living,13,High,Caseworker/DFS referral,https://kids.delaware.gov/family-services/il-provider-resources/
YP-0395,18,New Castle,career_pathway;college;general_support;independent_living;postsecondary;young_adults,R007,Delaware 211,Resource Navigation,Statewide,0,99,general_support,13,High,"Call 211, text zip code to 898-211, or use website",https://delaware211.org/
YP-0395,18,New Castle,career_pathway;college;general_support;independent_living;postsecondary;young_adults,R009,Foster Care Tuition Waiver Program,Education Funding,Statewide,18,26,college,13,High,Eligibility application / caseworker support,https://kids.delaware.gov/family-services/foster-care-tuition-waiver-program/
YP-0395,18,New Castle,career_pathway;college;general_support;independent_living;postsecondary;young_adults,R011,Delaware Courts Scholarships for Foster Care Alumni,Education Funding,Statewide,18,26,postsecondary,12,Medium,Application support,https://courts.delaware.gov/childadvocate/scholarships.aspx
YP-0396,15,Sussex,career;career_pathway;case_management;college;employment;general_support;homelessness;housing;independent_living;job_training;paid_work;postsecondary,R007,Delaware 211,Resource Navigation,Statewide,0,99,general_support;housing,23,High,"Call 211, text zip code to 898-211, or use website",https://delaware211.org/
YP-0396,15,Sussex,career;career_pathway;case_management;college;employment;general_support;homelessness;housing;independent_living;job_training;paid_work;postsecondary,R001,DSCYF Independent Living Services,Independent Living,Statewide,14,21,housing,13,High,Caseworker/DFS referral,https://kids.delaware.gov/family-services/independent-living/
YP-0396,15,Sussex,career;career_pathway;case_management;college;employment;general_support;homelessness;housing;independent_living;job_training;paid_work;postsecondary,R025,Delaware Department of Labor - Vocational Rehabilitation Transition Services,Disability / Employment,Statewide,14,24,employment,13,High,DVR referral / school referral,https://labor.delaware.gov/divisions/dvr/transition-services/
YP-0396,15,Sussex,career;career_pathway;case_management;college;employment;general_support;homelessness;housing;independent_living;job_training;paid_work;postsecondary,R018,Boys & Girls Clubs of Delaware - Education and Career,Education & Career,Statewide,6,18,career,12,Medium,Join local club / program inquiry,https://www.bgclubs.org/education-and-career
YP-0396,15,Sussex,career;career_pathway;case_management;college;employment;general_support;homelessness;housing;independent_living;job_training;paid_work;postsecondary,R061,Delaware Parent Resources - Higher Education Guide,Education Navigation,Statewide,14,24,college,11,Low,Website navigation / caseworker support,https://delaware.gov/guides/parent-resources/
YP-0397,15,New Castle,career_pathway;case_management;college;financial_literacy;general_support;homelessness;housing;independent_living;life_skills;postsecondary;transition_support,R001,DSCYF Independent Living Services,Independent Living,Statewide,14,21,housing;life_skills;transition_support,33,High,Caseworker/DFS referral,https://kids.delaware.gov/family-services/independent-living/
YP-0397,15,New Castle,career_pathway;case_management;college;financial_literacy;general_support;homelessness;housing;independent_living;life_skills;postsecondary;transition_support,R007,Delaware 211,Resource Navigation,Statewide,0,99,general_support;housing,23,High,"Call 211, text zip code to 898-211, or use website",https://delaware211.org/
YP-0397,15,New Castle,career_pathway;case_management;college;financial_literacy;general_support;homelessness;housing;independent_living;life_skills;postsecondary;transition_support,R027,Independent Resources Inc. Youth Transition Life Skills Program,Disability / Life Skills,Statewide,14,28,life_skills,12,Medium,Program inquiry / referral,https://www.iri-delaware.org/iri/25-transition-life-skills-program/
YP-0397,15,New Castle,career_pathway;case_management;college;financial_literacy;general_support;homelessness;housing;independent_living;life_skills;postsecondary;transition_support,R046,Junior Achievement of Delaware,Financial Literacy & Career,Statewide,5,18,financial_literacy,12,Medium,School/community program inquiry,https://delaware.ja.org/
YP-0397,15,New Castle,career_pathway;case_management;college;financial_literacy;general_support;homelessness;housing;independent_living;life_skills;postsecondary;transition_support,R061,Delaware Parent Resources - Higher Education Guide,Education Navigation,Statewide,14,24,college,11,Low,Website navigation / caseworker support,https://delaware.gov/guides/parent-resources/
YP-0398,15,New Castle,career;career_pathway;case_management;college;employment;financial_literacy;general_support;homelessness;housing;independent_living;internship;life_skills;postsecondary;professional_skills;transition_support,R001,DSCYF Independent Living Services,Independent Living,Statewide,14,21,housing;life_skills;transition_support,33,High,Caseworker/DFS referral,https://kids.delaware.gov/family-services/independent-living/
YP-0398,15,New Castle,career;career_pathway;case_management;college;employment;financial_literacy;general_support;homelessness;housing;independent_living;internship;life_skills;postsecondary;professional_skills;transition_support,R007,Delaware 211,Resource Navigation,Statewide,0,99,general_support;housing,23,High,"Call 211, text zip code to 898-211, or use website",https://delaware211.org/
YP-0398,15,New Castle,career;career_pathway;case_management;college;employment;financial_literacy;general_support;homelessness;housing;independent_living;internship;life_skills;postsecondary;professional_skills;transition_support,R019,YMCA of Delaware Teen Workforce Development,Employment,Statewide,15,19,internship;professional_skills,23,High,Interest form / program enrollment,https://www.ymcade.org/teen-workforce-development/
YP-0398,15,New Castle,career;career_pathway;case_management;college;employment;financial_literacy;general_support;homelessness;housing;independent_living;internship;life_skills;postsecondary;professional_skills;transition_support,R025,Delaware Department of Labor - Vocational Rehabilitation Transition Services,Disability / Employment,Statewide,14,24,employment,13,High,DVR referral / school referral,https://labor.delaware.gov/divisions/dvr/transition-services/
YP-0398,15,New Castle,career;career_pathway;case_management;college;employment;financial_literacy;general_support;homelessness;housing;independent_living;internship;life_skills;postsecondary;professional_skills;transition_support,R018,Boys & Girls Clubs of Delaware - Education and Career,Education & Career,Statewide,6,18,career,12,Medium,Join local club / program inquiry,https://www.bgclubs.org/education-and-career
YP-0399,17,New Castle,academic_support;career;career_readiness;education;employment;general_support;job_training;paid_work,R007,Delaware 211,Resource Navigation,Statewide,0,99,education;general_support,23,High,"Call 211, text zip code to 898-211, or use website",https://delaware211.org/
YP-0399,17,New Castle,academic_support;career;career_readiness;education;employment;general_support;job_training;paid_work,R003,West End Neighborhood House Life Lines,Housing & Case Management,Statewide,16,23,education;employment,23,High,Referral or program inquiry,https://westendnh.org/programs/life-lines/
YP-0399,17,New Castle,academic_support;career;career_readiness;education;employment;general_support;job_training;paid_work,R018,Boys & Girls Clubs of Delaware - Education and Career,Education & Career,Statewide,6,18,academic_support;career,22,Medium,Join local club / program inquiry,https://www.bgclubs.org/education-and-career
YP-0399,17,New Castle,academic_support;career;career_readiness;education;employment;general_support;job_training;paid_work,R016,The Warehouse,Teen Center / Engagement,New Castle,13,24,education;employment,22,Medium,Membership / program enrollment,https://teenwarehouse.org/
YP-0399,17,New Castle,academic_support;career;career_readiness;education;employment;general_support;job_training;paid_work,R025,Delaware Department of Labor - Vocational Rehabilitation Transition Services,Disability / Employment,Statewide,14,24,employment,13,High,DVR referral / school referral,https://labor.delaware.gov/divisions/dvr/transition-services/
YP-0400,18,New Castle,career;career_pathway;case_management;college;employment;general_support;homelessness;housing;independent_living;job_training;paid_work;postsecondary;young_adults,R022,West End Education and Employment Department,Employment & Education,New Castle,16,24,career_pathway;paid_work;postsecondary,33,High,Program inquiry,https://westendnh.org/programs/academic-education/
YP-0400,18,New Castle,career;career_pathway;case_management;college;employment;general_support;homelessness;housing;independent_living;job_training;paid_work;postsecondary;young_adults,R003,West End Neighborhood House Life Lines,Housing & Case Management,Statewide,16,23,case_management;employment;housing,33,High,Referral or program inquiry,https://westendnh.org/programs/life-lines/
YP-0400,18,New Castle,career;career_pathway;case_management;college;employment;general_support;homelessness;housing;independent_living;job_training;paid_work;postsecondary;young_adults,R002,DSCYF ASSIST / Aftercare 18-21,Aftercare,Statewide,18,21,housing;independent_living,23,High,Caseworker/DFS referral,https://kids.delaware.gov/family-services/il-provider-resources/
YP-0400,18,New Castle,career;career_pathway;case_management;college;employment;general_support;homelessness;housing;independent_living;job_training;paid_work;postsecondary;young_adults,R007,Delaware 211,Resource Navigation,Statewide,0,99,general_support;housing,23,High,"Call 211, text zip code to 898-211, or use website",https://delaware211.org/
YP-0400,18,New Castle,career;career_pathway;case_management;college;employment;general_support;homelessness;housing;independent_living;job_training;paid_work;postsecondary;young_adults,R004,West End Life Lines Transitional Housing,Housing,Statewide,18,23,case_management;homelessness,23,High,Referral / eligibility screening,https://westendnh.org/programs/life-lines-programs/
YP-0401,14,New Castle,academic_support;career_readiness;case_management;education;financial_literacy;general_support;homelessness;housing;independent_living;life_skills;transition_support,R001,DSCYF Independent Living Services,Independent Living,Statewide,14,21,housing;life_skills;transition_support,33,High,Caseworker/DFS referral,https://kids.delaware.gov/family-services/independent-living/
YP-0401,14,New Castle,academic_support;career_readiness;case_management;education;financial_literacy;general_support;homelessness;housing;independent_living;life_skills;transition_support,R007,Delaware 211,Resource Navigation,Statewide,0,99,education;general_support;housing,33,High,"Call 211, text zip code to 898-211, or use website",https://delaware211.org/
YP-0401,14,New Castle,academic_support;career_readiness;case_management;education;financial_literacy;general_support;homelessness;housing;independent_living;life_skills;transition_support,R046,Junior Achievement of Delaware,Financial Literacy & Career,Statewide,5,18,career_readiness;financial_literacy,22,Medium,School/community program inquiry,https://delaware.ja.org/
YP-0401,14,New Castle,academic_support;career_readiness;case_management;education;financial_literacy;general_support;homelessness;housing;independent_living;life_skills;transition_support,R018,Boys & Girls Clubs of Delaware - Education and Career,Education & Career,Statewide,6,18,academic_support,12,Medium,Join local club / program inquiry,https://www.bgclubs.org/education-and-career
YP-0401,14,New Castle,academic_support;career_readiness;case_management;education;financial_literacy;general_support;homelessness;housing;independent_living;life_skills;transition_support,R055,Delaware LGBTQ+ Resources and Organizations,LGBTQ+ Support,Statewide,0,99,education,12,Medium,Resource navigation,https://history.delaware.gov/lgbtq-history/local-lgbtq-resources-and-organizations/
YP-0402,15,New Castle,academic_support;career;career_readiness;case_management;education;employment;general_support;homelessness;housing;independent_living;job_training;paid_work,R007,Delaware 211,Resource Navigation,Statewide,0,99,education;general_support;housing,33,High,"Call 211, text zip code to 898-211, or use website",https://delaware211.org/
YP-0402,15,New Castle,academic_support;career;career_readiness;case_management;education;employment;general_support;homelessness;housing;independent_living;job_training;paid_work,R018,Boys & Girls Clubs of Delaware - Education and Career,Education & Career,Statewide,6,18,academic_support;career,22,Medium,Join local club / program inquiry,https://www.bgclubs.org/education-and-career
YP-0402,15,New Castle,academic_support;career;career_readiness;case_management;education;employment;general_support;homelessness;housing;independent_living;job_training;paid_work,R016,The Warehouse,Teen Center / Engagement,New Castle,13,24,education;employment,22,Medium,Membership / program enrollment,https://teenwarehouse.org/
YP-0402,15,New Castle,academic_support;career;career_readiness;case_management;education;employment;general_support;homelessness;housing;independent_living;job_training;paid_work,R001,DSCYF Independent Living Services,Independent Living,Statewide,14,21,housing,13,High,Caseworker/DFS referral,https://kids.delaware.gov/family-services/independent-living/
YP-0402,15,New Castle,academic_support;career;career_readiness;case_management;education;employment;general_support;homelessness;housing;independent_living;job_training;paid_work,R025,Delaware Department of Labor - Vocational Rehabilitation Transition Services,Disability / Employment,Statewide,14,24,employment,13,High,DVR referral / school referral,https://labor.delaware.gov/divisions/dvr/transition-services/
YP-0403,18,New Castle,GED;career;case_management;community;credentials;education;employment;general_support;homelessness;housing;independent_living;job_training;mentorship;paid_work;positive_adult;postsecondary;young_adults,R022,West End Education and Employment Department,Employment & Education,New Castle,16,24,GED;credentials;paid_work;postsecondary,43,High,Program inquiry,https://westendnh.org/programs/academic-education/
YP-0403,18,New Castle,GED;career;case_management;community;credentials;education;employment;general_support;homelessness;housing;independent_living;job_training;mentorship;paid_work;positive_adult;postsecondary;young_adults,R003,West End Neighborhood House Life Lines,Housing & Case Management,Statewide,16,23,case_management;education;employment;housing,43,High,Referral or program inquiry,https://westendnh.org/programs/life-lines/
YP-0403,18,New Castle,GED;career;case_management;community;credentials;education;employment;general_support;homelessness;housing;independent_living;job_training;mentorship;paid_work;positive_adult;postsecondary;young_adults,R016,The Warehouse,Teen Center / Engagement,New Castle,13,24,community;education;employment;mentorship,42,Medium,Membership / program enrollment,https://teenwarehouse.org/
YP-0403,18,New Castle,GED;career;case_management;community;credentials;education;employment;general_support;homelessness;housing;independent_living;job_training;mentorship;paid_work;positive_adult;postsecondary;young_adults,R007,Delaware 211,Resource Navigation,Statewide,0,99,education;general_support;housing,33,High,"Call 211, text zip code to 898-211, or use website",https://delaware211.org/
YP-0403,18,New Castle,GED;career;case_management;community;credentials;education;employment;general_support;homelessness;housing;independent_living;job_training;mentorship;paid_work;positive_adult;postsecondary;young_adults,R017,Big Brothers Big Sisters of Delaware,Mentorship,Statewide,6,18,mentorship;positive_adult,23,High,Enroll youth / mentor match inquiry,https://bbbsde.org/
YP-0404,15,Sussex,academic_support;career;career_readiness;case_management;education;employment;general_support;homelessness;housing;independent_living;job_training;paid_work,R007,Delaware 211,Resource Navigation,Statewide,0,99,education;general_support;housing,33,High,"Call 211, text zip code to 898-211, or use website",https://delaware211.org/
YP-0404,15,Sussex,academic_support;career;career_readiness;case_management;education;employment;general_support;homelessness;housing;independent_living;job_training;paid_work,R018,Boys & Girls Clubs of Delaware - Education and Career,Education & Career,Statewide,6,18,academic_support;career,22,Medium,Join local club / program inquiry,https://www.bgclubs.org/education-and-career
YP-0404,15,Sussex,academic_support;career;career_readiness;case_management;education;employment;general_support;homelessness;housing;independent_living;job_training;paid_work,R001,DSCYF Independent Living Services,Independent Living,Statewide,14,21,housing,13,High,Caseworker/DFS referral,https://kids.delaware.gov/family-services/independent-living/
YP-0404,15,Sussex,academic_support;career;career_readiness;case_management;education;employment;general_support;homelessness;housing;independent_living;job_training;paid_work,R025,Delaware Department of Labor - Vocational Rehabilitation Transition Services,Disability / Employment,Statewide,14,24,employment,13,High,DVR referral / school referral,https://labor.delaware.gov/divisions/dvr/transition-services/
YP-0404,15,Sussex,academic_support;career;career_readiness;case_management;education;employment;general_support;homelessness;housing;independent_living;job_training;paid_work,R055,Delaware LGBTQ+ Resources and Organizations,LGBTQ+ Support,Statewide,0,99,education,12,Medium,Resource navigation,https://history.delaware.gov/lgbtq-history/local-lgbtq-resources-and-organizations/
YP-0405,18,Kent,career;career_pathway;case_management;college;community;employment;financial_literacy;general_support;independent_living;job_training;life_skills;mentorship;paid_work;positive_adult;postsecondary;transition_support;young_adults,R003,West End Neighborhood House Life Lines,Housing & Case Management,Statewide,16,23,case_management;employment;financial_literacy;life_skills,43,High,Referral or program inquiry,https://westendnh.org/programs/life-lines/
YP-0405,18,Kent,career;career_pathway;case_management;college;community;employment;financial_literacy;general_support;independent_living;job_training;life_skills;mentorship;paid_work;positive_adult;postsecondary;transition_support;young_adults,R001,DSCYF Independent Living Services,Independent Living,Statewide,14,21,life_skills;mentorship;transition_support,33,High,Caseworker/DFS referral,https://kids.delaware.gov/family-services/independent-living/
YP-0405,18,Kent,career;career_pathway;case_management;college;community;employment;financial_literacy;general_support;independent_living;job_training;life_skills;mentorship;paid_work;positive_adult;postsecondary;transition_support;young_adults,R005,People's Place Independent Living,Independent Living,Statewide,16,23,case_management;life_skills;transition_support,33,High,DFS referral or self-referral for 18-23,https://peoplesplace2.com/services/independent-living
YP-0405,18,Kent,career;career_pathway;case_management;college;community;employment;financial_literacy;general_support;independent_living;job_training;life_skills;mentorship;paid_work;positive_adult;postsecondary;transition_support;young_adults,R017,Big Brothers Big Sisters of Delaware,Mentorship,Statewide,6,18,mentorship;positive_adult,23,High,Enroll youth / mentor match inquiry,https://bbbsde.org/
YP-0405,18,Kent,career;career_pathway;case_management;college;community;employment;financial_literacy;general_support;independent_living;job_training;life_skills;mentorship;paid_work;positive_adult;postsecondary;transition_support;young_adults,R002,DSCYF ASSIST / Aftercare 18-21,Aftercare,Statewide,18,21,independent_living,13,High,Caseworker/DFS referral,https://kids.delaware.gov/family-services/il-provider-resources/
YP-0406,17,Sussex,academic_support;career;career_readiness;case_management;education;employment;financial_literacy;general_support;homelessness;housing;independent_living;job_training;life_skills;paid_work;transition_support,R003,West End Neighborhood House Life Lines,Housing & Case Management,Statewide,16,23,case_management;education;employment;financial_literacy;housing;life_skills,63,High,Referral or program inquiry,https://westendnh.org/programs/life-lines/
YP-0406,17,Sussex,academic_support;career;career_readiness;case_management;education;employment;financial_literacy;general_support;homelessness;housing;independent_living;job_training;life_skills;paid_work;transition_support,R001,DSCYF Independent Living Services,Independent Living,Statewide,14,21,housing;life_skills;transition_support,33,High,Caseworker/DFS referral,https://kids.delaware.gov/family-services/independent-living/
YP-0406,17,Sussex,academic_support;career;career_readiness;case_management;education;employment;financial_literacy;general_support;homelessness;housing;independent_living;job_training;life_skills;paid_work;transition_support,R007,Delaware 211,Resource Navigation,Statewide,0,99,education;general_support;housing,33,High,"Call 211, text zip code to 898-211, or use website",https://delaware211.org/
YP-0406,17,Sussex,academic_support;career;career_readiness;case_management;education;employment;financial_literacy;general_support;homelessness;housing;independent_living;job_training;life_skills;paid_work;transition_support,R005,People's Place Independent Living,Independent Living,Statewide,16,23,case_management;life_skills;transition_support,33,High,DFS referral or self-referral for 18-23,https://peoplesplace2.com/services/independent-living
YP-0406,17,Sussex,academic_support;career;career_readiness;case_management;education;employment;financial_literacy;general_support;homelessness;housing;independent_living;job_training;life_skills;paid_work;transition_support,R018,Boys & Girls Clubs of Delaware - Education and Career,Education & Career,Statewide,6,18,academic_support;career,22,Medium,Join local club / program inquiry,https://www.bgclubs.org/education-and-career
YP-0407,13,New Castle,academic_support;career;career_readiness;case_management;community;education;employment;financial_literacy;general_support;homelessness;housing;independent_living;job_training;life_skills;mentorship;paid_work;positive_adult;transition_support,R016,The Warehouse,Teen Center / Engagement,New Castle,13,24,community;education;employment;mentorship,42,Medium,Membership / program enrollment,https://teenwarehouse.org/
YP-0407,13,New Castle,academic_support;career;career_readiness;case_management;community;education;employment;financial_literacy;general_support;homelessness;housing;independent_living;job_training;life_skills;mentorship;paid_work;positive_adult;transition_support,R007,Delaware 211,Resource Navigation,Statewide,0,99,education;general_support;housing,33,High,"Call 211, text zip code to 898-211, or use website",https://delaware211.org/
YP-0407,13,New Castle,academic_support;career;career_readiness;case_management;community;education;employment;financial_literacy;general_support;homelessness;housing;independent_living;job_training;life_skills;mentorship;paid_work;positive_adult;transition_support,R017,Big Brothers Big Sisters of Delaware,Mentorship,Statewide,6,18,mentorship;positive_adult,23,High,Enroll youth / mentor match inquiry,https://bbbsde.org/
YP-0407,13,New Castle,academic_support;career;career_readiness;case_management;community;education;employment;financial_literacy;general_support;homelessness;housing;independent_living;job_training;life_skills;mentorship;paid_work;positive_adult;transition_support,R018,Boys & Girls Clubs of Delaware - Education and Career,Education & Career,Statewide,6,18,academic_support;career,22,Medium,Join local club / program inquiry,https://www.bgclubs.org/education-and-career
YP-0407,13,New Castle,academic_support;career;career_readiness;case_management;community;education;employment;financial_literacy;general_support;homelessness;housing;independent_living;job_training;life_skills;mentorship;paid_work;positive_adult;transition_support,R046,Junior Achievement of Delaware,Financial Literacy & Career,Statewide,5,18,career_readiness;financial_literacy,22,Medium,School/community program inquiry,https://delaware.ja.org/
YP-0408,14,New Castle,career;career_pathway;case_management;community;education;employment;financial_literacy;general_support;homelessness;housing;job_training;life_skills;mentorship;paid_work;positive_adult;postsecondary;transition_support,R001,DSCYF Independent Living Services,Independent Living,Statewide,14,21,housing;life_skills;mentorship;transition_support,43,High,Caseworker/DFS referral,https://kids.delaware.gov/family-services/independent-living/
YP-0408,14,New Castle,career;career_pathway;case_management;community;education;employment;financial_literacy;general_support;homelessness;housing;job_training;life_skills;mentorship;paid_work;positive_adult;postsecondary;transition_support,R016,The Warehouse,Teen Center / Engagement,New Castle,13,24,community;education;employment;mentorship,42,Medium,Membership / program enrollment,https://teenwarehouse.org/
YP-0408,14,New Castle,career;career_pathway;case_management;community;education;employment;financial_literacy;general_support;homelessness;housing;job_training;life_skills;mentorship;paid_work;positive_adult;postsecondary;transition_support,R007,Delaware 211,Resource Navigation,Statewide,0,99,education;general_support;housing,33,High,"Call 211, text zip code to 898-211, or use website",https://delaware211.org/
YP-0408,14,New Castle,career;career_pathway;case_management;community;education;employment;financial_literacy;general_support;homelessness;housing;job_training;life_skills;mentorship;paid_work;positive_adult;postsecondary;transition_support,R017,Big Brothers Big Sisters of Delaware,Mentorship,Statewide,6,18,mentorship;positive_adult,23,High,Enroll youth / mentor match inquiry,https://bbbsde.org/
YP-0408,14,New Castle,career;career_pathway;case_management;community;education;employment;financial_literacy;general_support;homelessness;housing;job_training;life_skills;mentorship;paid_work;positive_adult;postsecondary;transition_support,R025,Delaware Department of Labor - Vocational Rehabilitation Transition Services,Disability / Employment,Statewide,14,24,employment,13,High,DVR referral / school referral,https://labor.delaware.gov/divisions/dvr/transition-services/
YP-0409,14,New Castle,career;career_pathway;case_management;college;employment;financial_literacy;general_support;homelessness;housing;independent_living;job_training;life_skills;paid_work;postsecondary;transition_support,R001,DSCYF Independent Living Services,Independent Living,Statewide,14,21,housing;life_skills;transition_support,33,High,Caseworker/DFS referral,https://kids.delaware.gov/family-services/independent-living/
YP-0409,14,New Castle,career;career_pathway;case_management;college;employment;financial_literacy;general_support;homelessness;housing;independent_living;job_training;life_skills;paid_work;postsecondary;transition_support,R007,Delaware 211,Resource Navigation,Statewide,0,99,general_support;housing,23,High,"Call 211, text zip code to 898-211, or use website",https://delaware211.org/
YP-0409,14,New Castle,career;career_pathway;case_management;college;employment;financial_literacy;general_support;homelessness;housing;independent_living;job_training;life_skills;paid_work;postsecondary;transition_support,R025,Delaware Department of Labor - Vocational Rehabilitation Transition Services,Disability / Employment,Statewide,14,24,employment,13,High,DVR referral / school referral,https://labor.delaware.gov/divisions/dvr/transition-services/
YP-0409,14,New Castle,career;career_pathway;case_management;college;employment;financial_literacy;general_support;homelessness;housing;independent_living;job_training;life_skills;paid_work;postsecondary;transition_support,R018,Boys & Girls Clubs of Delaware - Education and Career,Education & Career,Statewide,6,18,career,12,Medium,Join local club / program inquiry,https://www.bgclubs.org/education-and-career
YP-0409,14,New Castle,career;career_pathway;case_management;college;employment;financial_literacy;general_support;homelessness;housing;independent_living;job_training;life_skills;paid_work;postsecondary;transition_support,R027,Independent Resources Inc. Youth Transition Life Skills Program,Disability / Life Skills,Statewide,14,28,life_skills,12,Medium,Program inquiry / referral,https://www.iri-delaware.org/iri/25-transition-life-skills-program/
YP-0410,14,New Castle,career;career_pathway;college;employment;general_support;postsecondary;professional_skills;resume,R007,Delaware 211,Resource Navigation,Statewide,0,99,general_support,13,High,"Call 211, text zip code to 898-211, or use website",https://delaware211.org/
YP-0410,14,New Castle,career;career_pathway;college;employment;general_support;postsecondary;professional_skills;resume,R025,Delaware Department of Labor - Vocational Rehabilitation Transition Services,Disability / Employment,Statewide,14,24,employment,13,High,DVR referral / school referral,https://labor.delaware.gov/divisions/dvr/transition-services/
YP-0410,14,New Castle,career;career_pathway;college;employment;general_support;postsecondary;professional_skills;resume,R018,Boys & Girls Clubs of Delaware - Education and Career,Education & Career,Statewide,6,18,career,12,Medium,Join local club / program inquiry,https://www.bgclubs.org/education-and-career
YP-0410,14,New Castle,career;career_pathway;college;employment;general_support;postsecondary;professional_skills;resume,R016,The Warehouse,Teen Center / Engagement,New Castle,13,24,employment,12,Medium,Membership / program enrollment,https://teenwarehouse.org/
YP-0410,14,New Castle,career;career_pathway;college;employment;general_support;postsecondary;professional_skills;resume,R061,Delaware Parent Resources - Higher Education Guide,Education Navigation,Statewide,14,24,college,11,Low,Website navigation / caseworker support,https://delaware.gov/guides/parent-resources/
YP-0411,15,New Castle,academic_support;career_readiness;case_management;education;financial_literacy;general_support;homelessness;housing;independent_living;life_skills;transition_support,R001,DSCYF Independent Living Services,Independent Living,Statewide,14,21,housing;life_skills;transition_support,33,High,Caseworker/DFS referral,https://kids.delaware.gov/family-services/independent-living/
YP-0411,15,New Castle,academic_support;career_readiness;case_management;education;financial_literacy;general_support;homelessness;housing;independent_living;life_skills;transition_support,R007,Delaware 211,Resource Navigation,Statewide,0,99,education;general_support;housing,33,High,"Call 211, text zip code to 898-211, or use website",https://delaware211.org/
YP-0411,15,New Castle,academic_support;career_readiness;case_management;education;financial_literacy;general_support;homelessness;housing;independent_living;life_skills;transition_support,R046,Junior Achievement of Delaware,Financial Literacy & Career,Statewide,5,18,career_readiness;financial_literacy,22,Medium,School/community program inquiry,https://delaware.ja.org/
YP-0411,15,New Castle,academic_support;career_readiness;case_management;education;financial_literacy;general_support;homelessness;housing;independent_living;life_skills;transition_support,R018,Boys & Girls Clubs of Delaware - Education and Career,Education & Career,Statewide,6,18,academic_support,12,Medium,Join local club / program inquiry,https://www.bgclubs.org/education-and-career
YP-0411,15,New Castle,academic_support;career_readiness;case_management;education;financial_literacy;general_support;homelessness;housing;independent_living;life_skills;transition_support,R055,Delaware LGBTQ+ Resources and Organizations,LGBTQ+ Support,Statewide,0,99,education,12,Medium,Resource navigation,https://history.delaware.gov/lgbtq-history/local-lgbtq-resources-and-organizations/
YP-0412,15,New Castle,academic_support;career;career_readiness;case_management;community;education;employment;general_support;homelessness;housing;job_training;mentorship;paid_work;positive_adult,R016,The Warehouse,Teen Center / Engagement,New Castle,13,24,community;education;employment;mentorship,42,Medium,Membership / program enrollment,https://teenwarehouse.org/
YP-0412,15,New Castle,academic_support;career;career_readiness;case_management;community;education;employment;general_support;homelessness;housing;job_training;mentorship;paid_work;positive_adult,R007,Delaware 211,Resource Navigation,Statewide,0,99,education;general_support;housing,33,High,"Call 211, text zip code to 898-211, or use website",https://delaware211.org/
YP-0412,15,New Castle,academic_support;career;career_readiness;case_management;community;education;employment;general_support;homelessness;housing;job_training;mentorship;paid_work;positive_adult,R017,Big Brothers Big Sisters of Delaware,Mentorship,Statewide,6,18,mentorship;positive_adult,23,High,Enroll youth / mentor match inquiry,https://bbbsde.org/
YP-0412,15,New Castle,academic_support;career;career_readiness;case_management;community;education;employment;general_support;homelessness;housing;job_training;mentorship;paid_work;positive_adult,R001,DSCYF Independent Living Services,Independent Living,Statewide,14,21,housing;mentorship,23,High,Caseworker/DFS referral,https://kids.delaware.gov/family-services/independent-living/
YP-0412,15,New Castle,academic_support;career;career_readiness;case_management;community;education;employment;general_support;homelessness;housing;job_training;mentorship;paid_work;positive_adult,R018,Boys & Girls Clubs of Delaware - Education and Career,Education & Career,Statewide,6,18,academic_support;career,22,Medium,Join local club / program inquiry,https://www.bgclubs.org/education-and-career
YP-0413,16,New Castle,career;career_pathway;case_management;education;employment;financial_literacy;general_support;homelessness;housing;job_training;life_skills;paid_work;postsecondary;transition_support,R003,West End Neighborhood House Life Lines,Housing & Case Management,Statewide,16,23,case_management;education;employment;financial_literacy;housing;life_skills,63,High,Referral or program inquiry,https://westendnh.org/programs/life-lines/
YP-0413,16,New Castle,career;career_pathway;case_management;education;employment;financial_literacy;general_support;homelessness;housing;job_training;life_skills;paid_work;postsecondary;transition_support,R001,DSCYF Independent Living Services,Independent Living,Statewide,14,21,housing;life_skills;transition_support,33,High,Caseworker/DFS referral,https://kids.delaware.gov/family-services/independent-living/
YP-0413,16,New Castle,career;career_pathway;case_management;education;employment;financial_literacy;general_support;homelessness;housing;job_training;life_skills;paid_work;postsecondary;transition_support,R007,Delaware 211,Resource Navigation,Statewide,0,99,education;general_support;housing,33,High,"Call 211, text zip code to 898-211, or use website",https://delaware211.org/
YP-0413,16,New Castle,career;career_pathway;case_management;education;employment;financial_literacy;general_support;homelessness;housing;job_training;life_skills;paid_work;postsecondary;transition_support,R005,People's Place Independent Living,Independent Living,Statewide,16,23,case_management;life_skills;transition_support,33,High,DFS referral or self-referral for 18-23,https://peoplesplace2.com/services/independent-living
YP-0413,16,New Castle,career;career_pathway;case_management;education;employment;financial_literacy;general_support;homelessness;housing;job_training;life_skills;paid_work;postsecondary;transition_support,R022,West End Education and Employment Department,Employment & Education,New Castle,16,24,career_pathway;paid_work;postsecondary,33,High,Program inquiry,https://westendnh.org/programs/academic-education/
YP-0414,15,New Castle,GED;career;case_management;credentials;education;employment;financial_literacy;general_support;homelessness;housing;independent_living;job_training;life_skills;paid_work;postsecondary;transition_support,R001,DSCYF Independent Living Services,Independent Living,Statewide,14,21,housing;life_skills;transition_support,33,High,Caseworker/DFS referral,https://kids.delaware.gov/family-services/independent-living/
YP-0414,15,New Castle,GED;career;case_management;credentials;education;employment;financial_literacy;general_support;homelessness;housing;independent_living;job_training;life_skills;paid_work;postsecondary;transition_support,R007,Delaware 211,Resource Navigation,Statewide,0,99,education;general_support;housing,33,High,"Call 211, text zip code to 898-211, or use website",https://delaware211.org/
YP-0414,15,New Castle,GED;career;case_management;credentials;education;employment;financial_literacy;general_support;homelessness;housing;independent_living;job_training;life_skills;paid_work;postsecondary;transition_support,R016,The Warehouse,Teen Center / Engagement,New Castle,13,24,education;employment,22,Medium,Membership / program enrollment,https://teenwarehouse.org/
YP-0414,15,New Castle,GED;career;case_management;credentials;education;employment;financial_literacy;general_support;homelessness;housing;independent_living;job_training;life_skills;paid_work;postsecondary;transition_support,R025,Delaware Department of Labor - Vocational Rehabilitation Transition Services,Disability / Employment,Statewide,14,24,employment,13,High,DVR referral / school referral,https://labor.delaware.gov/divisions/dvr/transition-services/
YP-0414,15,New Castle,GED;career;case_management;credentials;education;employment;financial_literacy;general_support;homelessness;housing;independent_living;job_training;life_skills;paid_work;postsecondary;transition_support,R018,Boys & Girls Clubs of Delaware - Education and Career,Education & Career,Statewide,6,18,career,12,Medium,Join local club / program inquiry,https://www.bgclubs.org/education-and-career
YP-0415,19,Kent,academic_support;career;career_readiness;case_management;community;education;employment;general_support;homelessness;housing;independent_living;job_training;mentorship;paid_work;positive_adult;young_adults,R003,West End Neighborhood House Life Lines,Housing & Case Management,Statewide,16,23,case_management;education;employment;housing,43,High,Referral or program inquiry,https://westendnh.org/programs/life-lines/
YP-0415,19,Kent,academic_support;career;career_readiness;case_management;community;education;employment;general_support;homelessness;housing;independent_living;job_training;mentorship;paid_work;positive_adult;young_adults,R007,Delaware 211,Resource Navigation,Statewide,0,99,education;general_support;housing,33,High,"Call 211, text zip code to 898-211, or use website",https://delaware211.org/
YP-0415,19,Kent,academic_support;career;career_readiness;case_management;community;education;employment;general_support;homelessness;housing;independent_living;job_training;mentorship;paid_work;positive_adult;young_adults,R002,DSCYF ASSIST / Aftercare 18-21,Aftercare,Statewide,18,21,housing;independent_living,23,High,Caseworker/DFS referral,https://kids.delaware.gov/family-services/il-provider-resources/
YP-0415,19,Kent,academic_support;career;career_readiness;case_management;community;education;employment;general_support;homelessness;housing;independent_living;job_training;mentorship;paid_work;positive_adult;young_adults,R001,DSCYF Independent Living Services,Independent Living,Statewide,14,21,housing;mentorship,23,High,Caseworker/DFS referral,https://kids.delaware.gov/family-services/independent-living/
YP-0415,19,Kent,academic_support;career;career_readiness;case_management;community;education;employment;general_support;homelessness;housing;independent_living;job_training;mentorship;paid_work;positive_adult;young_adults,R004,West End Life Lines Transitional Housing,Housing,Statewide,18,23,case_management;homelessness,23,High,Referral / eligibility screening,https://westendnh.org/programs/life-lines-programs/
YP-0416,15,New Castle,academic_support;career;career_readiness;case_management;education;employment;financial_literacy;general_support;job_training;life_skills;paid_work;transition_support,R001,DSCYF Independent Living Services,Independent Living,Statewide,14,21,life_skills;transition_support,23,High,Caseworker/DFS referral,https://kids.delaware.gov/family-services/independent-living/
YP-0416,15,New Castle,academic_support;career;career_readiness;case_management;education;employment;financial_literacy;general_support;job_training;life_skills;paid_work;transition_support,R007,Delaware 211,Resource Navigation,Statewide,0,99,education;general_support,23,High,"Call 211, text zip code to 898-211, or use website",https://delaware211.org/
YP-0416,15,New Castle,academic_support;career;career_readiness;case_management;education;employment;financial_literacy;general_support;job_training;life_skills;paid_work;transition_support,R018,Boys & Girls Clubs of Delaware - Education and Career,Education & Career,Statewide,6,18,academic_support;career,22,Medium,Join local club / program inquiry,https://www.bgclubs.org/education-and-career
YP-0416,15,New Castle,academic_support;career;career_readiness;case_management;education;employment;financial_literacy;general_support;job_training;life_skills;paid_work;transition_support,R046,Junior Achievement of Delaware,Financial Literacy & Career,Statewide,5,18,career_readiness;financial_literacy,22,Medium,School/community program inquiry,https://delaware.ja.org/
YP-0416,15,New Castle,academic_support;career;career_readiness;case_management;education;employment;financial_literacy;general_support;job_training;life_skills;paid_work;transition_support,R016,The Warehouse,Teen Center / Engagement,New Castle,13,24,education;employment,22,Medium,Membership / program enrollment,https://teenwarehouse.org/
YP-0417,13,Sussex,academic_support;career;career_readiness;case_management;community;education;employment;general_support;homelessness;housing;job_training;mentorship;paid_work;positive_adult,R007,Delaware 211,Resource Navigation,Statewide,0,99,education;general_support;housing,33,High,"Call 211, text zip code to 898-211, or use website",https://delaware211.org/
YP-0417,13,Sussex,academic_support;career;career_readiness;case_management;community;education;employment;general_support;homelessness;housing;job_training;mentorship;paid_work;positive_adult,R017,Big Brothers Big Sisters of Delaware,Mentorship,Statewide,6,18,mentorship;positive_adult,23,High,Enroll youth / mentor match inquiry,https://bbbsde.org/
YP-0417,13,Sussex,academic_support;career;career_readiness;case_management;community;education;employment;general_support;homelessness;housing;job_training;mentorship;paid_work;positive_adult,R018,Boys & Girls Clubs of Delaware - Education and Career,Education & Career,Statewide,6,18,academic_support;career,22,Medium,Join local club / program inquiry,https://www.bgclubs.org/education-and-career
YP-0417,13,Sussex,academic_support;career;career_readiness;case_management;community;education;employment;general_support;homelessness;housing;job_training;mentorship;paid_work;positive_adult,R055,Delaware LGBTQ+ Resources and Organizations,LGBTQ+ Support,Statewide,0,99,education,12,Medium,Resource navigation,https://history.delaware.gov/lgbtq-history/local-lgbtq-resources-and-organizations/
YP-0417,13,Sussex,academic_support;career;career_readiness;case_management;community;education;employment;general_support;homelessness;housing;job_training;mentorship;paid_work;positive_adult,R046,Junior Achievement of Delaware,Financial Literacy & Career,Statewide,5,18,career_readiness,12,Medium,School/community program inquiry,https://delaware.ja.org/
YP-0418,15,New Castle,career;career_pathway;case_management;college;employment;general_support;homelessness;housing;independent_living;job_training;paid_work;postsecondary,R007,Delaware 211,Resource Navigation,Statewide,0,99,general_support;housing,23,High,"Call 211, text zip code to 898-211, or use website",https://delaware211.org/
YP-0418,15,New Castle,career;career_pathway;case_management;college;employment;general_support;homelessness;housing;independent_living;job_training;paid_work;postsecondary,R001,DSCYF Independent Living Services,Independent Living,Statewide,14,21,housing,13,High,Caseworker/DFS referral,https://kids.delaware.gov/family-services/independent-living/
YP-0418,15,New Castle,career;career_pathway;case_management;college;employment;general_support;homelessness;housing;independent_living;job_training;paid_work;postsecondary,R025,Delaware Department of Labor - Vocational Rehabilitation Transition Services,Disability / Employment,Statewide,14,24,employment,13,High,DVR referral / school referral,https://labor.delaware.gov/divisions/dvr/transition-services/
YP-0418,15,New Castle,career;career_pathway;case_management;college;employment;general_support;homelessness;housing;independent_living;job_training;paid_work;postsecondary,R018,Boys & Girls Clubs of Delaware - Education and Career,Education & Career,Statewide,6,18,career,12,Medium,Join local club / program inquiry,https://www.bgclubs.org/education-and-career
YP-0418,15,New Castle,career;career_pathway;case_management;college;employment;general_support;homelessness;housing;independent_living;job_training;paid_work;postsecondary,R020,New Castle County Youth Workforce Development Program,Employment,New Castle,14,21,paid_work,12,Medium,Application,https://www.newcastlede.gov/859/Youth-Workforce-Development-Program
YP-0419,13,New Castle,academic_support;career_readiness;case_management;education;financial_literacy;general_support;life_skills;transition_support,R007,Delaware 211,Resource Navigation,Statewide,0,99,education;general_support,23,High,"Call 211, text zip code to 898-211, or use website",https://delaware211.org/
YP-0419,13,New Castle,academic_support;career_readiness;case_management;education;financial_literacy;general_support;life_skills;transition_support,R046,Junior Achievement of Delaware,Financial Literacy & Career,Statewide,5,18,career_readiness;financial_literacy,22,Medium,School/community program inquiry,https://delaware.ja.org/
YP-0419,13,New Castle,academic_support;career_readiness;case_management;education;financial_literacy;general_support;life_skills;transition_support,R018,Boys & Girls Clubs of Delaware - Education and Career,Education & Career,Statewide,6,18,academic_support,12,Medium,Join local club / program inquiry,https://www.bgclubs.org/education-and-career
YP-0419,13,New Castle,academic_support;career_readiness;case_management;education;financial_literacy;general_support;life_skills;transition_support,R055,Delaware LGBTQ+ Resources and Organizations,LGBTQ+ Support,Statewide,0,99,education,12,Medium,Resource navigation,https://history.delaware.gov/lgbtq-history/local-lgbtq-resources-and-organizations/
YP-0419,13,New Castle,academic_support;career_readiness;case_management;education;financial_literacy;general_support;life_skills;transition_support,R042,Mental Health Association in Delaware,Mental Health,Statewide,0,99,education,12,Medium,Program inquiry / referral,https://www.mhainde.org/
YP-0420,13,New Castle,career;career_pathway;case_management;education;employment;financial_literacy;general_support;homelessness;housing;independent_living;job_training;life_skills;paid_work;postsecondary;transition_support,R007,Delaware 211,Resource Navigation,Statewide,0,99,education;general_support;housing,33,High,"Call 211, text zip code to 898-211, or use website",https://delaware211.org/
YP-0420,13,New Castle,career;career_pathway;case_management;education;employment;financial_literacy;general_support;homelessness;housing;independent_living;job_training;life_skills;paid_work;postsecondary;transition_support,R016,The Warehouse,Teen Center / Engagement,New Castle,13,24,education;employment,22,Medium,Membership / program enrollment,https://teenwarehouse.org/
YP-0420,13,New Castle,career;career_pathway;case_management;education;employment;financial_literacy;general_support;homelessness;housing;independent_living;job_training;life_skills;paid_work;postsecondary;transition_support,R018,Boys & Girls Clubs of Delaware - Education and Career,Education & Career,Statewide,6,18,career,12,Medium,Join local club / program inquiry,https://www.bgclubs.org/education-and-career
YP-0420,13,New Castle,career;career_pathway;case_management;education;employment;financial_literacy;general_support;homelessness;housing;independent_living;job_training;life_skills;paid_work;postsecondary;transition_support,R055,Delaware LGBTQ+ Resources and Organizations,LGBTQ+ Support,Statewide,0,99,education,12,Medium,Resource navigation,https://history.delaware.gov/lgbtq-history/local-lgbtq-resources-and-organizations/
YP-0420,13,New Castle,career;career_pathway;case_management;education;employment;financial_literacy;general_support;homelessness;housing;independent_living;job_training;life_skills;paid_work;postsecondary;transition_support,R046,Junior Achievement of Delaware,Financial Literacy & Career,Statewide,5,18,financial_literacy,12,Medium,School/community program inquiry,https://delaware.ja.org/
YP-0421,18,New Castle,career;career_pathway;education;employment;general_support;independent_living;job_training;paid_work;postsecondary;young_adults,R022,West End Education and Employment Department,Employment & Education,New Castle,16,24,career_pathway;paid_work;postsecondary,33,High,Program inquiry,https://westendnh.org/programs/academic-education/
YP-0421,18,New Castle,career;career_pathway;education;employment;general_support;independent_living;job_training;paid_work;postsecondary;young_adults,R007,Delaware 211,Resource Navigation,Statewide,0,99,education;general_support,23,High,"Call 211, text zip code to 898-211, or use website",https://delaware211.org/
YP-0421,18,New Castle,career;career_pathway;education;employment;general_support;independent_living;job_training;paid_work;postsecondary;young_adults,R003,West End Neighborhood House Life Lines,Housing & Case Management,Statewide,16,23,education;employment,23,High,Referral or program inquiry,https://westendnh.org/programs/life-lines/
YP-0421,18,New Castle,career;career_pathway;education;employment;general_support;independent_living;job_training;paid_work;postsecondary;young_adults,R016,The Warehouse,Teen Center / Engagement,New Castle,13,24,education;employment,22,Medium,Membership / program enrollment,https://teenwarehouse.org/
YP-0421,18,New Castle,career;career_pathway;education;employment;general_support;independent_living;job_training;paid_work;postsecondary;young_adults,R002,DSCYF ASSIST / Aftercare 18-21,Aftercare,Statewide,18,21,independent_living,13,High,Caseworker/DFS referral,https://kids.delaware.gov/family-services/il-provider-resources/
YP-0422,17,New Castle,career;career_pathway;case_management;college;employment;financial_literacy;general_support;homelessness;housing;independent_living;life_skills;postsecondary;professional_skills;resume;transition_support,R003,West End Neighborhood House Life Lines,Housing & Case Management,Statewide,16,23,case_management;employment;financial_literacy;housing;life_skills,53,High,Referral or program inquiry,https://westendnh.org/programs/life-lines/
YP-0422,17,New Castle,career;career_pathway;case_management;college;employment;financial_literacy;general_support;homelessness;housing;independent_living;life_skills;postsecondary;professional_skills;resume;transition_support,R001,DSCYF Independent Living Services,Independent Living,Statewide,14,21,housing;life_skills;transition_support,33,High,Caseworker/DFS referral,https://kids.delaware.gov/family-services/independent-living/
YP-0422,17,New Castle,career;career_pathway;case_management;college;employment;financial_literacy;general_support;homelessness;housing;independent_living;life_skills;postsecondary;professional_skills;resume;transition_support,R005,People's Place Independent Living,Independent Living,Statewide,16,23,case_management;life_skills;transition_support,33,High,DFS referral or self-referral for 18-23,https://peoplesplace2.com/services/independent-living
YP-0422,17,New Castle,career;career_pathway;case_management;college;employment;financial_literacy;general_support;homelessness;housing;independent_living;life_skills;postsecondary;professional_skills;resume;transition_support,R007,Delaware 211,Resource Navigation,Statewide,0,99,general_support;housing,23,High,"Call 211, text zip code to 898-211, or use website",https://delaware211.org/
YP-0422,17,New Castle,career;career_pathway;case_management;college;employment;financial_literacy;general_support;homelessness;housing;independent_living;life_skills;postsecondary;professional_skills;resume;transition_support,R022,West End Education and Employment Department,Employment & Education,New Castle,16,24,career_pathway;postsecondary,23,High,Program inquiry,https://westendnh.org/programs/academic-education/
YP-0423,16,Sussex,academic_support;career;career_readiness;case_management;community;education;employment;general_support;homelessness;housing;independent_living;job_training;mentorship;paid_work;positive_adult,R003,West End Neighborhood House Life Lines,Housing & Case Management,Statewide,16,23,case_management;education;employment;housing,43,High,Referral or program inquiry,https://westendnh.org/programs/life-lines/
YP-0423,16,Sussex,academic_support;career;career_readiness;case_management;community;education;employment;general_support;homelessness;housing;independent_living;job_training;mentorship;paid_work;positive_adult,R007,Delaware 211,Resource Navigation,Statewide,0,99,education;general_support;housing,33,High,"Call 211, text zip code to 898-211, or use website",https://delaware211.org/
YP-0423,16,Sussex,academic_support;career;career_readiness;case_management;community;education;employment;general_support;homelessness;housing;independent_living;job_training;mentorship;paid_work;positive_adult,R017,Big Brothers Big Sisters of Delaware,Mentorship,Statewide,6,18,mentorship;positive_adult,23,High,Enroll youth / mentor match inquiry,https://bbbsde.org/
YP-0423,16,Sussex,academic_support;career;career_readiness;case_management;community;education;employment;general_support;homelessness;housing;independent_living;job_training;mentorship;paid_work;positive_adult,R001,DSCYF Independent Living Services,Independent Living,Statewide,14,21,housing;mentorship,23,High,Caseworker/DFS referral,https://kids.delaware.gov/family-services/independent-living/
YP-0423,16,Sussex,academic_support;career;career_readiness;case_management;community;education;employment;general_support;homelessness;housing;independent_living;job_training;mentorship;paid_work;positive_adult,R018,Boys & Girls Clubs of Delaware - Education and Career,Education & Career,Statewide,6,18,academic_support;career,22,Medium,Join local club / program inquiry,https://www.bgclubs.org/education-and-career
YP-0424,19,New Castle,GED;career;case_management;credentials;education;employment;financial_literacy;general_support;homelessness;housing;independent_living;internship;life_skills;postsecondary;professional_skills;transition_support;young_adults,R003,West End Neighborhood House Life Lines,Housing & Case Management,Statewide,16,23,case_management;education;employment;financial_literacy;housing;life_skills,63,High,Referral or program inquiry,https://westendnh.org/programs/life-lines/
YP-0424,19,New Castle,GED;career;case_management;credentials;education;employment;financial_literacy;general_support;homelessness;housing;independent_living;internship;life_skills;postsecondary;professional_skills;transition_support;young_adults,R001,DSCYF Independent Living Services,Independent Living,Statewide,14,21,housing;life_skills;transition_support,33,High,Caseworker/DFS referral,https://kids.delaware.gov/family-services/independent-living/
YP-0424,19,New Castle,GED;career;case_management;credentials;education;employment;financial_literacy;general_support;homelessness;housing;independent_living;internship;life_skills;postsecondary;professional_skills;transition_support;young_adults,R007,Delaware 211,Resource Navigation,Statewide,0,99,education;general_support;housing,33,High,"Call 211, text zip code to 898-211, or use website",https://delaware211.org/
YP-0424,19,New Castle,GED;career;case_management;credentials;education;employment;financial_literacy;general_support;homelessness;housing;independent_living;internship;life_skills;postsecondary;professional_skills;transition_support;young_adults,R005,People's Place Independent Living,Independent Living,Statewide,16,23,case_management;life_skills;transition_support,33,High,DFS referral or self-referral for 18-23,https://peoplesplace2.com/services/independent-living
YP-0424,19,New Castle,GED;career;case_management;credentials;education;employment;financial_literacy;general_support;homelessness;housing;independent_living;internship;life_skills;postsecondary;professional_skills;transition_support;young_adults,R022,West End Education and Employment Department,Employment & Education,New Castle,16,24,GED;credentials;postsecondary,33,High,Program inquiry,https://westendnh.org/programs/academic-education/
YP-0425,17,Sussex,career;career_pathway;case_management;college;employment;general_support;homelessness;housing;job_training;paid_work;postsecondary,R003,West End Neighborhood House Life Lines,Housing & Case Management,Statewide,16,23,case_management;employment;housing,33,High,Referral or program inquiry,https://westendnh.org/programs/life-lines/
YP-0425,17,Sussex,career;career_pathway;case_management;college;employment;general_support;homelessness;housing;job_training;paid_work;postsecondary,R007,Delaware 211,Resource Navigation,Statewide,0,99,general_support;housing,23,High,"Call 211, text zip code to 898-211, or use website",https://delaware211.org/
YP-0425,17,Sussex,career;career_pathway;case_management;college;employment;general_support;homelessness;housing;job_training;paid_work;postsecondary,R001,DSCYF Independent Living Services,Independent Living,Statewide,14,21,housing,13,High,Caseworker/DFS referral,https://kids.delaware.gov/family-services/independent-living/
YP-0425,17,Sussex,career;career_pathway;case_management;college;employment;general_support;homelessness;housing;job_training;paid_work;postsecondary,R025,Delaware Department of Labor - Vocational Rehabilitation Transition Services,Disability / Employment,Statewide,14,24,employment,13,High,DVR referral / school referral,https://labor.delaware.gov/divisions/dvr/transition-services/
YP-0425,17,Sussex,career;career_pathway;case_management;college;employment;general_support;homelessness;housing;job_training;paid_work;postsecondary,R005,People's Place Independent Living,Independent Living,Statewide,16,23,case_management,13,High,DFS referral or self-referral for 18-23,https://peoplesplace2.com/services/independent-living
YP-0426,19,New Castle,academic_support;career;career_readiness;case_management;education;employment;financial_literacy;general_support;homelessness;housing;independent_living;job_training;life_skills;paid_work;transition_support;young_adults,R003,West End Neighborhood House Life Lines,Housing & Case Management,Statewide,16,23,case_management;education;employment;financial_literacy;housing;life_skills,63,High,Referral or program inquiry,https://westendnh.org/programs/life-lines/
YP-0426,19,New Castle,academic_support;career;career_readiness;case_management;education;employment;financial_literacy;general_support;homelessness;housing;independent_living;job_training;life_skills;paid_work;transition_support;young_adults,R001,DSCYF Independent Living Services,Independent Living,Statewide,14,21,housing;life_skills;transition_support,33,High,Caseworker/DFS referral,https://kids.delaware.gov/family-services/independent-living/
YP-0426,19,New Castle,academic_support;career;career_readiness;case_management;education;employment;financial_literacy;general_support;homelessness;housing;independent_living;job_training;life_skills;paid_work;transition_support;young_adults,R007,Delaware 211,Resource Navigation,Statewide,0,99,education;general_support;housing,33,High,"Call 211, text zip code to 898-211, or use website",https://delaware211.org/
YP-0426,19,New Castle,academic_support;career;career_readiness;case_management;education;employment;financial_literacy;general_support;homelessness;housing;independent_living;job_training;life_skills;paid_work;transition_support;young_adults,R005,People's Place Independent Living,Independent Living,Statewide,16,23,case_management;life_skills;transition_support,33,High,DFS referral or self-referral for 18-23,https://peoplesplace2.com/services/independent-living
YP-0426,19,New Castle,academic_support;career;career_readiness;case_management;education;employment;financial_literacy;general_support;homelessness;housing;independent_living;job_training;life_skills;paid_work;transition_support;young_adults,R002,DSCYF ASSIST / Aftercare 18-21,Aftercare,Statewide,18,21,housing;independent_living,23,High,Caseworker/DFS referral,https://kids.delaware.gov/family-services/il-provider-resources/
YP-0427,14,New Castle,GED;career;case_management;credentials;education;employment;financial_literacy;general_support;job_training;life_skills;paid_work;postsecondary;transition_support,R001,DSCYF Independent Living Services,Independent Living,Statewide,14,21,life_skills;transition_support,23,High,Caseworker/DFS referral,https://kids.delaware.gov/family-services/independent-living/
YP-0427,14,New Castle,GED;career;case_management;credentials;education;employment;financial_literacy;general_support;job_training;life_skills;paid_work;postsecondary;transition_support,R007,Delaware 211,Resource Navigation,Statewide,0,99,education;general_support,23,High,"Call 211, text zip code to 898-211, or use website",https://delaware211.org/
YP-0427,14,New Castle,GED;career;case_management;credentials;education;employment;financial_literacy;general_support;job_training;life_skills;paid_work;postsecondary;transition_support,R016,The Warehouse,Teen Center / Engagement,New Castle,13,24,education;employment,22,Medium,Membership / program enrollment,https://teenwarehouse.org/
YP-0427,14,New Castle,GED;career;case_management;credentials;education;employment;financial_literacy;general_support;job_training;life_skills;paid_work;postsecondary;transition_support,R025,Delaware Department of Labor - Vocational Rehabilitation Transition Services,Disability / Employment,Statewide,14,24,employment,13,High,DVR referral / school referral,https://labor.delaware.gov/divisions/dvr/transition-services/
YP-0427,14,New Castle,GED;career;case_management;credentials;education;employment;financial_literacy;general_support;job_training;life_skills;paid_work;postsecondary;transition_support,R018,Boys & Girls Clubs of Delaware - Education and Career,Education & Career,Statewide,6,18,career,12,Medium,Join local club / program inquiry,https://www.bgclubs.org/education-and-career
YP-0428,14,New Castle,career;career_pathway;case_management;college;employment;financial_literacy;general_support;homelessness;housing;independent_living;life_skills;postsecondary;professional_skills;resume;transition_support,R001,DSCYF Independent Living Services,Independent Living,Statewide,14,21,housing;life_skills;transition_support,33,High,Caseworker/DFS referral,https://kids.delaware.gov/family-services/independent-living/
YP-0428,14,New Castle,career;career_pathway;case_management;college;employment;financial_literacy;general_support;homelessness;housing;independent_living;life_skills;postsecondary;professional_skills;resume;transition_support,R007,Delaware 211,Resource Navigation,Statewide,0,99,general_support;housing,23,High,"Call 211, text zip code to 898-211, or use website",https://delaware211.org/
YP-0428,14,New Castle,career;career_pathway;case_management;college;employment;financial_literacy;general_support;homelessness;housing;independent_living;life_skills;postsecondary;professional_skills;resume;transition_support,R025,Delaware Department of Labor - Vocational Rehabilitation Transition Services,Disability / Employment,Statewide,14,24,employment,13,High,DVR referral / school referral,https://labor.delaware.gov/divisions/dvr/transition-services/
YP-0428,14,New Castle,career;career_pathway;case_management;college;employment;financial_literacy;general_support;homelessness;housing;independent_living;life_skills;postsecondary;professional_skills;resume;transition_support,R018,Boys & Girls Clubs of Delaware - Education and Career,Education & Career,Statewide,6,18,career,12,Medium,Join local club / program inquiry,https://www.bgclubs.org/education-and-career
YP-0428,14,New Castle,career;career_pathway;case_management;college;employment;financial_literacy;general_support;homelessness;housing;independent_living;life_skills;postsecondary;professional_skills;resume;transition_support,R027,Independent Resources Inc. Youth Transition Life Skills Program,Disability / Life Skills,Statewide,14,28,life_skills,12,Medium,Program inquiry / referral,https://www.iri-delaware.org/iri/25-transition-life-skills-program/
YP-0429,14,Kent,career;career_pathway;case_management;college;employment;financial_literacy;general_support;homelessness;housing;independent_living;job_training;life_skills;paid_work;postsecondary;transition_support,R001,DSCYF Independent Living Services,Independent Living,Statewide,14,21,housing;life_skills;transition_support,33,High,Caseworker/DFS referral,https://kids.delaware.gov/family-services/independent-living/
YP-0429,14,Kent,career;career_pathway;case_management;college;employment;financial_literacy;general_support;homelessness;housing;independent_living;job_training;life_skills;paid_work;postsecondary;transition_support,R007,Delaware 211,Resource Navigation,Statewide,0,99,general_support;housing,23,High,"Call 211, text zip code to 898-211, or use website",https://delaware211.org/
YP-0429,14,Kent,career;career_pathway;case_management;college;employment;financial_literacy;general_support;homelessness;housing;independent_living;job_training;life_skills;paid_work;postsecondary;transition_support,R025,Delaware Department of Labor - Vocational Rehabilitation Transition Services,Disability / Employment,Statewide,14,24,employment,13,High,DVR referral / school referral,https://labor.delaware.gov/divisions/dvr/transition-services/
YP-0429,14,Kent,career;career_pathway;case_management;college;employment;financial_literacy;general_support;homelessness;housing;independent_living;job_training;life_skills;paid_work;postsecondary;transition_support,R018,Boys & Girls Clubs of Delaware - Education and Career,Education & Career,Statewide,6,18,career,12,Medium,Join local club / program inquiry,https://www.bgclubs.org/education-and-career
YP-0429,14,Kent,career;career_pathway;case_management;college;employment;financial_literacy;general_support;homelessness;housing;independent_living;job_training;life_skills;paid_work;postsecondary;transition_support,R027,Independent Resources Inc. Youth Transition Life Skills Program,Disability / Life Skills,Statewide,14,28,life_skills,12,Medium,Program inquiry / referral,https://www.iri-delaware.org/iri/25-transition-life-skills-program/
YP-0430,17,New Castle,career;career_pathway;case_management;college;community;employment;financial_literacy;general_support;homelessness;housing;independent_living;job_training;life_skills;mentorship;paid_work;positive_adult;postsecondary;transition_support,R003,West End Neighborhood House Life Lines,Housing & Case Management,Statewide,16,23,case_management;employment;financial_literacy;housing;life_skills,53,High,Referral or program inquiry,https://westendnh.org/programs/life-lines/
YP-0430,17,New Castle,career;career_pathway;case_management;college;community;employment;financial_literacy;general_support;homelessness;housing;independent_living;job_training;life_skills;mentorship;paid_work;positive_adult;postsecondary;transition_support,R001,DSCYF Independent Living Services,Independent Living,Statewide,14,21,housing;life_skills;mentorship;transition_support,43,High,Caseworker/DFS referral,https://kids.delaware.gov/family-services/independent-living/
YP-0430,17,New Castle,career;career_pathway;case_management;college;community;employment;financial_literacy;general_support;homelessness;housing;independent_living;job_training;life_skills;mentorship;paid_work;positive_adult;postsecondary;transition_support,R005,People's Place Independent Living,Independent Living,Statewide,16,23,case_management;life_skills;transition_support,33,High,DFS referral or self-referral for 18-23,https://peoplesplace2.com/services/independent-living
YP-0430,17,New Castle,career;career_pathway;case_management;college;community;employment;financial_literacy;general_support;homelessness;housing;independent_living;job_training;life_skills;mentorship;paid_work;positive_adult;postsecondary;transition_support,R022,West End Education and Employment Department,Employment & Education,New Castle,16,24,career_pathway;paid_work;postsecondary,33,High,Program inquiry,https://westendnh.org/programs/academic-education/
YP-0430,17,New Castle,career;career_pathway;case_management;college;community;employment;financial_literacy;general_support;homelessness;housing;independent_living;job_training;life_skills;mentorship;paid_work;positive_adult;postsecondary;transition_support,R016,The Warehouse,Teen Center / Engagement,New Castle,13,24,community;employment;mentorship,32,Medium,Membership / program enrollment,https://teenwarehouse.org/
YP-0431,15,New Castle,academic_support;career;career_readiness;case_management;education;employment;general_support;homelessness;housing;job_training;paid_work,R007,Delaware 211,Resource Navigation,Statewide,0,99,education;general_support;housing,33,High,"Call 211, text zip code to 898-211, or use website",https://delaware211.org/
YP-0431,15,New Castle,academic_support;career;career_readiness;case_management;education;employment;general_support;homelessness;housing;job_training;paid_work,R018,Boys & Girls Clubs of Delaware - Education and Career,Education & Career,Statewide,6,18,academic_support;career,22,Medium,Join local club / program inquiry,https://www.bgclubs.org/education-and-career
YP-0431,15,New Castle,academic_support;career;career_readiness;case_management;education;employment;general_support;homelessness;housing;job_training;paid_work,R016,The Warehouse,Teen Center / Engagement,New Castle,13,24,education;employment,22,Medium,Membership / program enrollment,https://teenwarehouse.org/
YP-0431,15,New Castle,academic_support;career;career_readiness;case_management;education;employment;general_support;homelessness;housing;job_training;paid_work,R001,DSCYF Independent Living Services,Independent Living,Statewide,14,21,housing,13,High,Caseworker/DFS referral,https://kids.delaware.gov/family-services/independent-living/
YP-0431,15,New Castle,academic_support;career;career_readiness;case_management;education;employment;general_support;homelessness;housing;job_training;paid_work,R025,Delaware Department of Labor - Vocational Rehabilitation Transition Services,Disability / Employment,Statewide,14,24,employment,13,High,DVR referral / school referral,https://labor.delaware.gov/divisions/dvr/transition-services/
YP-0432,15,New Castle,career;career_pathway;case_management;college;community;employment;financial_literacy;general_support;job_training;life_skills;mentorship;paid_work;positive_adult;postsecondary;transition_support,R001,DSCYF Independent Living Services,Independent Living,Statewide,14,21,life_skills;mentorship;transition_support,33,High,Caseworker/DFS referral,https://kids.delaware.gov/family-services/independent-living/
YP-0432,15,New Castle,career;career_pathway;case_management;college;community;employment;financial_literacy;general_support;job_training;life_skills;mentorship;paid_work;positive_adult;postsecondary;transition_support,R016,The Warehouse,Teen Center / Engagement,New Castle,13,24,community;employment;mentorship,32,Medium,Membership / program enrollment,https://teenwarehouse.org/
YP-0432,15,New Castle,career;career_pathway;case_management;college;community;employment;financial_literacy;general_support;job_training;life_skills;mentorship;paid_work;positive_adult;postsecondary;transition_support,R017,Big Brothers Big Sisters of Delaware,Mentorship,Statewide,6,18,mentorship;positive_adult,23,High,Enroll youth / mentor match inquiry,https://bbbsde.org/
YP-0432,15,New Castle,career;career_pathway;case_management;college;community;employment;financial_literacy;general_support;job_training;life_skills;mentorship;paid_work;positive_adult;postsecondary;transition_support,R007,Delaware 211,Resource Navigation,Statewide,0,99,general_support,13,High,"Call 211, text zip code to 898-211, or use website",https://delaware211.org/
YP-0432,15,New Castle,career;career_pathway;case_management;college;community;employment;financial_literacy;general_support;job_training;life_skills;mentorship;paid_work;positive_adult;postsecondary;transition_support,R025,Delaware Department of Labor - Vocational Rehabilitation Transition Services,Disability / Employment,Statewide,14,24,employment,13,High,DVR referral / school referral,https://labor.delaware.gov/divisions/dvr/transition-services/
YP-0433,13,New Castle,academic_support;career;career_readiness;case_management;community;education;employment;financial_literacy;general_support;homelessness;housing;independent_living;job_training;life_skills;mentorship;paid_work;positive_adult;transition_support,R016,The Warehouse,Teen Center / Engagement,New Castle,13,24,community;education;employment;mentorship,42,Medium,Membership / program enrollment,https://teenwarehouse.org/
YP-0433,13,New Castle,academic_support;career;career_readiness;case_management;community;education;employment;financial_literacy;general_support;homelessness;housing;independent_living;job_training;life_skills;mentorship;paid_work;positive_adult;transition_support,R007,Delaware 211,Resource Navigation,Statewide,0,99,education;general_support;housing,33,High,"Call 211, text zip code to 898-211, or use website",https://delaware211.org/
YP-0433,13,New Castle,academic_support;career;career_readiness;case_management;community;education;employment;financial_literacy;general_support;homelessness;housing;independent_living;job_training;life_skills;mentorship;paid_work;positive_adult;transition_support,R017,Big Brothers Big Sisters of Delaware,Mentorship,Statewide,6,18,mentorship;positive_adult,23,High,Enroll youth / mentor match inquiry,https://bbbsde.org/
YP-0433,13,New Castle,academic_support;career;career_readiness;case_management;community;education;employment;financial_literacy;general_support;homelessness;housing;independent_living;job_training;life_skills;mentorship;paid_work;positive_adult;transition_support,R018,Boys & Girls Clubs of Delaware - Education and Career,Education & Career,Statewide,6,18,academic_support;career,22,Medium,Join local club / program inquiry,https://www.bgclubs.org/education-and-career
YP-0433,13,New Castle,academic_support;career;career_readiness;case_management;community;education;employment;financial_literacy;general_support;homelessness;housing;independent_living;job_training;life_skills;mentorship;paid_work;positive_adult;transition_support,R046,Junior Achievement of Delaware,Financial Literacy & Career,Statewide,5,18,career_readiness;financial_literacy,22,Medium,School/community program inquiry,https://delaware.ja.org/
YP-0434,13,New Castle,academic_support;career;career_readiness;case_management;education;employment;general_support;homelessness;housing;independent_living;professional_skills;resume,R007,Delaware 211,Resource Navigation,Statewide,0,99,education;general_support;housing,33,High,"Call 211, text zip code to 898-211, or use website",https://delaware211.org/
YP-0434,13,New Castle,academic_support;career;career_readiness;case_management;education;employment;general_support;homelessness;housing;independent_living;professional_skills;resume,R018,Boys & Girls Clubs of Delaware - Education and Career,Education & Career,Statewide,6,18,academic_support;career,22,Medium,Join local club / program inquiry,https://www.bgclubs.org/education-and-career
YP-0434,13,New Castle,academic_support;career;career_readiness;case_management;education;employment;general_support;homelessness;housing;independent_living;professional_skills;resume,R016,The Warehouse,Teen Center / Engagement,New Castle,13,24,education;employment,22,Medium,Membership / program enrollment,https://teenwarehouse.org/
YP-0434,13,New Castle,academic_support;career;career_readiness;case_management;education;employment;general_support;homelessness;housing;independent_living;professional_skills;resume,R055,Delaware LGBTQ+ Resources and Organizations,LGBTQ+ Support,Statewide,0,99,education,12,Medium,Resource navigation,https://history.delaware.gov/lgbtq-history/local-lgbtq-resources-and-organizations/
YP-0434,13,New Castle,academic_support;career;career_readiness;case_management;education;employment;general_support;homelessness;housing;independent_living;professional_skills;resume,R046,Junior Achievement of Delaware,Financial Literacy & Career,Statewide,5,18,career_readiness,12,Medium,School/community program inquiry,https://delaware.ja.org/
YP-0435,14,Kent,career_pathway;case_management;college;community;financial_literacy;general_support;homelessness;housing;independent_living;life_skills;mentorship;positive_adult;postsecondary;transition_support,R001,DSCYF Independent Living Services,Independent Living,Statewide,14,21,housing;life_skills;mentorship;transition_support,43,High,Caseworker/DFS referral,https://kids.delaware.gov/family-services/independent-living/
YP-0435,14,Kent,career_pathway;case_management;college;community;financial_literacy;general_support;homelessness;housing;independent_living;life_skills;mentorship;positive_adult;postsecondary;transition_support,R017,Big Brothers Big Sisters of Delaware,Mentorship,Statewide,6,18,mentorship;positive_adult,23,High,Enroll youth / mentor match inquiry,https://bbbsde.org/
YP-0435,14,Kent,career_pathway;case_management;college;community;financial_literacy;general_support;homelessness;housing;independent_living;life_skills;mentorship;positive_adult;postsecondary;transition_support,R007,Delaware 211,Resource Navigation,Statewide,0,99,general_support;housing,23,High,"Call 211, text zip code to 898-211, or use website",https://delaware211.org/
YP-0435,14,Kent,career_pathway;case_management;college;community;financial_literacy;general_support;homelessness;housing;independent_living;life_skills;mentorship;positive_adult;postsecondary;transition_support,R027,Independent Resources Inc. Youth Transition Life Skills Program,Disability / Life Skills,Statewide,14,28,life_skills,12,Medium,Program inquiry / referral,https://www.iri-delaware.org/iri/25-transition-life-skills-program/
YP-0435,14,Kent,career_pathway;case_management;college;community;financial_literacy;general_support;homelessness;housing;independent_living;life_skills;mentorship;positive_adult;postsecondary;transition_support,R046,Junior Achievement of Delaware,Financial Literacy & Career,Statewide,5,18,financial_literacy,12,Medium,School/community program inquiry,https://delaware.ja.org/
YP-0436,17,New Castle,career_pathway;case_management;college;financial_literacy;general_support;homelessness;housing;independent_living;life_skills;postsecondary;transition_support,R003,West End Neighborhood House Life Lines,Housing & Case Management,Statewide,16,23,case_management;financial_literacy;housing;life_skills,43,High,Referral or program inquiry,https://westendnh.org/programs/life-lines/
YP-0436,17,New Castle,career_pathway;case_management;college;financial_literacy;general_support;homelessness;housing;independent_living;life_skills;postsecondary;transition_support,R001,DSCYF Independent Living Services,Independent Living,Statewide,14,21,housing;life_skills;transition_support,33,High,Caseworker/DFS referral,https://kids.delaware.gov/family-services/independent-living/
YP-0436,17,New Castle,career_pathway;case_management;college;financial_literacy;general_support;homelessness;housing;independent_living;life_skills;postsecondary;transition_support,R005,People's Place Independent Living,Independent Living,Statewide,16,23,case_management;life_skills;transition_support,33,High,DFS referral or self-referral for 18-23,https://peoplesplace2.com/services/independent-living
YP-0436,17,New Castle,career_pathway;case_management;college;financial_literacy;general_support;homelessness;housing;independent_living;life_skills;postsecondary;transition_support,R007,Delaware 211,Resource Navigation,Statewide,0,99,general_support;housing,23,High,"Call 211, text zip code to 898-211, or use website",https://delaware211.org/
YP-0436,17,New Castle,career_pathway;case_management;college;financial_literacy;general_support;homelessness;housing;independent_living;life_skills;postsecondary;transition_support,R022,West End Education and Employment Department,Employment & Education,New Castle,16,24,career_pathway;postsecondary,23,High,Program inquiry,https://westendnh.org/programs/academic-education/
YP-0437,15,New Castle,career;career_pathway;case_management;college;community;employment;financial_literacy;general_support;job_training;life_skills;mentorship;paid_work;positive_adult;postsecondary;transition_support,R001,DSCYF Independent Living Services,Independent Living,Statewide,14,21,life_skills;mentorship;transition_support,33,High,Caseworker/DFS referral,https://kids.delaware.gov/family-services/independent-living/
YP-0437,15,New Castle,career;career_pathway;case_management;college;community;employment;financial_literacy;general_support;job_training;life_skills;mentorship;paid_work;positive_adult;postsecondary;transition_support,R016,The Warehouse,Teen Center / Engagement,New Castle,13,24,community;employment;mentorship,32,Medium,Membership / program enrollment,https://teenwarehouse.org/
YP-0437,15,New Castle,career;career_pathway;case_management;college;community;employment;financial_literacy;general_support;job_training;life_skills;mentorship;paid_work;positive_adult;postsecondary;transition_support,R017,Big Brothers Big Sisters of Delaware,Mentorship,Statewide,6,18,mentorship;positive_adult,23,High,Enroll youth / mentor match inquiry,https://bbbsde.org/
YP-0437,15,New Castle,career;career_pathway;case_management;college;community;employment;financial_literacy;general_support;job_training;life_skills;mentorship;paid_work;positive_adult;postsecondary;transition_support,R007,Delaware 211,Resource Navigation,Statewide,0,99,general_support,13,High,"Call 211, text zip code to 898-211, or use website",https://delaware211.org/
YP-0437,15,New Castle,career;career_pathway;case_management;college;community;employment;financial_literacy;general_support;job_training;life_skills;mentorship;paid_work;positive_adult;postsecondary;transition_support,R025,Delaware Department of Labor - Vocational Rehabilitation Transition Services,Disability / Employment,Statewide,14,24,employment,13,High,DVR referral / school referral,https://labor.delaware.gov/divisions/dvr/transition-services/
YP-0438,19,New Castle,career;career_pathway;case_management;college;community;employment;financial_literacy;general_support;homelessness;housing;independent_living;job_training;life_skills;mentorship;paid_work;positive_adult;postsecondary;transition_support;young_adults,R003,West End Neighborhood House Life Lines,Housing & Case Management,Statewide,16,23,case_management;employment;financial_literacy;housing;life_skills,53,High,Referral or program inquiry,https://westendnh.org/programs/life-lines/
YP-0438,19,New Castle,career;career_pathway;case_management;college;community;employment;financial_literacy;general_support;homelessness;housing;independent_living;job_training;life_skills;mentorship;paid_work;positive_adult;postsecondary;transition_support;young_adults,R001,DSCYF Independent Living Services,Independent Living,Statewide,14,21,housing;life_skills;mentorship;transition_support,43,High,Caseworker/DFS referral,https://kids.delaware.gov/family-services/independent-living/
YP-0438,19,New Castle,career;career_pathway;case_management;college;community;employment;financial_literacy;general_support;homelessness;housing;independent_living;job_training;life_skills;mentorship;paid_work;positive_adult;postsecondary;transition_support;young_adults,R005,People's Place Independent Living,Independent Living,Statewide,16,23,case_management;life_skills;transition_support,33,High,DFS referral or self-referral for 18-23,https://peoplesplace2.com/services/independent-living
YP-0438,19,New Castle,career;career_pathway;case_management;college;community;employment;financial_literacy;general_support;homelessness;housing;independent_living;job_training;life_skills;mentorship;paid_work;positive_adult;postsecondary;transition_support;young_adults,R022,West End Education and Employment Department,Employment & Education,New Castle,16,24,career_pathway;paid_work;postsecondary,33,High,Program inquiry,https://westendnh.org/programs/academic-education/
YP-0438,19,New Castle,career;career_pathway;case_management;college;community;employment;financial_literacy;general_support;homelessness;housing;independent_living;job_training;life_skills;mentorship;paid_work;positive_adult;postsecondary;transition_support;young_adults,R016,The Warehouse,Teen Center / Engagement,New Castle,13,24,community;employment;mentorship,32,Medium,Membership / program enrollment,https://teenwarehouse.org/
YP-0439,16,Sussex,academic_support;career;career_readiness;case_management;education;employment;general_support;homelessness;housing;job_training;paid_work,R003,West End Neighborhood House Life Lines,Housing & Case Management,Statewide,16,23,case_management;education;employment;housing,43,High,Referral or program inquiry,https://westendnh.org/programs/life-lines/
YP-0439,16,Sussex,academic_support;career;career_readiness;case_management;education;employment;general_support;homelessness;housing;job_training;paid_work,R007,Delaware 211,Resource Navigation,Statewide,0,99,education;general_support;housing,33,High,"Call 211, text zip code to 898-211, or use website",https://delaware211.org/
YP-0439,16,Sussex,academic_support;career;career_readiness;case_management;education;employment;general_support;homelessness;housing;job_training;paid_work,R018,Boys & Girls Clubs of Delaware - Education and Career,Education & Career,Statewide,6,18,academic_support;career,22,Medium,Join local club / program inquiry,https://www.bgclubs.org/education-and-career
YP-0439,16,Sussex,academic_support;career;career_readiness;case_management;education;employment;general_support;homelessness;housing;job_training;paid_work,R001,DSCYF Independent Living Services,Independent Living,Statewide,14,21,housing,13,High,Caseworker/DFS referral,https://kids.delaware.gov/family-services/independent-living/
YP-0439,16,Sussex,academic_support;career;career_readiness;case_management;education;employment;general_support;homelessness;housing;job_training;paid_work,R025,Delaware Department of Labor - Vocational Rehabilitation Transition Services,Disability / Employment,Statewide,14,24,employment,13,High,DVR referral / school referral,https://labor.delaware.gov/divisions/dvr/transition-services/
YP-0440,13,New Castle,career;career_pathway;case_management;college;employment;general_support;homelessness;housing;independent_living;job_training;paid_work;postsecondary,R007,Delaware 211,Resource Navigation,Statewide,0,99,general_support;housing,23,High,"Call 211, text zip code to 898-211, or use website",https://delaware211.org/
YP-0440,13,New Castle,career;career_pathway;case_management;college;employment;general_support;homelessness;housing;independent_living;job_training;paid_work;postsecondary,R018,Boys & Girls Clubs of Delaware - Education and Career,Education & Career,Statewide,6,18,career,12,Medium,Join local club / program inquiry,https://www.bgclubs.org/education-and-career
YP-0440,13,New Castle,career;career_pathway;case_management;college;employment;general_support;homelessness;housing;independent_living;job_training;paid_work;postsecondary,R016,The Warehouse,Teen Center / Engagement,New Castle,13,24,employment,12,Medium,Membership / program enrollment,https://teenwarehouse.org/
YP-0441,13,New Castle,academic_support;career;career_readiness;education;employment;general_support;job_training;paid_work,R007,Delaware 211,Resource Navigation,Statewide,0,99,education;general_support,23,High,"Call 211, text zip code to 898-211, or use website",https://delaware211.org/
YP-0441,13,New Castle,academic_support;career;career_readiness;education;employment;general_support;job_training;paid_work,R018,Boys & Girls Clubs of Delaware - Education and Career,Education & Career,Statewide,6,18,academic_support;career,22,Medium,Join local club / program inquiry,https://www.bgclubs.org/education-and-career
YP-0441,13,New Castle,academic_support;career;career_readiness;education;employment;general_support;job_training;paid_work,R016,The Warehouse,Teen Center / Engagement,New Castle,13,24,education;employment,22,Medium,Membership / program enrollment,https://teenwarehouse.org/
YP-0441,13,New Castle,academic_support;career;career_readiness;education;employment;general_support;job_training;paid_work,R055,Delaware LGBTQ+ Resources and Organizations,LGBTQ+ Support,Statewide,0,99,education,12,Medium,Resource navigation,https://history.delaware.gov/lgbtq-history/local-lgbtq-resources-and-organizations/
YP-0441,13,New Castle,academic_support;career;career_readiness;education;employment;general_support;job_training;paid_work,R046,Junior Achievement of Delaware,Financial Literacy & Career,Statewide,5,18,career_readiness,12,Medium,School/community program inquiry,https://delaware.ja.org/
YP-0442,14,Sussex,career;career_pathway;education;employment;general_support;job_training;paid_work;postsecondary,R007,Delaware 211,Resource Navigation,Statewide,0,99,education;general_support,23,High,"Call 211, text zip code to 898-211, or use website",https://delaware211.org/
YP-0442,14,Sussex,career;career_pathway;education;employment;general_support;job_training;paid_work;postsecondary,R025,Delaware Department of Labor - Vocational Rehabilitation Transition Services,Disability / Employment,Statewide,14,24,employment,13,High,DVR referral / school referral,https://labor.delaware.gov/divisions/dvr/transition-services/
YP-0442,14,Sussex,career;career_pathway;education;employment;general_support;job_training;paid_work;postsecondary,R018,Boys & Girls Clubs of Delaware - Education and Career,Education & Career,Statewide,6,18,career,12,Medium,Join local club / program inquiry,https://www.bgclubs.org/education-and-career
YP-0442,14,Sussex,career;career_pathway;education;employment;general_support;job_training;paid_work;postsecondary,R055,Delaware LGBTQ+ Resources and Organizations,LGBTQ+ Support,Statewide,0,99,education,12,Medium,Resource navigation,https://history.delaware.gov/lgbtq-history/local-lgbtq-resources-and-organizations/
YP-0442,14,Sussex,career;career_pathway;education;employment;general_support;job_training;paid_work;postsecondary,R042,Mental Health Association in Delaware,Mental Health,Statewide,0,99,education,12,Medium,Program inquiry / referral,https://www.mhainde.org/
YP-0443,17,New Castle,career_pathway;case_management;college;financial_literacy;general_support;life_skills;postsecondary;transition_support,R005,People's Place Independent Living,Independent Living,Statewide,16,23,case_management;life_skills;transition_support,33,High,DFS referral or self-referral for 18-23,https://peoplesplace2.com/services/independent-living
YP-0443,17,New Castle,career_pathway;case_management;college;financial_literacy;general_support;life_skills;postsecondary;transition_support,R003,West End Neighborhood House Life Lines,Housing & Case Management,Statewide,16,23,case_management;financial_literacy;life_skills,33,High,Referral or program inquiry,https://westendnh.org/programs/life-lines/
YP-0443,17,New Castle,career_pathway;case_management;college;financial_literacy;general_support;life_skills;postsecondary;transition_support,R001,DSCYF Independent Living Services,Independent Living,Statewide,14,21,life_skills;transition_support,23,High,Caseworker/DFS referral,https://kids.delaware.gov/family-services/independent-living/
YP-0443,17,New Castle,career_pathway;case_management;college;financial_literacy;general_support;life_skills;postsecondary;transition_support,R022,West End Education and Employment Department,Employment & Education,New Castle,16,24,career_pathway;postsecondary,23,High,Program inquiry,https://westendnh.org/programs/academic-education/
YP-0443,17,New Castle,career_pathway;case_management;college;financial_literacy;general_support;life_skills;postsecondary;transition_support,R007,Delaware 211,Resource Navigation,Statewide,0,99,general_support,13,High,"Call 211, text zip code to 898-211, or use website",https://delaware211.org/
YP-0444,15,New Castle,academic_support;career;career_readiness;case_management;education;employment;general_support;homelessness;housing;internship;professional_skills,R007,Delaware 211,Resource Navigation,Statewide,0,99,education;general_support;housing,33,High,"Call 211, text zip code to 898-211, or use website",https://delaware211.org/
YP-0444,15,New Castle,academic_support;career;career_readiness;case_management;education;employment;general_support;homelessness;housing;internship;professional_skills,R019,YMCA of Delaware Teen Workforce Development,Employment,Statewide,15,19,internship;professional_skills,23,High,Interest form / program enrollment,https://www.ymcade.org/teen-workforce-development/
YP-0444,15,New Castle,academic_support;career;career_readiness;case_management;education;employment;general_support;homelessness;housing;internship;professional_skills,R018,Boys & Girls Clubs of Delaware - Education and Career,Education & Career,Statewide,6,18,academic_support;career,22,Medium,Join local club / program inquiry,https://www.bgclubs.org/education-and-career
YP-0444,15,New Castle,academic_support;career;career_readiness;case_management;education;employment;general_support;homelessness;housing;internship;professional_skills,R016,The Warehouse,Teen Center / Engagement,New Castle,13,24,education;employment,22,Medium,Membership / program enrollment,https://teenwarehouse.org/
YP-0444,15,New Castle,academic_support;career;career_readiness;case_management;education;employment;general_support;homelessness;housing;internship;professional_skills,R001,DSCYF Independent Living Services,Independent Living,Statewide,14,21,housing,13,High,Caseworker/DFS referral,https://kids.delaware.gov/family-services/independent-living/
YP-0445,13,Kent,academic_support;career;career_readiness;case_management;education;employment;general_support;homelessness;housing;independent_living;job_training;paid_work,R007,Delaware 211,Resource Navigation,Statewide,0,99,education;general_support;housing,33,High,"Call 211, text zip code to 898-211, or use website",https://delaware211.org/
YP-0445,13,Kent,academic_support;career;career_readiness;case_management;education;employment;general_support;homelessness;housing;independent_living;job_training;paid_work,R018,Boys & Girls Clubs of Delaware - Education and Career,Education & Career,Statewide,6,18,academic_support;career,22,Medium,Join local club / program inquiry,https://www.bgclubs.org/education-and-career
YP-0445,13,Kent,academic_support;career;career_readiness;case_management;education;employment;general_support;homelessness;housing;independent_living;job_training;paid_work,R055,Delaware LGBTQ+ Resources and Organizations,LGBTQ+ Support,Statewide,0,99,education,12,Medium,Resource navigation,https://history.delaware.gov/lgbtq-history/local-lgbtq-resources-and-organizations/
YP-0445,13,Kent,academic_support;career;career_readiness;case_management;education;employment;general_support;homelessness;housing;independent_living;job_training;paid_work,R046,Junior Achievement of Delaware,Financial Literacy & Career,Statewide,5,18,career_readiness,12,Medium,School/community program inquiry,https://delaware.ja.org/
YP-0445,13,Kent,academic_support;career;career_readiness;case_management;education;employment;general_support;homelessness;housing;independent_living;job_training;paid_work,R042,Mental Health Association in Delaware,Mental Health,Statewide,0,99,education,12,Medium,Program inquiry / referral,https://www.mhainde.org/
YP-0446,17,New Castle,career;career_pathway;education;employment;general_support;job_training;paid_work;postsecondary,R022,West End Education and Employment Department,Employment & Education,New Castle,16,24,career_pathway;paid_work;postsecondary,33,High,Program inquiry,https://westendnh.org/programs/academic-education/
YP-0446,17,New Castle,career;career_pathway;education;employment;general_support;job_training;paid_work;postsecondary,R007,Delaware 211,Resource Navigation,Statewide,0,99,education;general_support,23,High,"Call 211, text zip code to 898-211, or use website",https://delaware211.org/
YP-0446,17,New Castle,career;career_pathway;education;employment;general_support;job_training;paid_work;postsecondary,R003,West End Neighborhood House Life Lines,Housing & Case Management,Statewide,16,23,education;employment,23,High,Referral or program inquiry,https://westendnh.org/programs/life-lines/
YP-0446,17,New Castle,career;career_pathway;education;employment;general_support;job_training;paid_work;postsecondary,R016,The Warehouse,Teen Center / Engagement,New Castle,13,24,education;employment,22,Medium,Membership / program enrollment,https://teenwarehouse.org/
YP-0446,17,New Castle,career;career_pathway;education;employment;general_support;job_training;paid_work;postsecondary,R025,Delaware Department of Labor - Vocational Rehabilitation Transition Services,Disability / Employment,Statewide,14,24,employment,13,High,DVR referral / school referral,https://labor.delaware.gov/divisions/dvr/transition-services/
YP-0447,18,New Castle,career;career_pathway;college;employment;general_support;independent_living;job_training;paid_work;postsecondary;young_adults,R022,West End Education and Employment Department,Employment & Education,New Castle,16,24,career_pathway;paid_work;postsecondary,33,High,Program inquiry,https://westendnh.org/programs/academic-education/
YP-0447,18,New Castle,career;career_pathway;college;employment;general_support;independent_living;job_training;paid_work;postsecondary;young_adults,R002,DSCYF ASSIST / Aftercare 18-21,Aftercare,Statewide,18,21,independent_living,13,High,Caseworker/DFS referral,https://kids.delaware.gov/family-services/il-provider-resources/
YP-0447,18,New Castle,career;career_pathway;college;employment;general_support;independent_living;job_training;paid_work;postsecondary;young_adults,R007,Delaware 211,Resource Navigation,Statewide,0,99,general_support,13,High,"Call 211, text zip code to 898-211, or use website",https://delaware211.org/
YP-0447,18,New Castle,career;career_pathway;college;employment;general_support;independent_living;job_training;paid_work;postsecondary;young_adults,R025,Delaware Department of Labor - Vocational Rehabilitation Transition Services,Disability / Employment,Statewide,14,24,employment,13,High,DVR referral / school referral,https://labor.delaware.gov/divisions/dvr/transition-services/
YP-0447,18,New Castle,career;career_pathway;college;employment;general_support;independent_living;job_training;paid_work;postsecondary;young_adults,R009,Foster Care Tuition Waiver Program,Education Funding,Statewide,18,26,college,13,High,Eligibility application / caseworker support,https://kids.delaware.gov/family-services/foster-care-tuition-waiver-program/
YP-0448,16,Kent,academic_support;career;career_readiness;case_management;education;employment;financial_literacy;general_support;job_training;life_skills;paid_work;transition_support,R003,West End Neighborhood House Life Lines,Housing & Case Management,Statewide,16,23,case_management;education;employment;financial_literacy;life_skills,53,High,Referral or program inquiry,https://westendnh.org/programs/life-lines/
YP-0448,16,Kent,academic_support;career;career_readiness;case_management;education;employment;financial_literacy;general_support;job_training;life_skills;paid_work;transition_support,R005,People's Place Independent Living,Independent Living,Statewide,16,23,case_management;life_skills;transition_support,33,High,DFS referral or self-referral for 18-23,https://peoplesplace2.com/services/independent-living
YP-0448,16,Kent,academic_support;career;career_readiness;case_management;education;employment;financial_literacy;general_support;job_training;life_skills;paid_work;transition_support,R001,DSCYF Independent Living Services,Independent Living,Statewide,14,21,life_skills;transition_support,23,High,Caseworker/DFS referral,https://kids.delaware.gov/family-services/independent-living/
YP-0448,16,Kent,academic_support;career;career_readiness;case_management;education;employment;financial_literacy;general_support;job_training;life_skills;paid_work;transition_support,R007,Delaware 211,Resource Navigation,Statewide,0,99,education;general_support,23,High,"Call 211, text zip code to 898-211, or use website",https://delaware211.org/
YP-0448,16,Kent,academic_support;career;career_readiness;case_management;education;employment;financial_literacy;general_support;job_training;life_skills;paid_work;transition_support,R018,Boys & Girls Clubs of Delaware - Education and Career,Education & Career,Statewide,6,18,academic_support;career,22,Medium,Join local club / program inquiry,https://www.bgclubs.org/education-and-career
YP-0449,14,New Castle,GED;career;credentials;education;employment;general_support;job_training;paid_work;postsecondary,R007,Delaware 211,Resource Navigation,Statewide,0,99,education;general_support,23,High,"Call 211, text zip code to 898-211, or use website",https://delaware211.org/
YP-0449,14,New Castle,GED;career;credentials;education;employment;general_support;job_training;paid_work;postsecondary,R016,The Warehouse,Teen Center / Engagement,New Castle,13,24,education;employment,22,Medium,Membership / program enrollment,https://teenwarehouse.org/
YP-0449,14,New Castle,GED;career;credentials;education;employment;general_support;job_training;paid_work;postsecondary,R025,Delaware Department of Labor - Vocational Rehabilitation Transition Services,Disability / Employment,Statewide,14,24,employment,13,High,DVR referral / school referral,https://labor.delaware.gov/divisions/dvr/transition-services/
YP-0449,14,New Castle,GED;career;credentials;education;employment;general_support;job_training;paid_work;postsecondary,R018,Boys & Girls Clubs of Delaware - Education and Career,Education & Career,Statewide,6,18,career,12,Medium,Join local club / program inquiry,https://www.bgclubs.org/education-and-career
YP-0449,14,New Castle,GED;career;credentials;education;employment;general_support;job_training;paid_work;postsecondary,R055,Delaware LGBTQ+ Resources and Organizations,LGBTQ+ Support,Statewide,0,99,education,12,Medium,Resource navigation,https://history.delaware.gov/lgbtq-history/local-lgbtq-resources-and-organizations/
YP-0450,19,New Castle,career_pathway;case_management;education;financial_literacy;general_support;homelessness;housing;independent_living;life_skills;postsecondary;transition_support;young_adults,R003,West End Neighborhood House Life Lines,Housing & Case Management,Statewide,16,23,case_management;education;financial_literacy;housing;life_skills,53,High,Referral or program inquiry,https://westendnh.org/programs/life-lines/
YP-0450,19,New Castle,career_pathway;case_management;education;financial_literacy;general_support;homelessness;housing;independent_living;life_skills;postsecondary;transition_support;young_adults,R001,DSCYF Independent Living Services,Independent Living,Statewide,14,21,housing;life_skills;transition_support,33,High,Caseworker/DFS referral,https://kids.delaware.gov/family-services/independent-living/
YP-0450,19,New Castle,career_pathway;case_management;education;financial_literacy;general_support;homelessness;housing;independent_living;life_skills;postsecondary;transition_support;young_adults,R007,Delaware 211,Resource Navigation,Statewide,0,99,education;general_support;housing,33,High,"Call 211, text zip code to 898-211, or use website",https://delaware211.org/
YP-0450,19,New Castle,career_pathway;case_management;education;financial_literacy;general_support;homelessness;housing;independent_living;life_skills;postsecondary;transition_support;young_adults,R005,People's Place Independent Living,Independent Living,Statewide,16,23,case_management;life_skills;transition_support,33,High,DFS referral or self-referral for 18-23,https://peoplesplace2.com/services/independent-living
YP-0450,19,New Castle,career_pathway;case_management;education;financial_literacy;general_support;homelessness;housing;independent_living;life_skills;postsecondary;transition_support;young_adults,R002,DSCYF ASSIST / Aftercare 18-21,Aftercare,Statewide,18,21,housing;independent_living,23,High,Caseworker/DFS referral,https://kids.delaware.gov/family-services/il-provider-resources/
YP-0451,16,New Castle,academic_support;career;career_readiness;case_management;education;employment;general_support;homelessness;housing;job_training;paid_work,R003,West End Neighborhood House Life Lines,Housing & Case Management,Statewide,16,23,case_management;education;employment;housing,43,High,Referral or program inquiry,https://westendnh.org/programs/life-lines/
YP-0451,16,New Castle,academic_support;career;career_readiness;case_management;education;employment;general_support;homelessness;housing;job_training;paid_work,R007,Delaware 211,Resource Navigation,Statewide,0,99,education;general_support;housing,33,High,"Call 211, text zip code to 898-211, or use website",https://delaware211.org/
YP-0451,16,New Castle,academic_support;career;career_readiness;case_management;education;employment;general_support;homelessness;housing;job_training;paid_work,R018,Boys & Girls Clubs of Delaware - Education and Career,Education & Career,Statewide,6,18,academic_support;career,22,Medium,Join local club / program inquiry,https://www.bgclubs.org/education-and-career
YP-0451,16,New Castle,academic_support;career;career_readiness;case_management;education;employment;general_support;homelessness;housing;job_training;paid_work,R016,The Warehouse,Teen Center / Engagement,New Castle,13,24,education;employment,22,Medium,Membership / program enrollment,https://teenwarehouse.org/
YP-0451,16,New Castle,academic_support;career;career_readiness;case_management;education;employment;general_support;homelessness;housing;job_training;paid_work,R001,DSCYF Independent Living Services,Independent Living,Statewide,14,21,housing,13,High,Caseworker/DFS referral,https://kids.delaware.gov/family-services/independent-living/
YP-0452,13,New Castle,academic_support;career;career_readiness;case_management;education;employment;general_support;homelessness;housing;independent_living;professional_skills;resume,R007,Delaware 211,Resource Navigation,Statewide,0,99,education;general_support;housing,33,High,"Call 211, text zip code to 898-211, or use website",https://delaware211.org/
YP-0452,13,New Castle,academic_support;career;career_readiness;case_management;education;employment;general_support;homelessness;housing;independent_living;professional_skills;resume,R018,Boys & Girls Clubs of Delaware - Education and Career,Education & Career,Statewide,6,18,academic_support;career,22,Medium,Join local club / program inquiry,https://www.bgclubs.org/education-and-career
YP-0452,13,New Castle,academic_support;career;career_readiness;case_management;education;employment;general_support;homelessness;housing;independent_living;professional_skills;resume,R016,The Warehouse,Teen Center / Engagement,New Castle,13,24,education;employment,22,Medium,Membership / program enrollment,https://teenwarehouse.org/
YP-0452,13,New Castle,academic_support;career;career_readiness;case_management;education;employment;general_support;homelessness;housing;independent_living;professional_skills;resume,R055,Delaware LGBTQ+ Resources and Organizations,LGBTQ+ Support,Statewide,0,99,education,12,Medium,Resource navigation,https://history.delaware.gov/lgbtq-history/local-lgbtq-resources-and-organizations/
YP-0452,13,New Castle,academic_support;career;career_readiness;case_management;education;employment;general_support;homelessness;housing;independent_living;professional_skills;resume,R046,Junior Achievement of Delaware,Financial Literacy & Career,Statewide,5,18,career_readiness,12,Medium,School/community program inquiry,https://delaware.ja.org/
YP-0453,19,New Castle,career;career_pathway;college;employment;general_support;independent_living;postsecondary;professional_skills;resume;young_adults,R022,West End Education and Employment Department,Employment & Education,New Castle,16,24,career_pathway;postsecondary,23,High,Program inquiry,https://westendnh.org/programs/academic-education/
YP-0453,19,New Castle,career;career_pathway;college;employment;general_support;independent_living;postsecondary;professional_skills;resume;young_adults,R019,YMCA of Delaware Teen Workforce Development,Employment,Statewide,15,19,professional_skills;resume,23,High,Interest form / program enrollment,https://www.ymcade.org/teen-workforce-development/
YP-0453,19,New Castle,career;career_pathway;college;employment;general_support;independent_living;postsecondary;professional_skills;resume;young_adults,R002,DSCYF ASSIST / Aftercare 18-21,Aftercare,Statewide,18,21,independent_living,13,High,Caseworker/DFS referral,https://kids.delaware.gov/family-services/il-provider-resources/
YP-0453,19,New Castle,career;career_pathway;college;employment;general_support;independent_living;postsecondary;professional_skills;resume;young_adults,R007,Delaware 211,Resource Navigation,Statewide,0,99,general_support,13,High,"Call 211, text zip code to 898-211, or use website",https://delaware211.org/
YP-0453,19,New Castle,career;career_pathway;college;employment;general_support;independent_living;postsecondary;professional_skills;resume;young_adults,R025,Delaware Department of Labor - Vocational Rehabilitation Transition Services,Disability / Employment,Statewide,14,24,employment,13,High,DVR referral / school referral,https://labor.delaware.gov/divisions/dvr/transition-services/
YP-0454,19,Kent,career_pathway;education;general_support;independent_living;postsecondary;young_adults,R007,Delaware 211,Resource Navigation,Statewide,0,99,education;general_support,23,High,"Call 211, text zip code to 898-211, or use website",https://delaware211.org/
YP-0454,19,Kent,career_pathway;education;general_support;independent_living;postsecondary;young_adults,R002,DSCYF ASSIST / Aftercare 18-21,Aftercare,Statewide,18,21,independent_living,13,High,Caseworker/DFS referral,https://kids.delaware.gov/family-services/il-provider-resources/
YP-0454,19,Kent,career_pathway;education;general_support;independent_living;postsecondary;young_adults,R003,West End Neighborhood House Life Lines,Housing & Case Management,Statewide,16,23,education,13,High,Referral or program inquiry,https://westendnh.org/programs/life-lines/
YP-0454,19,Kent,career_pathway;education;general_support;independent_living;postsecondary;young_adults,R011,Delaware Courts Scholarships for Foster Care Alumni,Education Funding,Statewide,18,26,postsecondary,12,Medium,Application support,https://courts.delaware.gov/childadvocate/scholarships.aspx
YP-0454,19,Kent,career_pathway;education;general_support;independent_living;postsecondary;young_adults,R055,Delaware LGBTQ+ Resources and Organizations,LGBTQ+ Support,Statewide,0,99,education,12,Medium,Resource navigation,https://history.delaware.gov/lgbtq-history/local-lgbtq-resources-and-organizations/
YP-0455,17,Sussex,career;career_pathway;case_management;college;employment;financial_literacy;general_support;homelessness;housing;independent_living;internship;life_skills;postsecondary;professional_skills;transition_support,R003,West End Neighborhood House Life Lines,Housing & Case Management,Statewide,16,23,case_management;employment;financial_literacy;housing;life_skills,53,High,Referral or program inquiry,https://westendnh.org/programs/life-lines/
YP-0455,17,Sussex,career;career_pathway;case_management;college;employment;financial_literacy;general_support;homelessness;housing;independent_living;internship;life_skills;postsecondary;professional_skills;transition_support,R001,DSCYF Independent Living Services,Independent Living,Statewide,14,21,housing;life_skills;transition_support,33,High,Caseworker/DFS referral,https://kids.delaware.gov/family-services/independent-living/
YP-0455,17,Sussex,career;career_pathway;case_management;college;employment;financial_literacy;general_support;homelessness;housing;independent_living;internship;life_skills;postsecondary;professional_skills;transition_support,R005,People's Place Independent Living,Independent Living,Statewide,16,23,case_management;life_skills;transition_support,33,High,DFS referral or self-referral for 18-23,https://peoplesplace2.com/services/independent-living
YP-0455,17,Sussex,career;career_pathway;case_management;college;employment;financial_literacy;general_support;homelessness;housing;independent_living;internship;life_skills;postsecondary;professional_skills;transition_support,R007,Delaware 211,Resource Navigation,Statewide,0,99,general_support;housing,23,High,"Call 211, text zip code to 898-211, or use website",https://delaware211.org/
YP-0455,17,Sussex,career;career_pathway;case_management;college;employment;financial_literacy;general_support;homelessness;housing;independent_living;internship;life_skills;postsecondary;professional_skills;transition_support,R019,YMCA of Delaware Teen Workforce Development,Employment,Statewide,15,19,internship;professional_skills,23,High,Interest form / program enrollment,https://www.ymcade.org/teen-workforce-development/
YP-0456,16,New Castle,academic_support;career_readiness;case_management;education;general_support;homelessness;housing,R007,Delaware 211,Resource Navigation,Statewide,0,99,education;general_support;housing,33,High,"Call 211, text zip code to 898-211, or use website",https://delaware211.org/
YP-0456,16,New Castle,academic_support;career_readiness;case_management;education;general_support;homelessness;housing,R003,West End Neighborhood House Life Lines,Housing & Case Management,Statewide,16,23,case_management;education;housing,33,High,Referral or program inquiry,https://westendnh.org/programs/life-lines/
YP-0456,16,New Castle,academic_support;career_readiness;case_management;education;general_support;homelessness;housing,R001,DSCYF Independent Living Services,Independent Living,Statewide,14,21,housing,13,High,Caseworker/DFS referral,https://kids.delaware.gov/family-services/independent-living/
YP-0456,16,New Castle,academic_support;career_readiness;case_management;education;general_support;homelessness;housing,R005,People's Place Independent Living,Independent Living,Statewide,16,23,case_management,13,High,DFS referral or self-referral for 18-23,https://peoplesplace2.com/services/independent-living
YP-0456,16,New Castle,academic_support;career_readiness;case_management;education;general_support;homelessness;housing,R018,Boys & Girls Clubs of Delaware - Education and Career,Education & Career,Statewide,6,18,academic_support,12,Medium,Join local club / program inquiry,https://www.bgclubs.org/education-and-career
YP-0457,18,Sussex,career;career_pathway;case_management;education;employment;financial_literacy;general_support;homelessness;housing;independent_living;job_training;life_skills;paid_work;postsecondary;transition_support;young_adults,R003,West End Neighborhood House Life Lines,Housing & Case Management,Statewide,16,23,case_management;education;employment;financial_literacy;housing;life_skills,63,High,Referral or program inquiry,https://westendnh.org/programs/life-lines/
YP-0457,18,Sussex,career;career_pathway;case_management;education;employment;financial_literacy;general_support;homelessness;housing;independent_living;job_training;life_skills;paid_work;postsecondary;transition_support;young_adults,R001,DSCYF Independent Living Services,Independent Living,Statewide,14,21,housing;life_skills;transition_support,33,High,Caseworker/DFS referral,https://kids.delaware.gov/family-services/independent-living/
YP-0457,18,Sussex,career;career_pathway;case_management;education;employment;financial_literacy;general_support;homelessness;housing;independent_living;job_training;life_skills;paid_work;postsecondary;transition_support;young_adults,R007,Delaware 211,Resource Navigation,Statewide,0,99,education;general_support;housing,33,High,"Call 211, text zip code to 898-211, or use website",https://delaware211.org/
YP-0457,18,Sussex,career;career_pathway;case_management;education;employment;financial_literacy;general_support;homelessness;housing;independent_living;job_training;life_skills;paid_work;postsecondary;transition_support;young_adults,R005,People's Place Independent Living,Independent Living,Statewide,16,23,case_management;life_skills;transition_support,33,High,DFS referral or self-referral for 18-23,https://peoplesplace2.com/services/independent-living
YP-0457,18,Sussex,career;career_pathway;case_management;education;employment;financial_literacy;general_support;homelessness;housing;independent_living;job_training;life_skills;paid_work;postsecondary;transition_support;young_adults,R002,DSCYF ASSIST / Aftercare 18-21,Aftercare,Statewide,18,21,housing;independent_living,23,High,Caseworker/DFS referral,https://kids.delaware.gov/family-services/il-provider-resources/
YP-0458,19,New Castle,GED;career;case_management;credentials;education;employment;financial_literacy;general_support;homelessness;housing;independent_living;job_training;life_skills;paid_work;postsecondary;transition_support;young_adults,R003,West End Neighborhood House Life Lines,Housing & Case Management,Statewide,16,23,case_management;education;employment;financial_literacy;housing;life_skills,63,High,Referral or program inquiry,https://westendnh.org/programs/life-lines/
YP-0458,19,New Castle,GED;career;case_management;credentials;education;employment;financial_literacy;general_support;homelessness;housing;independent_living;job_training;life_skills;paid_work;postsecondary;transition_support;young_adults,R022,West End Education and Employment Department,Employment & Education,New Castle,16,24,GED;credentials;paid_work;postsecondary,43,High,Program inquiry,https://westendnh.org/programs/academic-education/
YP-0458,19,New Castle,GED;career;case_management;credentials;education;employment;financial_literacy;general_support;homelessness;housing;independent_living;job_training;life_skills;paid_work;postsecondary;transition_support;young_adults,R001,DSCYF Independent Living Services,Independent Living,Statewide,14,21,housing;life_skills;transition_support,33,High,Caseworker/DFS referral,https://kids.delaware.gov/family-services/independent-living/
YP-0458,19,New Castle,GED;career;case_management;credentials;education;employment;financial_literacy;general_support;homelessness;housing;independent_living;job_training;life_skills;paid_work;postsecondary;transition_support;young_adults,R007,Delaware 211,Resource Navigation,Statewide,0,99,education;general_support;housing,33,High,"Call 211, text zip code to 898-211, or use website",https://delaware211.org/
YP-0458,19,New Castle,GED;career;case_management;credentials;education;employment;financial_literacy;general_support;homelessness;housing;independent_living;job_training;life_skills;paid_work;postsecondary;transition_support;young_adults,R005,People's Place Independent Living,Independent Living,Statewide,16,23,case_management;life_skills;transition_support,33,High,DFS referral or self-referral for 18-23,https://peoplesplace2.com/services/independent-living
YP-0459,19,New Castle,GED;case_management;credentials;education;general_support;homelessness;housing;independent_living;postsecondary;young_adults,R007,Delaware 211,Resource Navigation,Statewide,0,99,education;general_support;housing,33,High,"Call 211, text zip code to 898-211, or use website",https://delaware211.org/
YP-0459,19,New Castle,GED;case_management;credentials;education;general_support;homelessness;housing;independent_living;postsecondary;young_adults,R022,West End Education and Employment Department,Employment & Education,New Castle,16,24,GED;credentials;postsecondary,33,High,Program inquiry,https://westendnh.org/programs/academic-education/
YP-0459,19,New Castle,GED;case_management;credentials;education;general_support;homelessness;housing;independent_living;postsecondary;young_adults,R003,West End Neighborhood House Life Lines,Housing & Case Management,Statewide,16,23,case_management;education;housing,33,High,Referral or program inquiry,https://westendnh.org/programs/life-lines/
YP-0459,19,New Castle,GED;case_management;credentials;education;general_support;homelessness;housing;independent_living;postsecondary;young_adults,R002,DSCYF ASSIST / Aftercare 18-21,Aftercare,Statewide,18,21,housing;independent_living,23,High,Caseworker/DFS referral,https://kids.delaware.gov/family-services/il-provider-resources/
YP-0459,19,New Castle,GED;case_management;credentials;education;general_support;homelessness;housing;independent_living;postsecondary;young_adults,R004,West End Life Lines Transitional Housing,Housing,Statewide,18,23,case_management;homelessness,23,High,Referral / eligibility screening,https://westendnh.org/programs/life-lines-programs/
YP-0460,17,New Castle,career;career_pathway;case_management;college;employment;general_support;homelessness;housing;independent_living;postsecondary;professional_skills;resume,R003,West End Neighborhood House Life Lines,Housing & Case Management,Statewide,16,23,case_management;employment;housing,33,High,Referral or program inquiry,https://westendnh.org/programs/life-lines/
YP-0460,17,New Castle,career;career_pathway;case_management;college;employment;general_support;homelessness;housing;independent_living;postsecondary;professional_skills;resume,R007,Delaware 211,Resource Navigation,Statewide,0,99,general_support;housing,23,High,"Call 211, text zip code to 898-211, or use website",https://delaware211.org/
YP-0460,17,New Castle,career;career_pathway;case_management;college;employment;general_support;homelessness;housing;independent_living;postsecondary;professional_skills;resume,R022,West End Education and Employment Department,Employment & Education,New Castle,16,24,career_pathway;postsecondary,23,High,Program inquiry,https://westendnh.org/programs/academic-education/
YP-0460,17,New Castle,career;career_pathway;case_management;college;employment;general_support;homelessness;housing;independent_living;postsecondary;professional_skills;resume,R019,YMCA of Delaware Teen Workforce Development,Employment,Statewide,15,19,professional_skills;resume,23,High,Interest form / program enrollment,https://www.ymcade.org/teen-workforce-development/
YP-0460,17,New Castle,career;career_pathway;case_management;college;employment;general_support;homelessness;housing;independent_living;postsecondary;professional_skills;resume,R001,DSCYF Independent Living Services,Independent Living,Statewide,14,21,housing,13,High,Caseworker/DFS referral,https://kids.delaware.gov/family-services/independent-living/
YP-0461,15,Kent,career_pathway;case_management;college;financial_literacy;general_support;homelessness;housing;independent_living;life_skills;postsecondary;transition_support,R001,DSCYF Independent Living Services,Independent Living,Statewide,14,21,housing;life_skills;transition_support,33,High,Caseworker/DFS referral,https://kids.delaware.gov/family-services/independent-living/
YP-0461,15,Kent,career_pathway;case_management;college;financial_literacy;general_support;homelessness;housing;independent_living;life_skills;postsecondary;transition_support,R007,Delaware 211,Resource Navigation,Statewide,0,99,general_support;housing,23,High,"Call 211, text zip code to 898-211, or use website",https://delaware211.org/
YP-0461,15,Kent,career_pathway;case_management;college;financial_literacy;general_support;homelessness;housing;independent_living;life_skills;postsecondary;transition_support,R027,Independent Resources Inc. Youth Transition Life Skills Program,Disability / Life Skills,Statewide,14,28,life_skills,12,Medium,Program inquiry / referral,https://www.iri-delaware.org/iri/25-transition-life-skills-program/
YP-0461,15,Kent,career_pathway;case_management;college;financial_literacy;general_support;homelessness;housing;independent_living;life_skills;postsecondary;transition_support,R046,Junior Achievement of Delaware,Financial Literacy & Career,Statewide,5,18,financial_literacy,12,Medium,School/community program inquiry,https://delaware.ja.org/
YP-0461,15,Kent,career_pathway;case_management;college;financial_literacy;general_support;homelessness;housing;independent_living;life_skills;postsecondary;transition_support,R061,Delaware Parent Resources - Higher Education Guide,Education Navigation,Statewide,14,24,college,11,Low,Website navigation / caseworker support,https://delaware.gov/guides/parent-resources/
YP-0462,13,New Castle,academic_support;career;career_readiness;case_management;education;employment;financial_literacy;general_support;job_training;life_skills;paid_work;transition_support,R007,Delaware 211,Resource Navigation,Statewide,0,99,education;general_support,23,High,"Call 211, text zip code to 898-211, or use website",https://delaware211.org/
YP-0462,13,New Castle,academic_support;career;career_readiness;case_management;education;employment;financial_literacy;general_support;job_training;life_skills;paid_work;transition_support,R018,Boys & Girls Clubs of Delaware - Education and Career,Education & Career,Statewide,6,18,academic_support;career,22,Medium,Join local club / program inquiry,https://www.bgclubs.org/education-and-career
YP-0462,13,New Castle,academic_support;career;career_readiness;case_management;education;employment;financial_literacy;general_support;job_training;life_skills;paid_work;transition_support,R046,Junior Achievement of Delaware,Financial Literacy & Career,Statewide,5,18,career_readiness;financial_literacy,22,Medium,School/community program inquiry,https://delaware.ja.org/
YP-0462,13,New Castle,academic_support;career;career_readiness;case_management;education;employment;financial_literacy;general_support;job_training;life_skills;paid_work;transition_support,R016,The Warehouse,Teen Center / Engagement,New Castle,13,24,education;employment,22,Medium,Membership / program enrollment,https://teenwarehouse.org/
YP-0462,13,New Castle,academic_support;career;career_readiness;case_management;education;employment;financial_literacy;general_support;job_training;life_skills;paid_work;transition_support,R055,Delaware LGBTQ+ Resources and Organizations,LGBTQ+ Support,Statewide,0,99,education,12,Medium,Resource navigation,https://history.delaware.gov/lgbtq-history/local-lgbtq-resources-and-organizations/
YP-0463,15,Sussex,career;career_pathway;case_management;college;community;employment;general_support;homelessness;housing;independent_living;job_training;mentorship;paid_work;positive_adult;postsecondary,R017,Big Brothers Big Sisters of Delaware,Mentorship,Statewide,6,18,mentorship;positive_adult,23,High,Enroll youth / mentor match inquiry,https://bbbsde.org/
YP-0463,15,Sussex,career;career_pathway;case_management;college;community;employment;general_support;homelessness;housing;independent_living;job_training;mentorship;paid_work;positive_adult;postsecondary,R001,DSCYF Independent Living Services,Independent Living,Statewide,14,21,housing;mentorship,23,High,Caseworker/DFS referral,https://kids.delaware.gov/family-services/independent-living/
YP-0463,15,Sussex,career;career_pathway;case_management;college;community;employment;general_support;homelessness;housing;independent_living;job_training;mentorship;paid_work;positive_adult;postsecondary,R007,Delaware 211,Resource Navigation,Statewide,0,99,general_support;housing,23,High,"Call 211, text zip code to 898-211, or use website",https://delaware211.org/
YP-0463,15,Sussex,career;career_pathway;case_management;college;community;employment;general_support;homelessness;housing;independent_living;job_training;mentorship;paid_work;positive_adult;postsecondary,R025,Delaware Department of Labor - Vocational Rehabilitation Transition Services,Disability / Employment,Statewide,14,24,employment,13,High,DVR referral / school referral,https://labor.delaware.gov/divisions/dvr/transition-services/
YP-0463,15,Sussex,career;career_pathway;case_management;college;community;employment;general_support;homelessness;housing;independent_living;job_training;mentorship;paid_work;positive_adult;postsecondary,R018,Boys & Girls Clubs of Delaware - Education and Career,Education & Career,Statewide,6,18,career,12,Medium,Join local club / program inquiry,https://www.bgclubs.org/education-and-career
YP-0464,15,New Castle,academic_support;career;career_readiness;community;education;employment;general_support;job_training;mentorship;paid_work;positive_adult,R016,The Warehouse,Teen Center / Engagement,New Castle,13,24,community;education;employment;mentorship,42,Medium,Membership / program enrollment,https://teenwarehouse.org/
YP-0464,15,New Castle,academic_support;career;career_readiness;community;education;employment;general_support;job_training;mentorship;paid_work;positive_adult,R017,Big Brothers Big Sisters of Delaware,Mentorship,Statewide,6,18,mentorship;positive_adult,23,High,Enroll youth / mentor match inquiry,https://bbbsde.org/
YP-0464,15,New Castle,academic_support;career;career_readiness;community;education;employment;general_support;job_training;mentorship;paid_work;positive_adult,R007,Delaware 211,Resource Navigation,Statewide,0,99,education;general_support,23,High,"Call 211, text zip code to 898-211, or use website",https://delaware211.org/
YP-0464,15,New Castle,academic_support;career;career_readiness;community;education;employment;general_support;job_training;mentorship;paid_work;positive_adult,R018,Boys & Girls Clubs of Delaware - Education and Career,Education & Career,Statewide,6,18,academic_support;career,22,Medium,Join local club / program inquiry,https://www.bgclubs.org/education-and-career
YP-0464,15,New Castle,academic_support;career;career_readiness;community;education;employment;general_support;job_training;mentorship;paid_work;positive_adult,R001,DSCYF Independent Living Services,Independent Living,Statewide,14,21,mentorship,13,High,Caseworker/DFS referral,https://kids.delaware.gov/family-services/independent-living/
YP-0465,15,New Castle,career;career_pathway;case_management;college;employment;general_support;homelessness;housing;independent_living;job_training;paid_work;postsecondary,R007,Delaware 211,Resource Navigation,Statewide,0,99,general_support;housing,23,High,"Call 211, text zip code to 898-211, or use website",https://delaware211.org/
YP-0465,15,New Castle,career;career_pathway;case_management;college;employment;general_support;homelessness;housing;independent_living;job_training;paid_work;postsecondary,R001,DSCYF Independent Living Services,Independent Living,Statewide,14,21,housing,13,High,Caseworker/DFS referral,https://kids.delaware.gov/family-services/independent-living/
YP-0465,15,New Castle,career;career_pathway;case_management;college;employment;general_support;homelessness;housing;independent_living;job_training;paid_work;postsecondary,R025,Delaware Department of Labor - Vocational Rehabilitation Transition Services,Disability / Employment,Statewide,14,24,employment,13,High,DVR referral / school referral,https://labor.delaware.gov/divisions/dvr/transition-services/
YP-0465,15,New Castle,career;career_pathway;case_management;college;employment;general_support;homelessness;housing;independent_living;job_training;paid_work;postsecondary,R018,Boys & Girls Clubs of Delaware - Education and Career,Education & Career,Statewide,6,18,career,12,Medium,Join local club / program inquiry,https://www.bgclubs.org/education-and-career
YP-0465,15,New Castle,career;career_pathway;case_management;college;employment;general_support;homelessness;housing;independent_living;job_training;paid_work;postsecondary,R020,New Castle County Youth Workforce Development Program,Employment,New Castle,14,21,paid_work,12,Medium,Application,https://www.newcastlede.gov/859/Youth-Workforce-Development-Program
YP-0466,16,Sussex,academic_support;career_readiness;education;general_support,R007,Delaware 211,Resource Navigation,Statewide,0,99,education;general_support,23,High,"Call 211, text zip code to 898-211, or use website",https://delaware211.org/
YP-0466,16,Sussex,academic_support;career_readiness;education;general_support,R003,West End Neighborhood House Life Lines,Housing & Case Management,Statewide,16,23,education,13,High,Referral or program inquiry,https://westendnh.org/programs/life-lines/
YP-0466,16,Sussex,academic_support;career_readiness;education;general_support,R018,Boys & Girls Clubs of Delaware - Education and Career,Education & Career,Statewide,6,18,academic_support,12,Medium,Join local club / program inquiry,https://www.bgclubs.org/education-and-career
YP-0466,16,Sussex,academic_support;career_readiness;education;general_support,R055,Delaware LGBTQ+ Resources and Organizations,LGBTQ+ Support,Statewide,0,99,education,12,Medium,Resource navigation,https://history.delaware.gov/lgbtq-history/local-lgbtq-resources-and-organizations/
YP-0466,16,Sussex,academic_support;career_readiness;education;general_support,R024,Jobs for Delaware Graduates,Education & Employment,Statewide,14,21,career_readiness,12,Medium,School/program referral,https://jobsdegrads.org/
YP-0467,17,Sussex,academic_support;career;career_readiness;case_management;education;employment;financial_literacy;general_support;homelessness;housing;independent_living;job_training;life_skills;paid_work;transition_support,R003,West End Neighborhood House Life Lines,Housing & Case Management,Statewide,16,23,case_management;education;employment;financial_literacy;housing;life_skills,63,High,Referral or program inquiry,https://westendnh.org/programs/life-lines/
YP-0467,17,Sussex,academic_support;career;career_readiness;case_management;education;employment;financial_literacy;general_support;homelessness;housing;independent_living;job_training;life_skills;paid_work;transition_support,R001,DSCYF Independent Living Services,Independent Living,Statewide,14,21,housing;life_skills;transition_support,33,High,Caseworker/DFS referral,https://kids.delaware.gov/family-services/independent-living/
YP-0467,17,Sussex,academic_support;career;career_readiness;case_management;education;employment;financial_literacy;general_support;homelessness;housing;independent_living;job_training;life_skills;paid_work;transition_support,R007,Delaware 211,Resource Navigation,Statewide,0,99,education;general_support;housing,33,High,"Call 211, text zip code to 898-211, or use website",https://delaware211.org/
YP-0467,17,Sussex,academic_support;career;career_readiness;case_management;education;employment;financial_literacy;general_support;homelessness;housing;independent_living;job_training;life_skills;paid_work;transition_support,R005,People's Place Independent Living,Independent Living,Statewide,16,23,case_management;life_skills;transition_support,33,High,DFS referral or self-referral for 18-23,https://peoplesplace2.com/services/independent-living
YP-0467,17,Sussex,academic_support;career;career_readiness;case_management;education;employment;financial_literacy;general_support;homelessness;housing;independent_living;job_training;life_skills;paid_work;transition_support,R018,Boys & Girls Clubs of Delaware - Education and Career,Education & Career,Statewide,6,18,academic_support;career,22,Medium,Join local club / program inquiry,https://www.bgclubs.org/education-and-career
YP-0468,13,New Castle,academic_support;career;career_readiness;case_management;community;education;employment;general_support;homelessness;housing;independent_living;job_training;mentorship;paid_work;positive_adult,R016,The Warehouse,Teen Center / Engagement,New Castle,13,24,community;education;employment;mentorship,42,Medium,Membership / program enrollment,https://teenwarehouse.org/
YP-0468,13,New Castle,academic_support;career;career_readiness;case_management;community;education;employment;general_support;homelessness;housing;independent_living;job_training;mentorship;paid_work;positive_adult,R007,Delaware 211,Resource Navigation,Statewide,0,99,education;general_support;housing,33,High,"Call 211, text zip code to 898-211, or use website",https://delaware211.org/
YP-0468,13,New Castle,academic_support;career;career_readiness;case_management;community;education;employment;general_support;homelessness;housing;independent_living;job_training;mentorship;paid_work;positive_adult,R017,Big Brothers Big Sisters of Delaware,Mentorship,Statewide,6,18,mentorship;positive_adult,23,High,Enroll youth / mentor match inquiry,https://bbbsde.org/
YP-0468,13,New Castle,academic_support;career;career_readiness;case_management;community;education;employment;general_support;homelessness;housing;independent_living;job_training;mentorship;paid_work;positive_adult,R018,Boys & Girls Clubs of Delaware - Education and Career,Education & Career,Statewide,6,18,academic_support;career,22,Medium,Join local club / program inquiry,https://www.bgclubs.org/education-and-career
YP-0468,13,New Castle,academic_support;career;career_readiness;case_management;community;education;employment;general_support;homelessness;housing;independent_living;job_training;mentorship;paid_work;positive_adult,R055,Delaware LGBTQ+ Resources and Organizations,LGBTQ+ Support,Statewide,0,99,education,12,Medium,Resource navigation,https://history.delaware.gov/lgbtq-history/local-lgbtq-resources-and-organizations/
YP-0469,15,New Castle,career;career_pathway;college;employment;general_support;job_training;paid_work;postsecondary,R007,Delaware 211,Resource Navigation,Statewide,0,99,general_support,13,High,"Call 211, text zip code to 898-211, or use website",https://delaware211.org/
YP-0469,15,New Castle,career;career_pathway;college;employment;general_support;job_training;paid_work;postsecondary,R025,Delaware Department of Labor - Vocational Rehabilitation Transition Services,Disability / Employment,Statewide,14,24,employment,13,High,DVR referral / school referral,https://labor.delaware.gov/divisions/dvr/transition-services/
YP-0469,15,New Castle,career;career_pathway;college;employment;general_support;job_training;paid_work;postsecondary,R018,Boys & Girls Clubs of Delaware - Education and Career,Education & Career,Statewide,6,18,career,12,Medium,Join local club / program inquiry,https://www.bgclubs.org/education-and-career
YP-0469,15,New Castle,career;career_pathway;college;employment;general_support;job_training;paid_work;postsecondary,R020,New Castle County Youth Workforce Development Program,Employment,New Castle,14,21,paid_work,12,Medium,Application,https://www.newcastlede.gov/859/Youth-Workforce-Development-Program
YP-0469,15,New Castle,career;career_pathway;college;employment;general_support;job_training;paid_work;postsecondary,R016,The Warehouse,Teen Center / Engagement,New Castle,13,24,employment,12,Medium,Membership / program enrollment,https://teenwarehouse.org/
YP-0470,13,New Castle,academic_support;career;career_readiness;case_management;education;employment;financial_literacy;general_support;homelessness;housing;independent_living;job_training;life_skills;paid_work;transition_support,R007,Delaware 211,Resource Navigation,Statewide,0,99,education;general_support;housing,33,High,"Call 211, text zip code to 898-211, or use website",https://delaware211.org/
YP-0470,13,New Castle,academic_support;career;career_readiness;case_management;education;employment;financial_literacy;general_support;homelessness;housing;independent_living;job_training;life_skills;paid_work;transition_support,R018,Boys & Girls Clubs of Delaware - Education and Career,Education & Career,Statewide,6,18,academic_support;career,22,Medium,Join local club / program inquiry,https://www.bgclubs.org/education-and-career
YP-0470,13,New Castle,academic_support;career;career_readiness;case_management;education;employment;financial_literacy;general_support;homelessness;housing;independent_living;job_training;life_skills;paid_work;transition_support,R046,Junior Achievement of Delaware,Financial Literacy & Career,Statewide,5,18,career_readiness;financial_literacy,22,Medium,School/community program inquiry,https://delaware.ja.org/
YP-0470,13,New Castle,academic_support;career;career_readiness;case_management;education;employment;financial_literacy;general_support;homelessness;housing;independent_living;job_training;life_skills;paid_work;transition_support,R016,The Warehouse,Teen Center / Engagement,New Castle,13,24,education;employment,22,Medium,Membership / program enrollment,https://teenwarehouse.org/
YP-0470,13,New Castle,academic_support;career;career_readiness;case_management;education;employment;financial_literacy;general_support;homelessness;housing;independent_living;job_training;life_skills;paid_work;transition_support,R055,Delaware LGBTQ+ Resources and Organizations,LGBTQ+ Support,Statewide,0,99,education,12,Medium,Resource navigation,https://history.delaware.gov/lgbtq-history/local-lgbtq-resources-and-organizations/
YP-0471,15,New Castle,academic_support;career;career_readiness;community;education;employment;general_support;mentorship;positive_adult;professional_skills;resume,R016,The Warehouse,Teen Center / Engagement,New Castle,13,24,community;education;employment;mentorship,42,Medium,Membership / program enrollment,https://teenwarehouse.org/
YP-0471,15,New Castle,academic_support;career;career_readiness;community;education;employment;general_support;mentorship;positive_adult;professional_skills;resume,R017,Big Brothers Big Sisters of Delaware,Mentorship,Statewide,6,18,mentorship;positive_adult,23,High,Enroll youth / mentor match inquiry,https://bbbsde.org/
YP-0471,15,New Castle,academic_support;career;career_readiness;community;education;employment;general_support;mentorship;positive_adult;professional_skills;resume,R007,Delaware 211,Resource Navigation,Statewide,0,99,education;general_support,23,High,"Call 211, text zip code to 898-211, or use website",https://delaware211.org/
YP-0471,15,New Castle,academic_support;career;career_readiness;community;education;employment;general_support;mentorship;positive_adult;professional_skills;resume,R019,YMCA of Delaware Teen Workforce Development,Employment,Statewide,15,19,professional_skills;resume,23,High,Interest form / program enrollment,https://www.ymcade.org/teen-workforce-development/
YP-0471,15,New Castle,academic_support;career;career_readiness;community;education;employment;general_support;mentorship;positive_adult;professional_skills;resume,R018,Boys & Girls Clubs of Delaware - Education and Career,Education & Career,Statewide,6,18,academic_support;career,22,Medium,Join local club / program inquiry,https://www.bgclubs.org/education-and-career
YP-0472,14,New Castle,career;career_pathway;college;employment;general_support;postsecondary;professional_skills;resume,R007,Delaware 211,Resource Navigation,Statewide,0,99,general_support,13,High,"Call 211, text zip code to 898-211, or use website",https://delaware211.org/
YP-0472,14,New Castle,career;career_pathway;college;employment;general_support;postsecondary;professional_skills;resume,R025,Delaware Department of Labor - Vocational Rehabilitation Transition Services,Disability / Employment,Statewide,14,24,employment,13,High,DVR referral / school referral,https://labor.delaware.gov/divisions/dvr/transition-services/
YP-0472,14,New Castle,career;career_pathway;college;employment;general_support;postsecondary;professional_skills;resume,R018,Boys & Girls Clubs of Delaware - Education and Career,Education & Career,Statewide,6,18,career,12,Medium,Join local club / program inquiry,https://www.bgclubs.org/education-and-career
YP-0472,14,New Castle,career;career_pathway;college;employment;general_support;postsecondary;professional_skills;resume,R016,The Warehouse,Teen Center / Engagement,New Castle,13,24,employment,12,Medium,Membership / program enrollment,https://teenwarehouse.org/
YP-0472,14,New Castle,career;career_pathway;college;employment;general_support;postsecondary;professional_skills;resume,R061,Delaware Parent Resources - Higher Education Guide,Education Navigation,Statewide,14,24,college,11,Low,Website navigation / caseworker support,https://delaware.gov/guides/parent-resources/
YP-0473,16,New Castle,career;career_pathway;case_management;college;community;employment;general_support;homelessness;housing;independent_living;job_training;mentorship;paid_work;positive_adult;postsecondary,R022,West End Education and Employment Department,Employment & Education,New Castle,16,24,career_pathway;paid_work;postsecondary,33,High,Program inquiry,https://westendnh.org/programs/academic-education/
YP-0473,16,New Castle,career;career_pathway;case_management;college;community;employment;general_support;homelessness;housing;independent_living;job_training;mentorship;paid_work;positive_adult;postsecondary,R003,West End Neighborhood House Life Lines,Housing & Case Management,Statewide,16,23,case_management;employment;housing,33,High,Referral or program inquiry,https://westendnh.org/programs/life-lines/
YP-0473,16,New Castle,career;career_pathway;case_management;college;community;employment;general_support;homelessness;housing;independent_living;job_training;mentorship;paid_work;positive_adult;postsecondary,R016,The Warehouse,Teen Center / Engagement,New Castle,13,24,community;employment;mentorship,32,Medium,Membership / program enrollment,https://teenwarehouse.org/
YP-0473,16,New Castle,career;career_pathway;case_management;college;community;employment;general_support;homelessness;housing;independent_living;job_training;mentorship;paid_work;positive_adult;postsecondary,R017,Big Brothers Big Sisters of Delaware,Mentorship,Statewide,6,18,mentorship;positive_adult,23,High,Enroll youth / mentor match inquiry,https://bbbsde.org/
YP-0473,16,New Castle,career;career_pathway;case_management;college;community;employment;general_support;homelessness;housing;independent_living;job_training;mentorship;paid_work;positive_adult;postsecondary,R001,DSCYF Independent Living Services,Independent Living,Statewide,14,21,housing;mentorship,23,High,Caseworker/DFS referral,https://kids.delaware.gov/family-services/independent-living/
YP-0474,14,Kent,career;career_pathway;college;employment;general_support;postsecondary;professional_skills;resume,R007,Delaware 211,Resource Navigation,Statewide,0,99,general_support,13,High,"Call 211, text zip code to 898-211, or use website",https://delaware211.org/
YP-0474,14,Kent,career;career_pathway;college;employment;general_support;postsecondary;professional_skills;resume,R025,Delaware Department of Labor - Vocational Rehabilitation Transition Services,Disability / Employment,Statewide,14,24,employment,13,High,DVR referral / school referral,https://labor.delaware.gov/divisions/dvr/transition-services/
YP-0474,14,Kent,career;career_pathway;college;employment;general_support;postsecondary;professional_skills;resume,R018,Boys & Girls Clubs of Delaware - Education and Career,Education & Career,Statewide,6,18,career,12,Medium,Join local club / program inquiry,https://www.bgclubs.org/education-and-career
YP-0474,14,Kent,career;career_pathway;college;employment;general_support;postsecondary;professional_skills;resume,R061,Delaware Parent Resources - Higher Education Guide,Education Navigation,Statewide,14,24,college,11,Low,Website navigation / caseworker support,https://delaware.gov/guides/parent-resources/
YP-0475,15,Kent,career_pathway;case_management;education;general_support;homelessness;housing;independent_living;postsecondary,R007,Delaware 211,Resource Navigation,Statewide,0,99,education;general_support;housing,33,High,"Call 211, text zip code to 898-211, or use website",https://delaware211.org/
YP-0475,15,Kent,career_pathway;case_management;education;general_support;homelessness;housing;independent_living;postsecondary,R001,DSCYF Independent Living Services,Independent Living,Statewide,14,21,housing,13,High,Caseworker/DFS referral,https://kids.delaware.gov/family-services/independent-living/
YP-0475,15,Kent,career_pathway;case_management;education;general_support;homelessness;housing;independent_living;postsecondary,R055,Delaware LGBTQ+ Resources and Organizations,LGBTQ+ Support,Statewide,0,99,education,12,Medium,Resource navigation,https://history.delaware.gov/lgbtq-history/local-lgbtq-resources-and-organizations/
YP-0475,15,Kent,career_pathway;case_management;education;general_support;homelessness;housing;independent_living;postsecondary,R042,Mental Health Association in Delaware,Mental Health,Statewide,0,99,education,12,Medium,Program inquiry / referral,https://www.mhainde.org/
YP-0476,19,Sussex,career;career_pathway;case_management;college;employment;financial_literacy;general_support;independent_living;life_skills;postsecondary;professional_skills;resume;transition_support;young_adults,R003,West End Neighborhood House Life Lines,Housing & Case Management,Statewide,16,23,case_management;employment;financial_literacy;life_skills,43,High,Referral or program inquiry,https://westendnh.org/programs/life-lines/
YP-0476,19,Sussex,career;career_pathway;case_management;college;employment;financial_literacy;general_support;independent_living;life_skills;postsecondary;professional_skills;resume;transition_support;young_adults,R005,People's Place Independent Living,Independent Living,Statewide,16,23,case_management;life_skills;transition_support,33,High,DFS referral or self-referral for 18-23,https://peoplesplace2.com/services/independent-living
YP-0476,19,Sussex,career;career_pathway;case_management;college;employment;financial_literacy;general_support;independent_living;life_skills;postsecondary;professional_skills;resume;transition_support;young_adults,R001,DSCYF Independent Living Services,Independent Living,Statewide,14,21,life_skills;transition_support,23,High,Caseworker/DFS referral,https://kids.delaware.gov/family-services/independent-living/
YP-0476,19,Sussex,career;career_pathway;case_management;college;employment;financial_literacy;general_support;independent_living;life_skills;postsecondary;professional_skills;resume;transition_support;young_adults,R019,YMCA of Delaware Teen Workforce Development,Employment,Statewide,15,19,professional_skills;resume,23,High,Interest form / program enrollment,https://www.ymcade.org/teen-workforce-development/
YP-0476,19,Sussex,career;career_pathway;case_management;college;employment;financial_literacy;general_support;independent_living;life_skills;postsecondary;professional_skills;resume;transition_support;young_adults,R002,DSCYF ASSIST / Aftercare 18-21,Aftercare,Statewide,18,21,independent_living,13,High,Caseworker/DFS referral,https://kids.delaware.gov/family-services/il-provider-resources/
YP-0477,17,Sussex,career;career_pathway;case_management;college;community;employment;general_support;homelessness;housing;mentorship;positive_adult;postsecondary;professional_skills;resume,R003,West End Neighborhood House Life Lines,Housing & Case Management,Statewide,16,23,case_management;employment;housing,33,High,Referral or program inquiry,https://westendnh.org/programs/life-lines/
YP-0477,17,Sussex,career;career_pathway;case_management;college;community;employment;general_support;homelessness;housing;mentorship;positive_adult;postsecondary;professional_skills;resume,R017,Big Brothers Big Sisters of Delaware,Mentorship,Statewide,6,18,mentorship;positive_adult,23,High,Enroll youth / mentor match inquiry,https://bbbsde.org/
YP-0477,17,Sussex,career;career_pathway;case_management;college;community;employment;general_support;homelessness;housing;mentorship;positive_adult;postsecondary;professional_skills;resume,R001,DSCYF Independent Living Services,Independent Living,Statewide,14,21,housing;mentorship,23,High,Caseworker/DFS referral,https://kids.delaware.gov/family-services/independent-living/
YP-0477,17,Sussex,career;career_pathway;case_management;college;community;employment;general_support;homelessness;housing;mentorship;positive_adult;postsecondary;professional_skills;resume,R007,Delaware 211,Resource Navigation,Statewide,0,99,general_support;housing,23,High,"Call 211, text zip code to 898-211, or use website",https://delaware211.org/
YP-0477,17,Sussex,career;career_pathway;case_management;college;community;employment;general_support;homelessness;housing;mentorship;positive_adult;postsecondary;professional_skills;resume,R019,YMCA of Delaware Teen Workforce Development,Employment,Statewide,15,19,professional_skills;resume,23,High,Interest form / program enrollment,https://www.ymcade.org/teen-workforce-development/
YP-0478,18,New Castle,academic_support;career_readiness;case_management;community;education;financial_literacy;general_support;independent_living;life_skills;mentorship;positive_adult;transition_support;young_adults,R003,West End Neighborhood House Life Lines,Housing & Case Management,Statewide,16,23,case_management;education;financial_literacy;life_skills,43,High,Referral or program inquiry,https://westendnh.org/programs/life-lines/
YP-0478,18,New Castle,academic_support;career_readiness;case_management;community;education;financial_literacy;general_support;independent_living;life_skills;mentorship;positive_adult;transition_support;young_adults,R001,DSCYF Independent Living Services,Independent Living,Statewide,14,21,life_skills;mentorship;transition_support,33,High,Caseworker/DFS referral,https://kids.delaware.gov/family-services/independent-living/
YP-0478,18,New Castle,academic_support;career_readiness;case_management;community;education;financial_literacy;general_support;independent_living;life_skills;mentorship;positive_adult;transition_support;young_adults,R005,People's Place Independent Living,Independent Living,Statewide,16,23,case_management;life_skills;transition_support,33,High,DFS referral or self-referral for 18-23,https://peoplesplace2.com/services/independent-living
YP-0478,18,New Castle,academic_support;career_readiness;case_management;community;education;financial_literacy;general_support;independent_living;life_skills;mentorship;positive_adult;transition_support;young_adults,R016,The Warehouse,Teen Center / Engagement,New Castle,13,24,community;education;mentorship,32,Medium,Membership / program enrollment,https://teenwarehouse.org/
YP-0478,18,New Castle,academic_support;career_readiness;case_management;community;education;financial_literacy;general_support;independent_living;life_skills;mentorship;positive_adult;transition_support;young_adults,R017,Big Brothers Big Sisters of Delaware,Mentorship,Statewide,6,18,mentorship;positive_adult,23,High,Enroll youth / mentor match inquiry,https://bbbsde.org/
YP-0479,19,New Castle,academic_support;career;career_readiness;case_management;community;education;employment;financial_literacy;general_support;homelessness;housing;independent_living;internship;life_skills;mentorship;positive_adult;professional_skills;transition_support;young_adults,R003,West End Neighborhood House Life Lines,Housing & Case Management,Statewide,16,23,case_management;education;employment;financial_literacy;housing;life_skills,63,High,Referral or program inquiry,https://westendnh.org/programs/life-lines/
YP-0479,19,New Castle,academic_support;career;career_readiness;case_management;community;education;employment;financial_literacy;general_support;homelessness;housing;independent_living;internship;life_skills;mentorship;positive_adult;professional_skills;transition_support;young_adults,R001,DSCYF Independent Living Services,Independent Living,Statewide,14,21,housing;life_skills;mentorship;transition_support,43,High,Caseworker/DFS referral,https://kids.delaware.gov/family-services/independent-living/
YP-0479,19,New Castle,academic_support;career;career_readiness;case_management;community;education;employment;financial_literacy;general_support;homelessness;housing;independent_living;internship;life_skills;mentorship;positive_adult;professional_skills;transition_support;young_adults,R016,The Warehouse,Teen Center / Engagement,New Castle,13,24,community;education;employment;mentorship,42,Medium,Membership / program enrollment,https://teenwarehouse.org/
YP-0479,19,New Castle,academic_support;career;career_readiness;case_management;community;education;employment;financial_literacy;general_support;homelessness;housing;independent_living;internship;life_skills;mentorship;positive_adult;professional_skills;transition_support;young_adults,R007,Delaware 211,Resource Navigation,Statewide,0,99,education;general_support;housing,33,High,"Call 211, text zip code to 898-211, or use website",https://delaware211.org/
YP-0479,19,New Castle,academic_support;career;career_readiness;case_management;community;education;employment;financial_literacy;general_support;homelessness;housing;independent_living;internship;life_skills;mentorship;positive_adult;professional_skills;transition_support;young_adults,R005,People's Place Independent Living,Independent Living,Statewide,16,23,case_management;life_skills;transition_support,33,High,DFS referral or self-referral for 18-23,https://peoplesplace2.com/services/independent-living
YP-0480,14,Kent,career;career_pathway;college;employment;general_support;job_training;paid_work;postsecondary,R007,Delaware 211,Resource Navigation,Statewide,0,99,general_support,13,High,"Call 211, text zip code to 898-211, or use website",https://delaware211.org/
YP-0480,14,Kent,career;career_pathway;college;employment;general_support;job_training;paid_work;postsecondary,R025,Delaware Department of Labor - Vocational Rehabilitation Transition Services,Disability / Employment,Statewide,14,24,employment,13,High,DVR referral / school referral,https://labor.delaware.gov/divisions/dvr/transition-services/
YP-0480,14,Kent,career;career_pathway;college;employment;general_support;job_training;paid_work;postsecondary,R018,Boys & Girls Clubs of Delaware - Education and Career,Education & Career,Statewide,6,18,career,12,Medium,Join local club / program inquiry,https://www.bgclubs.org/education-and-career
YP-0480,14,Kent,career;career_pathway;college;employment;general_support;job_training;paid_work;postsecondary,R061,Delaware Parent Resources - Higher Education Guide,Education Navigation,Statewide,14,24,college,11,Low,Website navigation / caseworker support,https://delaware.gov/guides/parent-resources/
YP-0481,17,New Castle,career;career_pathway;case_management;college;employment;financial_literacy;general_support;homelessness;housing;independent_living;internship;life_skills;postsecondary;professional_skills;transition_support,R003,West End Neighborhood House Life Lines,Housing & Case Management,Statewide,16,23,case_management;employment;financial_literacy;housing;life_skills,53,High,Referral or program inquiry,https://westendnh.org/programs/life-lines/
YP-0481,17,New Castle,career;career_pathway;case_management;college;employment;financial_literacy;general_support;homelessness;housing;independent_living;internship;life_skills;postsecondary;professional_skills;transition_support,R001,DSCYF Independent Living Services,Independent Living,Statewide,14,21,housing;life_skills;transition_support,33,High,Caseworker/DFS referral,https://kids.delaware.gov/family-services/independent-living/
YP-0481,17,New Castle,career;career_pathway;case_management;college;employment;financial_literacy;general_support;homelessness;housing;independent_living;internship;life_skills;postsecondary;professional_skills;transition_support,R005,People's Place Independent Living,Independent Living,Statewide,16,23,case_management;life_skills;transition_support,33,High,DFS referral or self-referral for 18-23,https://peoplesplace2.com/services/independent-living
YP-0481,17,New Castle,career;career_pathway;case_management;college;employment;financial_literacy;general_support;homelessness;housing;independent_living;internship;life_skills;postsecondary;professional_skills;transition_support,R007,Delaware 211,Resource Navigation,Statewide,0,99,general_support;housing,23,High,"Call 211, text zip code to 898-211, or use website",https://delaware211.org/
YP-0481,17,New Castle,career;career_pathway;case_management;college;employment;financial_literacy;general_support;homelessness;housing;independent_living;internship;life_skills;postsecondary;professional_skills;transition_support,R022,West End Education and Employment Department,Employment & Education,New Castle,16,24,career_pathway;postsecondary,23,High,Program inquiry,https://westendnh.org/programs/academic-education/
YP-0482,19,Kent,career;career_pathway;case_management;education;employment;financial_literacy;general_support;homelessness;housing;independent_living;internship;life_skills;postsecondary;professional_skills;transition_support;young_adults,R003,West End Neighborhood House Life Lines,Housing & Case Management,Statewide,16,23,case_management;education;employment;financial_literacy;housing;life_skills,63,High,Referral or program inquiry,https://westendnh.org/programs/life-lines/
YP-0482,19,Kent,career;career_pathway;case_management;education;employment;financial_literacy;general_support;homelessness;housing;independent_living;internship;life_skills;postsecondary;professional_skills;transition_support;young_adults,R001,DSCYF Independent Living Services,Independent Living,Statewide,14,21,housing;life_skills;transition_support,33,High,Caseworker/DFS referral,https://kids.delaware.gov/family-services/independent-living/
YP-0482,19,Kent,career;career_pathway;case_management;education;employment;financial_literacy;general_support;homelessness;housing;independent_living;internship;life_skills;postsecondary;professional_skills;transition_support;young_adults,R007,Delaware 211,Resource Navigation,Statewide,0,99,education;general_support;housing,33,High,"Call 211, text zip code to 898-211, or use website",https://delaware211.org/
YP-0482,19,Kent,career;career_pathway;case_management;education;employment;financial_literacy;general_support;homelessness;housing;independent_living;internship;life_skills;postsecondary;professional_skills;transition_support;young_adults,R005,People's Place Independent Living,Independent Living,Statewide,16,23,case_management;life_skills;transition_support,33,High,DFS referral or self-referral for 18-23,https://peoplesplace2.com/services/independent-living
YP-0482,19,Kent,career;career_pathway;case_management;education;employment;financial_literacy;general_support;homelessness;housing;independent_living;internship;life_skills;postsecondary;professional_skills;transition_support;young_adults,R002,DSCYF ASSIST / Aftercare 18-21,Aftercare,Statewide,18,21,housing;independent_living,23,High,Caseworker/DFS referral,https://kids.delaware.gov/family-services/il-provider-resources/
YP-0483,17,Kent,academic_support;career;career_readiness;case_management;community;education;employment;financial_literacy;general_support;job_training;life_skills;mentorship;paid_work;positive_adult;transition_support,R003,West End Neighborhood House Life Lines,Housing & Case Management,Statewide,16,23,case_management;education;employment;financial_literacy;life_skills,53,High,Referral or program inquiry,https://westendnh.org/programs/life-lines/
YP-0483,17,Kent,academic_support;career;career_readiness;case_management;community;education;employment;financial_literacy;general_support;job_training;life_skills;mentorship;paid_work;positive_adult;transition_support,R001,DSCYF Independent Living Services,Independent Living,Statewide,14,21,life_skills;mentorship;transition_support,33,High,Caseworker/DFS referral,https://kids.delaware.gov/family-services/independent-living/
YP-0483,17,Kent,academic_support;career;career_readiness;case_management;community;education;employment;financial_literacy;general_support;job_training;life_skills;mentorship;paid_work;positive_adult;transition_support,R005,People's Place Independent Living,Independent Living,Statewide,16,23,case_management;life_skills;transition_support,33,High,DFS referral or self-referral for 18-23,https://peoplesplace2.com/services/independent-living
YP-0483,17,Kent,academic_support;career;career_readiness;case_management;community;education;employment;financial_literacy;general_support;job_training;life_skills;mentorship;paid_work;positive_adult;transition_support,R017,Big Brothers Big Sisters of Delaware,Mentorship,Statewide,6,18,mentorship;positive_adult,23,High,Enroll youth / mentor match inquiry,https://bbbsde.org/
YP-0483,17,Kent,academic_support;career;career_readiness;case_management;community;education;employment;financial_literacy;general_support;job_training;life_skills;mentorship;paid_work;positive_adult;transition_support,R007,Delaware 211,Resource Navigation,Statewide,0,99,education;general_support,23,High,"Call 211, text zip code to 898-211, or use website",https://delaware211.org/
YP-0484,14,New Castle,career_pathway;case_management;college;general_support;homelessness;housing;independent_living;postsecondary,R007,Delaware 211,Resource Navigation,Statewide,0,99,general_support;housing,23,High,"Call 211, text zip code to 898-211, or use website",https://delaware211.org/
YP-0484,14,New Castle,career_pathway;case_management;college;general_support;homelessness;housing;independent_living;postsecondary,R001,DSCYF Independent Living Services,Independent Living,Statewide,14,21,housing,13,High,Caseworker/DFS referral,https://kids.delaware.gov/family-services/independent-living/
YP-0484,14,New Castle,career_pathway;case_management;college;general_support;homelessness;housing;independent_living;postsecondary,R061,Delaware Parent Resources - Higher Education Guide,Education Navigation,Statewide,14,24,college,11,Low,Website navigation / caseworker support,https://delaware.gov/guides/parent-resources/
YP-0485,19,Sussex,academic_support;career;career_readiness;case_management;education;employment;general_support;homelessness;housing;independent_living;professional_skills;resume;young_adults,R003,West End Neighborhood House Life Lines,Housing & Case Management,Statewide,16,23,case_management;education;employment;housing,43,High,Referral or program inquiry,https://westendnh.org/programs/life-lines/
YP-0485,19,Sussex,academic_support;career;career_readiness;case_management;education;employment;general_support;homelessness;housing;independent_living;professional_skills;resume;young_adults,R007,Delaware 211,Resource Navigation,Statewide,0,99,education;general_support;housing,33,High,"Call 211, text zip code to 898-211, or use website",https://delaware211.org/
YP-0485,19,Sussex,academic_support;career;career_readiness;case_management;education;employment;general_support;homelessness;housing;independent_living;professional_skills;resume;young_adults,R002,DSCYF ASSIST / Aftercare 18-21,Aftercare,Statewide,18,21,housing;independent_living,23,High,Caseworker/DFS referral,https://kids.delaware.gov/family-services/il-provider-resources/
YP-0485,19,Sussex,academic_support;career;career_readiness;case_management;education;employment;general_support;homelessness;housing;independent_living;professional_skills;resume;young_adults,R004,West End Life Lines Transitional Housing,Housing,Statewide,18,23,case_management;homelessness,23,High,Referral / eligibility screening,https://westendnh.org/programs/life-lines-programs/
YP-0485,19,Sussex,academic_support;career;career_readiness;case_management;education;employment;general_support;homelessness;housing;independent_living;professional_skills;resume;young_adults,R019,YMCA of Delaware Teen Workforce Development,Employment,Statewide,15,19,professional_skills;resume,23,High,Interest form / program enrollment,https://www.ymcade.org/teen-workforce-development/
YP-0486,17,Kent,career;career_pathway;case_management;college;community;employment;general_support;homelessness;housing;internship;mentorship;positive_adult;postsecondary;professional_skills,R003,West End Neighborhood House Life Lines,Housing & Case Management,Statewide,16,23,case_management;employment;housing,33,High,Referral or program inquiry,https://westendnh.org/programs/life-lines/
YP-0486,17,Kent,career;career_pathway;case_management;college;community;employment;general_support;homelessness;housing;internship;mentorship;positive_adult;postsecondary;professional_skills,R017,Big Brothers Big Sisters of Delaware,Mentorship,Statewide,6,18,mentorship;positive_adult,23,High,Enroll youth / mentor match inquiry,https://bbbsde.org/
YP-0486,17,Kent,career;career_pathway;case_management;college;community;employment;general_support;homelessness;housing;internship;mentorship;positive_adult;postsecondary;professional_skills,R001,DSCYF Independent Living Services,Independent Living,Statewide,14,21,housing;mentorship,23,High,Caseworker/DFS referral,https://kids.delaware.gov/family-services/independent-living/
YP-0486,17,Kent,career;career_pathway;case_management;college;community;employment;general_support;homelessness;housing;internship;mentorship;positive_adult;postsecondary;professional_skills,R007,Delaware 211,Resource Navigation,Statewide,0,99,general_support;housing,23,High,"Call 211, text zip code to 898-211, or use website",https://delaware211.org/
YP-0486,17,Kent,career;career_pathway;case_management;college;community;employment;general_support;homelessness;housing;internship;mentorship;positive_adult;postsecondary;professional_skills,R019,YMCA of Delaware Teen Workforce Development,Employment,Statewide,15,19,internship;professional_skills,23,High,Interest form / program enrollment,https://www.ymcade.org/teen-workforce-development/
YP-0487,17,Sussex,academic_support;career;career_readiness;case_management;education;employment;general_support;homelessness;housing;independent_living;professional_skills;resume,R003,West End Neighborhood House Life Lines,Housing & Case Management,Statewide,16,23,case_management;education;employment;housing,43,High,Referral or program inquiry,https://westendnh.org/programs/life-lines/
YP-0487,17,Sussex,academic_support;career;career_readiness;case_management;education;employment;general_support;homelessness;housing;independent_living;professional_skills;resume,R007,Delaware 211,Resource Navigation,Statewide,0,99,education;general_support;housing,33,High,"Call 211, text zip code to 898-211, or use website",https://delaware211.org/
YP-0487,17,Sussex,academic_support;career;career_readiness;case_management;education;employment;general_support;homelessness;housing;independent_living;professional_skills;resume,R019,YMCA of Delaware Teen Workforce Development,Employment,Statewide,15,19,professional_skills;resume,23,High,Interest form / program enrollment,https://www.ymcade.org/teen-workforce-development/
YP-0487,17,Sussex,academic_support;career;career_readiness;case_management;education;employment;general_support;homelessness;housing;independent_living;professional_skills;resume,R018,Boys & Girls Clubs of Delaware - Education and Career,Education & Career,Statewide,6,18,academic_support;career,22,Medium,Join local club / program inquiry,https://www.bgclubs.org/education-and-career
YP-0487,17,Sussex,academic_support;career;career_readiness;case_management;education;employment;general_support;homelessness;housing;independent_living;professional_skills;resume,R001,DSCYF Independent Living Services,Independent Living,Statewide,14,21,housing,13,High,Caseworker/DFS referral,https://kids.delaware.gov/family-services/independent-living/
YP-0488,16,Sussex,academic_support;career;career_readiness;case_management;community;education;employment;general_support;homelessness;housing;independent_living;job_training;mentorship;paid_work;positive_adult,R003,West End Neighborhood House Life Lines,Housing & Case Management,Statewide,16,23,case_management;education;employment;housing,43,High,Referral or program inquiry,https://westendnh.org/programs/life-lines/
YP-0488,16,Sussex,academic_support;career;career_readiness;case_management;community;education;employment;general_support;homelessness;housing;independent_living;job_training;mentorship;paid_work;positive_adult,R007,Delaware 211,Resource Navigation,Statewide,0,99,education;general_support;housing,33,High,"Call 211, text zip code to 898-211, or use website",https://delaware211.org/
YP-0488,16,Sussex,academic_support;career;career_readiness;case_management;community;education;employment;general_support;homelessness;housing;independent_living;job_training;mentorship;paid_work;positive_adult,R017,Big Brothers Big Sisters of Delaware,Mentorship,Statewide,6,18,mentorship;positive_adult,23,High,Enroll youth / mentor match inquiry,https://bbbsde.org/
YP-0488,16,Sussex,academic_support;career;career_readiness;case_management;community;education;employment;general_support;homelessness;housing;independent_living;job_training;mentorship;paid_work;positive_adult,R001,DSCYF Independent Living Services,Independent Living,Statewide,14,21,housing;mentorship,23,High,Caseworker/DFS referral,https://kids.delaware.gov/family-services/independent-living/
YP-0488,16,Sussex,academic_support;career;career_readiness;case_management;community;education;employment;general_support;homelessness;housing;independent_living;job_training;mentorship;paid_work;positive_adult,R018,Boys & Girls Clubs of Delaware - Education and Career,Education & Career,Statewide,6,18,academic_support;career,22,Medium,Join local club / program inquiry,https://www.bgclubs.org/education-and-career
YP-0489,15,Kent,career;career_pathway;case_management;college;employment;financial_literacy;general_support;homelessness;housing;job_training;life_skills;paid_work;postsecondary;transition_support,R001,DSCYF Independent Living Services,Independent Living,Statewide,14,21,housing;life_skills;transition_support,33,High,Caseworker/DFS referral,https://kids.delaware.gov/family-services/independent-living/
YP-0489,15,Kent,career;career_pathway;case_management;college;employment;financial_literacy;general_support;homelessness;housing;job_training;life_skills;paid_work;postsecondary;transition_support,R007,Delaware 211,Resource Navigation,Statewide,0,99,general_support;housing,23,High,"Call 211, text zip code to 898-211, or use website",https://delaware211.org/
YP-0489,15,Kent,career;career_pathway;case_management;college;employment;financial_literacy;general_support;homelessness;housing;job_training;life_skills;paid_work;postsecondary;transition_support,R025,Delaware Department of Labor - Vocational Rehabilitation Transition Services,Disability / Employment,Statewide,14,24,employment,13,High,DVR referral / school referral,https://labor.delaware.gov/divisions/dvr/transition-services/
YP-0489,15,Kent,career;career_pathway;case_management;college;employment;financial_literacy;general_support;homelessness;housing;job_training;life_skills;paid_work;postsecondary;transition_support,R018,Boys & Girls Clubs of Delaware - Education and Career,Education & Career,Statewide,6,18,career,12,Medium,Join local club / program inquiry,https://www.bgclubs.org/education-and-career
YP-0489,15,Kent,career;career_pathway;case_management;college;employment;financial_literacy;general_support;homelessness;housing;job_training;life_skills;paid_work;postsecondary;transition_support,R027,Independent Resources Inc. Youth Transition Life Skills Program,Disability / Life Skills,Statewide,14,28,life_skills,12,Medium,Program inquiry / referral,https://www.iri-delaware.org/iri/25-transition-life-skills-program/
YP-0490,16,New Castle,GED;career;credentials;education;employment;general_support;job_training;paid_work;postsecondary,R022,West End Education and Employment Department,Employment & Education,New Castle,16,24,GED;credentials;paid_work;postsecondary,43,High,Program inquiry,https://westendnh.org/programs/academic-education/
YP-0490,16,New Castle,GED;career;credentials;education;employment;general_support;job_training;paid_work;postsecondary,R007,Delaware 211,Resource Navigation,Statewide,0,99,education;general_support,23,High,"Call 211, text zip code to 898-211, or use website",https://delaware211.org/
YP-0490,16,New Castle,GED;career;credentials;education;employment;general_support;job_training;paid_work;postsecondary,R003,West End Neighborhood House Life Lines,Housing & Case Management,Statewide,16,23,education;employment,23,High,Referral or program inquiry,https://westendnh.org/programs/life-lines/
YP-0490,16,New Castle,GED;career;credentials;education;employment;general_support;job_training;paid_work;postsecondary,R021,Wilmington Housing Authority YouthBuild,Employment & Education,New Castle,16,24,GED;job_training,23,High,Program application,https://whadelaware.org/about-wha/employment-opportunities-and-training-programs/youthbuild
YP-0490,16,New Castle,GED;career;credentials;education;employment;general_support;job_training;paid_work;postsecondary,R023,The Challenge Program,Employment & Education,New Castle,16,24,GED;job_training,22,Medium,Program inquiry,https://www.challengeprogram.org/
YP-0491,13,New Castle,career;career_pathway;college;employment;general_support;job_training;paid_work;postsecondary,R007,Delaware 211,Resource Navigation,Statewide,0,99,general_support,13,High,"Call 211, text zip code to 898-211, or use website",https://delaware211.org/
YP-0491,13,New Castle,career;career_pathway;college;employment;general_support;job_training;paid_work;postsecondary,R018,Boys & Girls Clubs of Delaware - Education and Career,Education & Career,Statewide,6,18,career,12,Medium,Join local club / program inquiry,https://www.bgclubs.org/education-and-career
YP-0491,13,New Castle,career;career_pathway;college;employment;general_support;job_training;paid_work;postsecondary,R016,The Warehouse,Teen Center / Engagement,New Castle,13,24,employment,12,Medium,Membership / program enrollment,https://teenwarehouse.org/
YP-0492,13,New Castle,career;career_pathway;case_management;college;employment;general_support;homelessness;housing;independent_living;job_training;paid_work;postsecondary,R007,Delaware 211,Resource Navigation,Statewide,0,99,general_support;housing,23,High,"Call 211, text zip code to 898-211, or use website",https://delaware211.org/
YP-0492,13,New Castle,career;career_pathway;case_management;college;employment;general_support;homelessness;housing;independent_living;job_training;paid_work;postsecondary,R018,Boys & Girls Clubs of Delaware - Education and Career,Education & Career,Statewide,6,18,career,12,Medium,Join local club / program inquiry,https://www.bgclubs.org/education-and-career
YP-0492,13,New Castle,career;career_pathway;case_management;college;employment;general_support;homelessness;housing;independent_living;job_training;paid_work;postsecondary,R016,The Warehouse,Teen Center / Engagement,New Castle,13,24,employment,12,Medium,Membership / program enrollment,https://teenwarehouse.org/
YP-0493,17,New Castle,career;career_pathway;college;employment;general_support;job_training;paid_work;postsecondary,R022,West End Education and Employment Department,Employment & Education,New Castle,16,24,career_pathway;paid_work;postsecondary,33,High,Program inquiry,https://westendnh.org/programs/academic-education/
YP-0493,17,New Castle,career;career_pathway;college;employment;general_support;job_training;paid_work;postsecondary,R007,Delaware 211,Resource Navigation,Statewide,0,99,general_support,13,High,"Call 211, text zip code to 898-211, or use website",https://delaware211.org/
YP-0493,17,New Castle,career;career_pathway;college;employment;general_support;job_training;paid_work;postsecondary,R025,Delaware Department of Labor - Vocational Rehabilitation Transition Services,Disability / Employment,Statewide,14,24,employment,13,High,DVR referral / school referral,https://labor.delaware.gov/divisions/dvr/transition-services/
YP-0493,17,New Castle,career;career_pathway;college;employment;general_support;job_training;paid_work;postsecondary,R003,West End Neighborhood House Life Lines,Housing & Case Management,Statewide,16,23,employment,13,High,Referral or program inquiry,https://westendnh.org/programs/life-lines/
YP-0493,17,New Castle,career;career_pathway;college;employment;general_support;job_training;paid_work;postsecondary,R021,Wilmington Housing Authority YouthBuild,Employment & Education,New Castle,16,24,job_training,13,High,Program application,https://whadelaware.org/about-wha/employment-opportunities-and-training-programs/youthbuild
YP-0494,17,New Castle,academic_support;career;career_readiness;case_management;education;employment;general_support;homelessness;housing;independent_living;professional_skills;resume,R003,West End Neighborhood House Life Lines,Housing & Case Management,Statewide,16,23,case_management;education;employment;housing,43,High,Referral or program inquiry,https://westendnh.org/programs/life-lines/
YP-0494,17,New Castle,academic_support;career;career_readiness;case_management;education;employment;general_support;homelessness;housing;independent_living;professional_skills;resume,R007,Delaware 211,Resource Navigation,Statewide,0,99,education;general_support;housing,33,High,"Call 211, text zip code to 898-211, or use website",https://delaware211.org/
YP-0494,17,New Castle,academic_support;career;career_readiness;case_management;education;employment;general_support;homelessness;housing;independent_living;professional_skills;resume,R019,YMCA of Delaware Teen Workforce Development,Employment,Statewide,15,19,professional_skills;resume,23,High,Interest form / program enrollment,https://www.ymcade.org/teen-workforce-development/
YP-0494,17,New Castle,academic_support;career;career_readiness;case_management;education;employment;general_support;homelessness;housing;independent_living;professional_skills;resume,R018,Boys & Girls Clubs of Delaware - Education and Career,Education & Career,Statewide,6,18,academic_support;career,22,Medium,Join local club / program inquiry,https://www.bgclubs.org/education-and-career
YP-0494,17,New Castle,academic_support;career;career_readiness;case_management;education;employment;general_support;homelessness;housing;independent_living;professional_skills;resume,R016,The Warehouse,Teen Center / Engagement,New Castle,13,24,education;employment,22,Medium,Membership / program enrollment,https://teenwarehouse.org/
YP-0495,19,Kent,career;career_pathway;community;education;employment;general_support;independent_living;job_training;mentorship;paid_work;positive_adult;postsecondary;young_adults,R007,Delaware 211,Resource Navigation,Statewide,0,99,education;general_support,23,High,"Call 211, text zip code to 898-211, or use website",https://delaware211.org/
YP-0495,19,Kent,career;career_pathway;community;education;employment;general_support;independent_living;job_training;mentorship;paid_work;positive_adult;postsecondary;young_adults,R003,West End Neighborhood House Life Lines,Housing & Case Management,Statewide,16,23,education;employment,23,High,Referral or program inquiry,https://westendnh.org/programs/life-lines/
YP-0495,19,Kent,career;career_pathway;community;education;employment;general_support;independent_living;job_training;mentorship;paid_work;positive_adult;postsecondary;young_adults,R002,DSCYF ASSIST / Aftercare 18-21,Aftercare,Statewide,18,21,independent_living,13,High,Caseworker/DFS referral,https://kids.delaware.gov/family-services/il-provider-resources/
YP-0495,19,Kent,career;career_pathway;community;education;employment;general_support;independent_living;job_training;mentorship;paid_work;positive_adult;postsecondary;young_adults,R001,DSCYF Independent Living Services,Independent Living,Statewide,14,21,mentorship,13,High,Caseworker/DFS referral,https://kids.delaware.gov/family-services/independent-living/
YP-0495,19,Kent,career;career_pathway;community;education;employment;general_support;independent_living;job_training;mentorship;paid_work;positive_adult;postsecondary;young_adults,R025,Delaware Department of Labor - Vocational Rehabilitation Transition Services,Disability / Employment,Statewide,14,24,employment,13,High,DVR referral / school referral,https://labor.delaware.gov/divisions/dvr/transition-services/
YP-0496,14,New Castle,GED;career;case_management;credentials;education;employment;financial_literacy;general_support;homelessness;housing;independent_living;job_training;life_skills;paid_work;postsecondary;transition_support,R001,DSCYF Independent Living Services,Independent Living,Statewide,14,21,housing;life_skills;transition_support,33,High,Caseworker/DFS referral,https://kids.delaware.gov/family-services/independent-living/
YP-0496,14,New Castle,GED;career;case_management;credentials;education;employment;financial_literacy;general_support;homelessness;housing;independent_living;job_training;life_skills;paid_work;postsecondary;transition_support,R007,Delaware 211,Resource Navigation,Statewide,0,99,education;general_support;housing,33,High,"Call 211, text zip code to 898-211, or use website",https://delaware211.org/
YP-0496,14,New Castle,GED;career;case_management;credentials;education;employment;financial_literacy;general_support;homelessness;housing;independent_living;job_training;life_skills;paid_work;postsecondary;transition_support,R016,The Warehouse,Teen Center / Engagement,New Castle,13,24,education;employment,22,Medium,Membership / program enrollment,https://teenwarehouse.org/
YP-0496,14,New Castle,GED;career;case_management;credentials;education;employment;financial_literacy;general_support;homelessness;housing;independent_living;job_training;life_skills;paid_work;postsecondary;transition_support,R025,Delaware Department of Labor - Vocational Rehabilitation Transition Services,Disability / Employment,Statewide,14,24,employment,13,High,DVR referral / school referral,https://labor.delaware.gov/divisions/dvr/transition-services/
YP-0496,14,New Castle,GED;career;case_management;credentials;education;employment;financial_literacy;general_support;homelessness;housing;independent_living;job_training;life_skills;paid_work;postsecondary;transition_support,R018,Boys & Girls Clubs of Delaware - Education and Career,Education & Career,Statewide,6,18,career,12,Medium,Join local club / program inquiry,https://www.bgclubs.org/education-and-career
YP-0497,13,New Castle,career;career_pathway;case_management;college;employment;general_support;homelessness;housing;independent_living;internship;postsecondary;professional_skills,R007,Delaware 211,Resource Navigation,Statewide,0,99,general_support;housing,23,High,"Call 211, text zip code to 898-211, or use website",https://delaware211.org/
YP-0497,13,New Castle,career;career_pathway;case_management;college;employment;general_support;homelessness;housing;independent_living;internship;postsecondary;professional_skills,R018,Boys & Girls Clubs of Delaware - Education and Career,Education & Career,Statewide,6,18,career,12,Medium,Join local club / program inquiry,https://www.bgclubs.org/education-and-career
YP-0497,13,New Castle,career;career_pathway;case_management;college;employment;general_support;homelessness;housing;independent_living;internship;postsecondary;professional_skills,R016,The Warehouse,Teen Center / Engagement,New Castle,13,24,employment,12,Medium,Membership / program enrollment,https://teenwarehouse.org/
YP-0498,16,Kent,career;career_pathway;community;education;employment;general_support;job_training;mentorship;paid_work;positive_adult;postsecondary,R017,Big Brothers Big Sisters of Delaware,Mentorship,Statewide,6,18,mentorship;positive_adult,23,High,Enroll youth / mentor match inquiry,https://bbbsde.org/
YP-0498,16,Kent,career;career_pathway;community;education;employment;general_support;job_training;mentorship;paid_work;positive_adult;postsecondary,R007,Delaware 211,Resource Navigation,Statewide,0,99,education;general_support,23,High,"Call 211, text zip code to 898-211, or use website",https://delaware211.org/
YP-0498,16,Kent,career;career_pathway;community;education;employment;general_support;job_training;mentorship;paid_work;positive_adult;postsecondary,R003,West End Neighborhood House Life Lines,Housing & Case Management,Statewide,16,23,education;employment,23,High,Referral or program inquiry,https://westendnh.org/programs/life-lines/
YP-0498,16,Kent,career;career_pathway;community;education;employment;general_support;job_training;mentorship;paid_work;positive_adult;postsecondary,R001,DSCYF Independent Living Services,Independent Living,Statewide,14,21,mentorship,13,High,Caseworker/DFS referral,https://kids.delaware.gov/family-services/independent-living/
YP-0498,16,Kent,career;career_pathway;community;education;employment;general_support;job_training;mentorship;paid_work;positive_adult;postsecondary,R025,Delaware Department of Labor - Vocational Rehabilitation Transition Services,Disability / Employment,Statewide,14,24,employment,13,High,DVR referral / school referral,https://labor.delaware.gov/divisions/dvr/transition-services/
YP-0499,15,New Castle,career;career_pathway;case_management;education;employment;financial_literacy;general_support;homelessness;housing;independent_living;job_training;life_skills;paid_work;postsecondary;transition_support,R001,DSCYF Independent Living Services,Independent Living,Statewide,14,21,housing;life_skills;transition_support,33,High,Caseworker/DFS referral,https://kids.delaware.gov/family-services/independent-living/
YP-0499,15,New Castle,career;career_pathway;case_management;education;employment;financial_literacy;general_support;homelessness;housing;independent_living;job_training;life_skills;paid_work;postsecondary;transition_support,R007,Delaware 211,Resource Navigation,Statewide,0,99,education;general_support;housing,33,High,"Call 211, text zip code to 898-211, or use website",https://delaware211.org/
YP-0499,15,New Castle,career;career_pathway;case_management;education;employment;financial_literacy;general_support;homelessness;housing;independent_living;job_training;life_skills;paid_work;postsecondary;transition_support,R016,The Warehouse,Teen Center / Engagement,New Castle,13,24,education;employment,22,Medium,Membership / program enrollment,https://teenwarehouse.org/
YP-0499,15,New Castle,career;career_pathway;case_management;education;employment;financial_literacy;general_support;homelessness;housing;independent_living;job_training;life_skills;paid_work;postsecondary;transition_support,R025,Delaware Department of Labor - Vocational Rehabilitation Transition Services,Disability / Employment,Statewide,14,24,employment,13,High,DVR referral / school referral,https://labor.delaware.gov/divisions/dvr/transition-services/
YP-0499,15,New Castle,career;career_pathway;case_management;education;employment;financial_literacy;general_support;homelessness;housing;independent_living;job_training;life_skills;paid_work;postsecondary;transition_support,R018,Boys & Girls Clubs of Delaware - Education and Career,Education & Career,Statewide,6,18,career,12,Medium,Join local club / program inquiry,https://www.bgclubs.org/education-and-career
YP-0500,13,Kent,career;career_pathway;college;employment;general_support;postsecondary;professional_skills;resume,R007,Delaware 211,Resource Navigation,Statewide,0,99,general_support,13,High,"Call 211, text zip code to 898-211, or use website",https://delaware211.org/
YP-0500,13,Kent,career;career_pathway;college;employment;general_support;postsecondary;professional_skills;resume,R018,Boys & Girls Clubs of Delaware - Education and Career,Education & Career,Statewide,6,18,career,12,Medium,Join local club / program inquiry,https://www.bgclubs.org/education-and-career
